DistilBERT Weight,TF-IDF Weight,Accuracy,Precision,Recall,F1,Threshold,Threshold Distance,Weight Balance Distance
0.225,0.775,0.899,0.8937007874015748,0.906187624750499,0.8999008919722498,0.49500000000000016,0.004999999999999838,0.275
0.225,0.775,0.899,0.8952569169960475,0.9041916167664671,0.8997020854021847,0.5000000000000002,2.220446049250313e-16,0.275
0.2,0.8,0.897,0.888671875,0.908183632734531,0.8983218163869694,0.49500000000000016,0.004999999999999838,0.3
0.225,0.775,0.897,0.8901960784313725,0.906187624750499,0.8981206726013847,0.49000000000000016,0.009999999999999842,0.275
0.2,0.8,0.898,0.8997995991983968,0.8962075848303394,0.898,0.5050000000000001,0.0050000000000001155,0.3
0.2,0.8,0.897,0.8948412698412699,0.9001996007984032,0.8975124378109453,0.5000000000000002,2.220446049250313e-16,0.3
0.225,0.775,0.897,0.898,0.8962075848303394,0.8971028971028971,0.5050000000000001,0.0050000000000001155,0.275
0.2,0.8,0.897,0.9012096774193549,0.8922155688622755,0.8966900702106319,0.5100000000000002,0.010000000000000231,0.3
0.25,0.75,0.895,0.8852140077821011,0.908183632734531,0.896551724137931,0.49000000000000016,0.009999999999999842,0.25
0.25,0.75,0.897,0.902834008097166,0.8902195608782435,0.8964824120603015,0.5050000000000001,0.0050000000000001155,0.25
0.2,0.8,0.897,0.902834008097166,0.8902195608782435,0.8964824120603015,0.5150000000000001,0.015000000000000124,0.3
0.17500000000000002,0.825,0.896,0.8946322067594433,0.8982035928143712,0.896414342629482,0.5050000000000001,0.0050000000000001155,0.32499999999999996
0.2,0.8,0.894,0.883495145631068,0.908183632734531,0.8956692913385826,0.49000000000000016,0.009999999999999842,0.3
0.25,0.75,0.895,0.8944223107569721,0.8962075848303394,0.8953140578265204,0.5000000000000002,2.220446049250313e-16,0.25
0.17500000000000002,0.825,0.894,0.888015717092338,0.9021956087824351,0.8950495049504951,0.5000000000000002,2.220446049250313e-16,0.32499999999999996
0.225,0.775,0.896,0.9059304703476483,0.8842315369261478,0.8949494949494949,0.5150000000000001,0.015000000000000124,0.275
0.25,0.75,0.894,0.8895463510848126,0.9001996007984032,0.8948412698412699,0.49500000000000016,0.004999999999999838,0.25
0.25,0.75,0.893,0.8817829457364341,0.908183632734531,0.8947885939036382,0.48500000000000015,0.014999999999999847,0.25
0.225,0.775,0.893,0.8817829457364341,0.908183632734531,0.8947885939036382,0.48500000000000015,0.014999999999999847,0.275
0.17500000000000002,0.825,0.896,0.9075975359342916,0.8822355289421158,0.8947368421052632,0.5150000000000001,0.015000000000000124,0.32499999999999996
0.2,0.8,0.896,0.9075975359342916,0.8822355289421158,0.8947368421052632,0.5200000000000002,0.02000000000000024,0.3
0.17500000000000002,0.825,0.895,0.8991935483870968,0.8902195608782435,0.8946840521564694,0.5100000000000002,0.010000000000000231,0.32499999999999996
0.225,0.775,0.895,0.9008097165991903,0.8882235528942116,0.8944723618090452,0.5100000000000002,0.010000000000000231,0.275
0.17500000000000002,0.825,0.896,0.9109730848861284,0.8782435129740519,0.8943089430894309,0.5200000000000002,0.02000000000000024,0.32499999999999996
0.17500000000000002,0.825,0.892,0.8815533980582524,0.906187624750499,0.8937007874015748,0.49500000000000016,0.004999999999999838,0.32499999999999996
0.2,0.8,0.891,0.8754789272030651,0.9121756487025948,0.8934506353861192,0.48000000000000015,0.01999999999999985,0.3
0.17500000000000002,0.825,0.891,0.8769230769230769,0.9101796407185628,0.8932419196865817,0.49000000000000016,0.009999999999999842,0.32499999999999996
0.2,0.8,0.891,0.8769230769230769,0.9101796407185628,0.8932419196865817,0.48500000000000015,0.014999999999999847,0.3
0.15000000000000002,0.85,0.89,0.8695652173913043,0.9181636726546906,0.8932038834951457,0.48000000000000015,0.01999999999999985,0.35
0.15000000000000002,0.85,0.892,0.8860510805500982,0.9001996007984032,0.8930693069306931,0.5000000000000002,2.220446049250313e-16,0.35
0.17500000000000002,0.825,0.89,0.8709677419354839,0.9161676646706587,0.8929961089494164,0.47500000000000014,0.024999999999999856,0.32499999999999996
0.15000000000000002,0.85,0.889,0.8665413533834586,0.9201596806387226,0.8925459825750242,0.47500000000000014,0.024999999999999856,0.35
0.15000000000000002,0.85,0.889,0.8665413533834586,0.9201596806387226,0.8925459825750242,0.47000000000000014,0.02999999999999986,0.35
0.15000000000000002,0.85,0.894,0.9072164948453608,0.8782435129740519,0.8924949290060852,0.5200000000000002,0.02000000000000024,0.35
0.275,0.725,0.893,0.8987854251012146,0.8862275449101796,0.892462311557789,0.5050000000000001,0.0050000000000001155,0.22499999999999998
0.125,0.875,0.89,0.8752399232245681,0.9101796407185628,0.8923679060665362,0.49000000000000016,0.009999999999999842,0.375
0.125,0.875,0.889,0.8679245283018868,0.9181636726546906,0.8923375363724539,0.47500000000000014,0.024999999999999856,0.375
0.17500000000000002,0.825,0.894,0.9106029106029107,0.874251497005988,0.8920570264765784,0.5250000000000001,0.025000000000000133,0.32499999999999996
0.25,0.75,0.893,0.9020408163265307,0.8822355289421158,0.8920282542885973,0.5100000000000002,0.010000000000000231,0.25
0.275,0.725,0.891,0.8858267716535433,0.8982035928143712,0.8919722497522299,0.49500000000000016,0.004999999999999838,0.22499999999999998
0.125,0.875,0.889,0.870722433460076,0.9141716566866267,0.8919182083739046,0.48500000000000015,0.014999999999999847,0.375
0.25,0.75,0.889,0.870722433460076,0.9141716566866267,0.8919182083739046,0.47500000000000014,0.024999999999999856,0.25
0.2,0.8,0.894,0.9123173277661796,0.872255489021956,0.8918367346938776,0.5250000000000001,0.025000000000000133,0.3
0.275,0.725,0.893,0.9036885245901639,0.8802395209580839,0.8918099089989889,0.5100000000000002,0.010000000000000231,0.22499999999999998
0.25,0.75,0.893,0.9036885245901639,0.8802395209580839,0.8918099089989889,0.5150000000000001,0.015000000000000124,0.25
0.225,0.775,0.889,0.8721374045801527,0.9121756487025948,0.8917073170731707,0.48000000000000015,0.01999999999999985,0.275
0.17500000000000002,0.825,0.889,0.8721374045801527,0.9121756487025948,0.8917073170731707,0.48000000000000015,0.01999999999999985,0.32499999999999996
0.2,0.8,0.889,0.8721374045801527,0.9121756487025948,0.8917073170731707,0.47500000000000014,0.024999999999999856,0.3
0.125,0.875,0.888,0.8649155722326454,0.9201596806387226,0.8916827852998066,0.47000000000000014,0.02999999999999986,0.375
0.17500000000000002,0.825,0.887,0.8579335793357934,0.9281437125748503,0.8916586768935763,0.4550000000000001,0.04499999999999987,0.32499999999999996
0.17500000000000002,0.825,0.894,0.9140461215932913,0.8702594810379242,0.8916155419222904,0.5300000000000002,0.03000000000000025,0.32499999999999996
0.17500000000000002,0.825,0.889,0.8735632183908046,0.9101796407185628,0.8914956011730205,0.48500000000000015,0.014999999999999847,0.32499999999999996
0.25,0.75,0.889,0.8735632183908046,0.9101796407185628,0.8914956011730205,0.48000000000000015,0.01999999999999985,0.25
0.275,0.725,0.888,0.8662900188323918,0.9181636726546906,0.8914728682170543,0.47000000000000014,0.02999999999999986,0.22499999999999998
0.275,0.725,0.893,0.9070247933884298,0.8762475049900199,0.8913705583756345,0.5150000000000001,0.015000000000000124,0.22499999999999998
0.225,0.775,0.893,0.9070247933884298,0.8762475049900199,0.8913705583756345,0.5200000000000002,0.02000000000000024,0.275
0.15000000000000002,0.85,0.893,0.9070247933884298,0.8762475049900199,0.8913705583756345,0.5250000000000001,0.025000000000000133,0.35
0.17500000000000002,0.825,0.888,0.8676748582230623,0.9161676646706587,0.8912621359223301,0.47000000000000014,0.02999999999999986,0.32499999999999996
0.2,0.8,0.894,0.9175475687103594,0.8662674650698603,0.891170431211499,0.5300000000000002,0.03000000000000025,0.3
0.25,0.75,0.893,0.9087136929460581,0.874251497005988,0.8911495422177009,0.5200000000000002,0.02000000000000024,0.25
0.15000000000000002,0.85,0.891,0.892,0.8902195608782435,0.8911088911088911,0.5050000000000001,0.0050000000000001155,0.35
0.275,0.725,0.887,0.8619402985074627,0.9221556886227545,0.8910318225650916,0.46500000000000014,0.034999999999999865,0.22499999999999998
0.225,0.775,0.893,0.9104166666666667,0.872255489021956,0.890927624872579,0.5250000000000001,0.025000000000000133,0.275
0.17500000000000002,0.825,0.887,0.8632958801498127,0.9201596806387226,0.8908212560386474,0.46500000000000014,0.034999999999999865,0.32499999999999996
0.15000000000000002,0.85,0.892,0.9034907597535934,0.8782435129740519,0.8906882591093117,0.5150000000000001,0.015000000000000124,0.35
0.275,0.725,0.888,0.8718929254302104,0.9101796407185628,0.890625,0.48000000000000015,0.01999999999999985,0.22499999999999998
0.1,0.9,0.888,0.8718929254302104,0.9101796407185628,0.890625,0.48000000000000015,0.01999999999999985,0.4
0.2,0.8,0.887,0.8646616541353384,0.9181636726546906,0.8906098741529526,0.46500000000000014,0.034999999999999865,0.3
0.15000000000000002,0.85,0.893,0.9138655462184874,0.8682634730538922,0.8904810644831116,0.5350000000000001,0.03500000000000014,0.35
0.125,0.875,0.892,0.9051546391752577,0.8762475049900199,0.8904665314401623,0.5250000000000001,0.025000000000000133,0.375
0.15000000000000002,0.85,0.888,0.8733205374280231,0.908183632734531,0.8904109589041096,0.48500000000000015,0.014999999999999847,0.35
0.1,0.9,0.888,0.8733205374280231,0.908183632734531,0.8904109589041096,0.48500000000000015,0.014999999999999847,0.4
0.2,0.8,0.886,0.8589981447124304,0.9241516966067864,0.8903846153846153,0.46000000000000013,0.03999999999999987,0.3
0.275,0.725,0.892,0.906832298136646,0.874251497005988,0.8902439024390244,0.5200000000000002,0.02000000000000024,0.22499999999999998
0.15000000000000002,0.85,0.891,0.8983739837398373,0.8822355289421158,0.8902316213494461,0.5100000000000002,0.010000000000000231,0.35
0.275,0.725,0.89,0.8902195608782435,0.8902195608782435,0.8902195608782435,0.5000000000000002,2.220446049250313e-16,0.22499999999999998
0.15000000000000002,0.85,0.888,0.8747591522157996,0.906187624750499,0.8901960784313725,0.49000000000000016,0.009999999999999842,0.35
0.125,0.875,0.887,0.8674242424242424,0.9141716566866267,0.8901846452866861,0.48000000000000015,0.01999999999999985,0.375
0.275,0.725,0.887,0.8674242424242424,0.9141716566866267,0.8901846452866861,0.47500000000000014,0.024999999999999856,0.22499999999999998
0.225,0.775,0.886,0.8603351955307262,0.9221556886227545,0.8901734104046243,0.46500000000000014,0.034999999999999865,0.275
0.2,0.8,0.885,0.8534798534798534,0.9301397205588823,0.8901623686723973,0.4550000000000001,0.04499999999999987,0.3
0.15000000000000002,0.85,0.892,0.9085239085239085,0.872255489021956,0.890020366598778,0.5300000000000002,0.03000000000000025,0.35
0.15000000000000002,0.85,0.888,0.8762088974854932,0.9041916167664671,0.8899803536345776,0.49500000000000016,0.004999999999999838,0.35
0.15000000000000002,0.85,0.886,0.8616822429906542,0.9201596806387226,0.88996138996139,0.46500000000000014,0.034999999999999865,0.35
0.125,0.875,0.889,0.8853754940711462,0.8942115768463074,0.8897715988083416,0.5000000000000002,2.220446049250313e-16,0.375
0.30000000000000004,0.7,0.886,0.8630393996247655,0.9181636726546906,0.8897485493230174,0.46500000000000014,0.034999999999999865,0.19999999999999996
0.25,0.75,0.892,0.9119496855345912,0.8682634730538922,0.8895705521472392,0.5250000000000001,0.025000000000000133,0.25
0.225,0.775,0.886,0.864406779661017,0.9161676646706587,0.8895348837209303,0.47000000000000014,0.02999999999999986,0.275
0.2,0.8,0.886,0.864406779661017,0.9161676646706587,0.8895348837209303,0.47000000000000014,0.02999999999999986,0.3
0.225,0.775,0.885,0.8574074074074074,0.9241516966067864,0.8895292987512008,0.46000000000000013,0.03999999999999987,0.275
0.17500000000000002,0.825,0.885,0.8574074074074074,0.9241516966067864,0.8895292987512008,0.46000000000000013,0.03999999999999987,0.32499999999999996
0.15000000000000002,0.85,0.884,0.8519195612431444,0.9301397205588823,0.8893129770992366,0.4500000000000001,0.04999999999999988,0.35
0.225,0.775,0.892,0.9154334038054969,0.8642714570858283,0.8891170431211499,0.5300000000000002,0.03000000000000025,0.275
0.17500000000000002,0.825,0.892,0.9154334038054969,0.8642714570858283,0.8891170431211499,0.5350000000000001,0.03500000000000014,0.32499999999999996
0.275,0.725,0.887,0.8745173745173745,0.9041916167664671,0.8891069676153092,0.48500000000000015,0.014999999999999847,0.22499999999999998
0.225,0.775,0.886,0.8671726755218216,0.9121756487025948,0.8891050583657587,0.47500000000000014,0.024999999999999856,0.275
0.15000000000000002,0.85,0.892,0.9171974522292994,0.8622754491017964,0.8888888888888888,0.5400000000000003,0.04000000000000026,0.35
0.125,0.875,0.89,0.8997955010224948,0.8782435129740519,0.8888888888888888,0.5200000000000002,0.02000000000000024,0.375
0.1,0.9,0.884,0.8558225508317929,0.9241516966067864,0.8886756238003839,0.46500000000000014,0.034999999999999865,0.4
0.15000000000000002,0.85,0.884,0.8558225508317929,0.9241516966067864,0.8886756238003839,0.4550000000000001,0.04499999999999987,0.35
0.30000000000000004,0.7,0.885,0.8627819548872181,0.9161676646706587,0.888673765730881,0.47000000000000014,0.02999999999999986,0.19999999999999996
0.25,0.75,0.885,0.8627819548872181,0.9161676646706587,0.888673765730881,0.47000000000000014,0.02999999999999986,0.25
0.30000000000000004,0.7,0.886,0.869980879541109,0.908183632734531,0.888671875,0.48000000000000015,0.01999999999999985,0.19999999999999996
0.275,0.725,0.887,0.877431906614786,0.9001996007984032,0.8886699507389163,0.49000000000000016,0.009999999999999842,0.22499999999999998
0.2,0.8,0.892,0.9189765458422174,0.8602794411177644,0.8886597938144329,0.5350000000000001,0.03500000000000014,0.3
0.125,0.875,0.884,0.8571428571428571,0.9221556886227545,0.8884615384615384,0.46500000000000014,0.034999999999999865,0.375
0.17500000000000002,0.825,0.892,0.9207708779443254,0.8582834331337326,0.8884297520661157,0.5450000000000002,0.04500000000000015,0.32499999999999996
0.1,0.9,0.883,0.8516483516483516,0.9281437125748503,0.8882521489971347,0.46000000000000013,0.03999999999999987,0.4
0.15000000000000002,0.85,0.884,0.8584729981378026,0.9201596806387226,0.8882466281310212,0.46000000000000013,0.03999999999999987,0.35
0.30000000000000004,0.7,0.885,0.865530303030303,0.9121756487025948,0.8882410106899903,0.47500000000000014,0.024999999999999856,0.19999999999999996
0.30000000000000004,0.7,0.89,0.9047619047619048,0.872255489021956,0.8882113821138211,0.5200000000000002,0.02000000000000024,0.19999999999999996
0.15000000000000002,0.85,0.882,0.8462929475587704,0.9341317365269461,0.888045540796964,0.4450000000000001,0.05499999999999988,0.35
0.07500000000000001,0.925,0.883,0.8529411764705882,0.9261477045908184,0.8880382775119617,0.46000000000000013,0.03999999999999987,0.425
0.225,0.775,0.883,0.8529411764705882,0.9261477045908184,0.8880382775119617,0.4550000000000001,0.04499999999999987,0.275
0.275,0.725,0.89,0.9064449064449065,0.8702594810379242,0.8879837067209776,0.5250000000000001,0.025000000000000133,0.22499999999999998
0.1,0.9,0.882,0.8475499092558983,0.9321357285429142,0.8878326996197718,0.4500000000000001,0.04999999999999988,0.4
0.30000000000000004,0.7,0.889,0.8995901639344263,0.8762475049900199,0.8877654196157735,0.5150000000000001,0.015000000000000124,0.19999999999999996
0.2,0.8,0.882,0.848816029143898,0.9301397205588823,0.8876190476190476,0.4500000000000001,0.04999999999999988,0.3
0.125,0.875,0.882,0.848816029143898,0.9301397205588823,0.8876190476190476,0.4500000000000001,0.04999999999999988,0.375
0.07500000000000001,0.925,0.883,0.8555555555555555,0.9221556886227545,0.8876080691642652,0.46500000000000014,0.034999999999999865,0.425
0.275,0.725,0.883,0.8555555555555555,0.9221556886227545,0.8876080691642652,0.46000000000000013,0.03999999999999987,0.22499999999999998
0.25,0.75,0.883,0.8555555555555555,0.9221556886227545,0.8876080691642652,0.46000000000000013,0.03999999999999987,0.25
0.125,0.875,0.886,0.8771929824561403,0.8982035928143712,0.8875739644970414,0.49500000000000016,0.004999999999999838,0.375
0.17500000000000002,0.825,0.891,0.9188034188034188,0.8582834331337326,0.8875128998968008,0.5400000000000003,0.04000000000000026,0.32499999999999996
0.225,0.775,0.882,0.850091407678245,0.9281437125748503,0.8874045801526718,0.4500000000000001,0.04999999999999988,0.275
0.17500000000000002,0.825,0.882,0.850091407678245,0.9281437125748503,0.8874045801526718,0.4500000000000001,0.04999999999999988,0.32499999999999996
0.25,0.75,0.883,0.8568773234200744,0.9201596806387226,0.8873917228103946,0.46500000000000014,0.034999999999999865,0.25
0.25,0.75,0.89,0.911578947368421,0.8642714570858283,0.8872950819672131,0.5300000000000002,0.03000000000000025,0.25
0.125,0.875,0.882,0.8513761467889909,0.9261477045908184,0.887189292543021,0.4550000000000001,0.04499999999999987,0.375
0.1,0.9,0.883,0.8582089552238806,0.9181636726546906,0.8871745419479267,0.47000000000000014,0.02999999999999986,0.4
0.30000000000000004,0.7,0.885,0.8725868725868726,0.9021956087824351,0.887144259077527,0.48500000000000015,0.014999999999999847,0.19999999999999996
0.1,0.9,0.886,0.8801571709233792,0.8942115768463074,0.8871287128712871,0.49500000000000016,0.004999999999999838,0.4
0.125,0.875,0.888,0.8961303462321792,0.8782435129740519,0.8870967741935484,0.5150000000000001,0.015000000000000124,0.375
0.30000000000000004,0.7,0.889,0.9045643153526971,0.8702594810379242,0.8870803662258393,0.5250000000000001,0.025000000000000133,0.19999999999999996
0.275,0.725,0.882,0.852670349907919,0.9241516966067864,0.8869731800766284,0.4550000000000001,0.04499999999999987,0.22499999999999998
0.1,0.9,0.883,0.8595505617977528,0.9161676646706587,0.8869565217391304,0.47500000000000014,0.024999999999999856,0.4
0.07500000000000001,0.925,0.883,0.8595505617977528,0.9161676646706587,0.8869565217391304,0.47000000000000014,0.02999999999999986,0.425
0.325,0.675,0.884,0.8666666666666667,0.908183632734531,0.8869395711500975,0.47500000000000014,0.024999999999999856,0.175
0.1,0.9,0.885,0.874031007751938,0.9001996007984032,0.8869223205506391,0.49000000000000016,0.009999999999999842,0.4
0.125,0.875,0.889,0.90625,0.8682634730538922,0.8868501529051988,0.5300000000000002,0.03000000000000025,0.375
0.2,0.8,0.881,0.8472727272727273,0.9301397205588823,0.8867745004757374,0.4450000000000001,0.05499999999999988,0.3
0.125,0.875,0.882,0.8539741219963032,0.9221556886227545,0.8867562380038387,0.46000000000000013,0.03999999999999987,0.375
0.1,0.9,0.886,0.8831683168316832,0.8902195608782435,0.8866799204771372,0.5000000000000002,2.220446049250313e-16,0.4
0.125,0.875,0.889,0.9079497907949791,0.8662674650698603,0.8866189989785496,0.5350000000000001,0.03500000000000014,0.375
0.125,0.875,0.88,0.8420107719928187,0.936127744510978,0.8865784499054821,0.4400000000000001,0.05999999999999989,0.375
0.15000000000000002,0.85,0.879,0.8368794326241135,0.9421157684630739,0.8863849765258216,0.4400000000000001,0.05999999999999989,0.35
0.07500000000000001,0.925,0.885,0.8784313725490196,0.8942115768463074,0.8862512363996043,0.49500000000000016,0.004999999999999838,0.425
0.30000000000000004,0.7,0.887,0.8943089430894309,0.8782435129740519,0.8862034239677744,0.5100000000000002,0.010000000000000231,0.19999999999999996
0.125,0.875,0.88,0.8444846292947559,0.9321357285429142,0.8861480075901328,0.4450000000000001,0.05499999999999988,0.375
0.25,0.75,0.881,0.8511029411764706,0.9241516966067864,0.8861244019138756,0.4550000000000001,0.04499999999999987,0.25
0.1,0.9,0.878,0.8330404217926186,0.9461077844311377,0.8859813084112149,0.4350000000000001,0.06499999999999989,0.4
0.07500000000000001,0.925,0.88,0.8457350272232305,0.9301397205588823,0.8859315589353612,0.4550000000000001,0.04499999999999987,0.425
0.225,0.775,0.88,0.8457350272232305,0.9301397205588823,0.8859315589353612,0.4450000000000001,0.05499999999999988,0.275
0.30000000000000004,0.7,0.881,0.8523985239852399,0.9221556886227545,0.8859060402684564,0.4550000000000001,0.04499999999999987,0.19999999999999996
0.325,0.675,0.885,0.8814229249011858,0.8902195608782435,0.8857994041708044,0.49500000000000016,0.004999999999999838,0.175
0.125,0.875,0.886,0.8893360160965795,0.8822355289421158,0.8857715430861723,0.5050000000000001,0.0050000000000001155,0.375
0.1,0.9,0.88,0.8469945355191257,0.9281437125748503,0.8857142857142857,0.4550000000000001,0.04499999999999987,0.4
0.05,0.95,0.88,0.8469945355191257,0.9281437125748503,0.8857142857142857,0.4550000000000001,0.04499999999999987,0.45
0.07500000000000001,0.925,0.882,0.8606403013182674,0.9121756487025948,0.8856589147286822,0.47500000000000014,0.024999999999999856,0.425
0.15000000000000002,0.85,0.89,0.9240780911062907,0.8502994011976048,0.8856548856548857,0.5500000000000003,0.050000000000000266,0.35
0.325,0.675,0.883,0.867816091954023,0.9041916167664671,0.8856304985337243,0.48000000000000015,0.01999999999999985,0.175
0.07500000000000001,0.925,0.884,0.8752436647173489,0.8962075848303394,0.8856015779092702,0.49000000000000016,0.009999999999999842,0.425
0.30000000000000004,0.7,0.886,0.8909090909090909,0.8802395209580839,0.8855421686746988,0.5050000000000001,0.0050000000000001155,0.19999999999999996
0.125,0.875,0.886,0.8909090909090909,0.8802395209580839,0.8855421686746988,0.5100000000000002,0.010000000000000231,0.375
0.1,0.9,0.886,0.8909090909090909,0.8802395209580839,0.8855421686746988,0.5150000000000001,0.015000000000000124,0.4
0.30000000000000004,0.7,0.881,0.8550185873605948,0.9181636726546906,0.8854667949951877,0.46000000000000013,0.03999999999999987,0.19999999999999996
0.225,0.775,0.889,0.9166666666666666,0.8562874251497006,0.8854489164086687,0.5350000000000001,0.03500000000000014,0.275
0.05,0.95,0.879,0.8429602888086642,0.9321357285429142,0.885308056872038,0.4500000000000001,0.04999999999999988,0.45
0.25,0.75,0.879,0.8429602888086642,0.9321357285429142,0.885308056872038,0.4450000000000001,0.05499999999999988,0.25
0.1,0.9,0.879,0.8429602888086642,0.9321357285429142,0.885308056872038,0.4450000000000001,0.05499999999999988,0.4
0.275,0.725,0.888,0.9094736842105263,0.8622754491017964,0.8852459016393442,0.5300000000000002,0.03000000000000025,0.22499999999999998
0.1,0.9,0.885,0.886,0.8842315369261478,0.8851148851148851,0.5100000000000002,0.010000000000000231,0.4
0.17500000000000002,0.825,0.879,0.8442028985507246,0.9301397205588823,0.8850902184235517,0.4450000000000001,0.05499999999999988,0.32499999999999996
0.2,0.8,0.889,0.9202586206896551,0.8522954091816367,0.8849740932642487,0.5400000000000003,0.04000000000000026,0.3
0.2,0.8,0.877,0.8327464788732394,0.9441117764471058,0.8849391955098223,0.4300000000000001,0.0699999999999999,0.3
0.07500000000000001,0.925,0.884,0.8796844181459567,0.8902195608782435,0.8849206349206349,0.5000000000000002,2.220446049250313e-16,0.425
0.30000000000000004,0.7,0.884,0.8796844181459567,0.8902195608782435,0.8849206349206349,0.49500000000000016,0.004999999999999838,0.19999999999999996
0.225,0.775,0.878,0.8389982110912343,0.936127744510978,0.8849056603773585,0.4400000000000001,0.05999999999999989,0.275
0.07500000000000001,0.925,0.882,0.8661567877629063,0.9041916167664671,0.884765625,0.48000000000000015,0.01999999999999985,0.425
0.30000000000000004,0.7,0.879,0.8467153284671532,0.9261477045908184,0.8846520495710201,0.4500000000000001,0.04999999999999988,0.19999999999999996
0.05,0.95,0.88,0.8534322820037106,0.9181636726546906,0.8846153846153846,0.46500000000000014,0.034999999999999865,0.45
0.17500000000000002,0.825,0.876,0.8289703315881326,0.9481037924151696,0.8845437616387337,0.4300000000000001,0.0699999999999999,0.32499999999999996
0.17500000000000002,0.825,0.877,0.8351063829787234,0.9401197604790419,0.8845070422535212,0.4350000000000001,0.06499999999999989,0.32499999999999996
0.25,0.75,0.877,0.8351063829787234,0.9401197604790419,0.8845070422535212,0.4300000000000001,0.0699999999999999,0.25
0.30000000000000004,0.7,0.883,0.875,0.8942115768463074,0.8845014807502468,0.49000000000000016,0.009999999999999842,0.19999999999999996
0.07500000000000001,0.925,0.878,0.8414414414414414,0.9321357285429142,0.884469696969697,0.4500000000000001,0.04999999999999988,0.425
0.325,0.675,0.884,0.882703777335984,0.8862275449101796,0.8844621513944223,0.5000000000000002,2.220446049250313e-16,0.175
0.1,0.9,0.884,0.882703777335984,0.8862275449101796,0.8844621513944223,0.5050000000000001,0.0050000000000001155,0.4
0.125,0.875,0.887,0.907563025210084,0.8622754491017964,0.8843398157625384,0.5400000000000003,0.04000000000000026,0.375
0.15000000000000002,0.85,0.876,0.830122591943958,0.9461077844311377,0.8843283582089553,0.4300000000000001,0.0699999999999999,0.35
0.325,0.675,0.882,0.8689788053949904,0.9001996007984032,0.884313725490196,0.48500000000000015,0.014999999999999847,0.175
0.15000000000000002,0.85,0.888,0.9164882226980728,0.8542914171656687,0.8842975206611571,0.5450000000000002,0.04500000000000015,0.35
0.17500000000000002,0.825,0.877,0.8362989323843416,0.93812375249501,0.8842897460018815,0.4400000000000001,0.05999999999999989,0.32499999999999996
0.225,0.775,0.876,0.8312829525483304,0.9441117764471058,0.8841121495327103,0.4300000000000001,0.0699999999999999,0.275
0.07500000000000001,0.925,0.877,0.8375,0.936127744510978,0.884071630537229,0.4450000000000001,0.05499999999999988,0.425
0.275,0.725,0.878,0.8439201451905626,0.9281437125748503,0.8840304182509505,0.4450000000000001,0.05499999999999988,0.22499999999999998
0.325,0.675,0.88,0.8574108818011257,0.9121756487025948,0.8839458413926499,0.46500000000000014,0.034999999999999865,0.175
0.275,0.725,0.887,0.9110169491525424,0.8582834331337326,0.8838643371017472,0.5350000000000001,0.03500000000000014,0.22499999999999998
0.25,0.75,0.877,0.8387096774193549,0.9341317365269461,0.8838526912181303,0.4400000000000001,0.05999999999999989,0.25
0.1,0.9,0.877,0.8387096774193549,0.9341317365269461,0.8838526912181303,0.4400000000000001,0.05999999999999989,0.4
0.25,0.75,0.877,0.8387096774193549,0.9341317365269461,0.8838526912181303,0.4350000000000001,0.06499999999999989,0.25
0.275,0.725,0.878,0.8451730418943534,0.9261477045908184,0.8838095238095238,0.4500000000000001,0.04999999999999988,0.22499999999999998
0.25,0.75,0.878,0.8451730418943534,0.9261477045908184,0.8838095238095238,0.4500000000000001,0.04999999999999988,0.25
0.07500000000000001,0.925,0.884,0.8873239436619719,0.8802395209580839,0.8837675350701403,0.5150000000000001,0.015000000000000124,0.425
0.125,0.875,0.875,0.8275261324041812,0.9481037924151696,0.8837209302325582,0.4300000000000001,0.0699999999999999,0.375
0.1,0.9,0.875,0.8275261324041812,0.9481037924151696,0.8837209302325582,0.4300000000000001,0.0699999999999999,0.4
0.125,0.875,0.876,0.8336283185840708,0.9401197604790419,0.8836772983114447,0.4350000000000001,0.06499999999999989,0.375
0.05,0.95,0.881,0.8659003831417624,0.9021956087824351,0.8836754643206256,0.48500000000000015,0.014999999999999847,0.45
0.25,0.75,0.875,0.8286713286713286,0.9461077844311377,0.8835041938490215,0.4250000000000001,0.0749999999999999,0.25
0.325,0.675,0.876,0.8348134991119005,0.93812375249501,0.8834586466165414,0.4200000000000001,0.0799999999999999,0.175
0.07500000000000001,0.925,0.881,0.8673076923076923,0.9001996007984032,0.8834476003917727,0.48500000000000015,0.014999999999999847,0.425
0.35000000000000003,0.6499999999999999,0.882,0.8747553816046967,0.8922155688622755,0.883399209486166,0.49500000000000016,0.004999999999999838,0.14999999999999997
0.25,0.75,0.887,0.9145299145299145,0.8542914171656687,0.8833849329205367,0.5350000000000001,0.03500000000000014,0.25
0.125,0.875,0.887,0.9145299145299145,0.8542914171656687,0.8833849329205367,0.5450000000000002,0.04500000000000015,0.375
0.05,0.95,0.878,0.8477064220183487,0.9221556886227545,0.8833652007648184,0.46000000000000013,0.03999999999999987,0.45
0.1,0.9,0.874,0.8238341968911918,0.9520958083832335,0.8833333333333333,0.4250000000000001,0.0749999999999999,0.4
0.325,0.675,0.886,0.9073684210526316,0.8602794411177644,0.8831967213114754,0.5300000000000002,0.03000000000000025,0.175
0.30000000000000004,0.7,0.877,0.842391304347826,0.9281437125748503,0.8831908831908832,0.4450000000000001,0.05499999999999988,0.19999999999999996
0.30000000000000004,0.7,0.883,0.884,0.8822355289421158,0.8831168831168831,0.5000000000000002,2.220446049250313e-16,0.19999999999999996
0.07500000000000001,0.925,0.883,0.884,0.8822355289421158,0.8831168831168831,0.5100000000000002,0.010000000000000231,0.425
0.15000000000000002,0.85,0.888,0.925601750547046,0.844311377245509,0.8830897703549061,0.5550000000000002,0.05500000000000016,0.35
0.15000000000000002,0.85,0.875,0.8309859154929577,0.9421157684630739,0.883068288119738,0.4350000000000001,0.06499999999999989,0.35
0.1,0.9,0.884,0.8920570264765784,0.874251497005988,0.8830645161290323,0.5200000000000002,0.02000000000000024,0.4
0.2,0.8,0.876,0.8372093023255814,0.9341317365269461,0.8830188679245283,0.4400000000000001,0.05999999999999989,0.3
0.35000000000000003,0.6499999999999999,0.876,0.8372093023255814,0.9341317365269461,0.8830188679245283,0.4250000000000001,0.0749999999999999,0.14999999999999997
0.325,0.675,0.876,0.8372093023255814,0.9341317365269461,0.8830188679245283,0.4250000000000001,0.0749999999999999,0.175
0.325,0.675,0.877,0.8436363636363636,0.9261477045908184,0.8829686013320647,0.4450000000000001,0.05499999999999988,0.175
0.35000000000000003,0.6499999999999999,0.882,0.8777120315581854,0.8882235528942116,0.8829365079365079,0.5000000000000002,2.220446049250313e-16,0.14999999999999997
0.17500000000000002,0.825,0.874,0.8260869565217391,0.9481037924151696,0.8828996282527881,0.4250000000000001,0.0749999999999999,0.32499999999999996
0.15000000000000002,0.85,0.874,0.8260869565217391,0.9481037924151696,0.8828996282527881,0.4250000000000001,0.0749999999999999,0.35
0.325,0.675,0.883,0.8855421686746988,0.8802395209580839,0.8828828828828829,0.5050000000000001,0.0050000000000001155,0.175
0.05,0.95,0.879,0.8571428571428571,0.9101796407185628,0.882865440464666,0.47000000000000014,0.02999999999999986,0.45
0.2,0.8,0.875,0.8321554770318021,0.9401197604790419,0.8828491096532334,0.4350000000000001,0.06499999999999989,0.3
0.30000000000000004,0.7,0.875,0.8321554770318021,0.9401197604790419,0.8828491096532334,0.4200000000000001,0.0799999999999999,0.19999999999999996
0.1,0.9,0.884,0.8936605316973415,0.872255489021956,0.8828282828282829,0.5250000000000001,0.025000000000000133,0.4
0.325,0.675,0.876,0.8384201077199281,0.9321357285429142,0.8827977315689981,0.4350000000000001,0.06499999999999989,0.175
0.25,0.75,0.874,0.8272251308900523,0.9461077844311377,0.88268156424581,0.4200000000000001,0.0799999999999999,0.25
0.225,0.775,0.887,0.9199134199134199,0.8483033932135728,0.8826583592938733,0.5400000000000003,0.04000000000000026,0.275
0.225,0.775,0.887,0.9199134199134199,0.8483033932135728,0.8826583592938733,0.5450000000000002,0.04500000000000015,0.275
0.2,0.8,0.887,0.9199134199134199,0.8483033932135728,0.8826583592938733,0.5450000000000002,0.04500000000000015,0.3
0.325,0.675,0.879,0.8584905660377359,0.908183632734531,0.8826382153249273,0.47000000000000014,0.02999999999999986,0.175
0.07500000000000001,0.925,0.875,0.8333333333333334,0.93812375249501,0.8826291079812206,0.4400000000000001,0.05999999999999989,0.425
0.225,0.775,0.875,0.8333333333333334,0.93812375249501,0.8826291079812206,0.4350000000000001,0.06499999999999989,0.275
0.325,0.675,0.884,0.8952772073921971,0.8702594810379242,0.8825910931174089,0.5200000000000002,0.02000000000000024,0.175
0.275,0.725,0.876,0.8396396396396396,0.9301397205588823,0.8825757575757576,0.4400000000000001,0.05999999999999989,0.22499999999999998
0.1,0.9,0.885,0.9037656903765691,0.8622754491017964,0.8825331971399387,0.5350000000000001,0.03500000000000014,0.4
0.07500000000000001,0.925,0.882,0.8807157057654076,0.8842315369261478,0.8824701195219123,0.5050000000000001,0.0050000000000001155,0.425
0.05,0.95,0.879,0.8598484848484849,0.906187624750499,0.8824101068999028,0.47500000000000014,0.024999999999999856,0.45
0.05,0.95,0.88,0.8670520231213873,0.8982035928143712,0.8823529411764706,0.49000000000000016,0.009999999999999842,0.45
0.35000000000000003,0.6499999999999999,0.876,0.840867992766727,0.9281437125748503,0.8823529411764706,0.4350000000000001,0.06499999999999989,0.14999999999999997
0.17500000000000002,0.825,0.873,0.8235294117647058,0.9500998003992016,0.8822984244670992,0.4200000000000001,0.0799999999999999,0.32499999999999996
0.35000000000000003,0.6499999999999999,0.877,0.8474264705882353,0.9201596806387226,0.8822966507177034,0.4450000000000001,0.05499999999999988,0.14999999999999997
0.30000000000000004,0.7,0.885,0.9054621848739496,0.8602794411177644,0.8822927328556807,0.5300000000000002,0.03000000000000025,0.19999999999999996
0.07500000000000001,0.925,0.874,0.8295254833040422,0.9421157684630739,0.8822429906542056,0.4350000000000001,0.06499999999999989,0.425
0.30000000000000004,0.7,0.874,0.8295254833040422,0.9421157684630739,0.8822429906542056,0.4150000000000001,0.08499999999999991,0.19999999999999996
0.325,0.675,0.878,0.8542056074766355,0.9121756487025948,0.8822393822393823,0.46000000000000013,0.03999999999999987,0.175
0.275,0.725,0.875,0.8357142857142857,0.9341317365269461,0.882186616399623,0.4350000000000001,0.06499999999999989,0.22499999999999998
0.05,0.95,0.879,0.8612167300380228,0.9041916167664671,0.8821811100292113,0.48000000000000015,0.01999999999999985,0.45
0.025,0.975,0.879,0.8612167300380228,0.9041916167664671,0.8821811100292113,0.48000000000000015,0.01999999999999985,0.475
0.35000000000000003,0.6499999999999999,0.879,0.8612167300380228,0.9041916167664671,0.8821811100292113,0.47000000000000014,0.02999999999999986,0.14999999999999997
0.35000000000000003,0.6499999999999999,0.876,0.8421052631578947,0.9261477045908184,0.8821292775665399,0.4400000000000001,0.05999999999999989,0.14999999999999997
0.1,0.9,0.884,0.8985507246376812,0.8662674650698603,0.8821138211382114,0.5300000000000002,0.03000000000000025,0.4
0.225,0.775,0.873,0.8246527777777778,0.9481037924151696,0.8820798514391829,0.4200000000000001,0.0799999999999999,0.275
0.275,0.725,0.874,0.8306878306878307,0.9401197604790419,0.8820224719101124,0.4250000000000001,0.0749999999999999,0.22499999999999998
0.325,0.675,0.875,0.8369175627240143,0.9321357285429142,0.8819641170915958,0.4300000000000001,0.0699999999999999,0.175
0.35000000000000003,0.6499999999999999,0.879,0.8625954198473282,0.9021956087824351,0.8819512195121951,0.47500000000000014,0.024999999999999856,0.14999999999999997
0.125,0.875,0.887,0.9254385964912281,0.8423153692614771,0.8819226750261233,0.5500000000000003,0.050000000000000266,0.375
0.35000000000000003,0.6499999999999999,0.88,0.8699029126213592,0.8942115768463074,0.8818897637795275,0.49000000000000016,0.009999999999999842,0.14999999999999997
0.2,0.8,0.873,0.8257839721254355,0.9461077844311377,0.881860465116279,0.4250000000000001,0.0749999999999999,0.3
0.325,0.675,0.877,0.85,0.9161676646706587,0.8818443804034583,0.4550000000000001,0.04499999999999987,0.175
0.30000000000000004,0.7,0.874,0.831858407079646,0.93812375249501,0.8818011257035647,0.4250000000000001,0.0749999999999999,0.19999999999999996
0.4,0.6,0.874,0.831858407079646,0.93812375249501,0.8818011257035647,0.4050000000000001,0.09499999999999992,0.09999999999999998
0.35000000000000003,0.6499999999999999,0.875,0.8381294964028777,0.9301397205588823,0.8817407757805109,0.4300000000000001,0.0699999999999999,0.14999999999999997
0.125,0.875,0.872,0.8209982788296041,0.9520958083832335,0.8817005545286506,0.4250000000000001,0.0749999999999999,0.375
0.225,0.775,0.872,0.8209982788296041,0.9520958083832335,0.8817005545286506,0.4150000000000001,0.08499999999999991,0.275
0.375,0.625,0.88,0.8713450292397661,0.8922155688622755,0.8816568047337278,0.49500000000000016,0.004999999999999838,0.125
0.325,0.675,0.88,0.8713450292397661,0.8922155688622755,0.8816568047337278,0.49000000000000016,0.009999999999999842,0.175
0.225,0.775,0.873,0.8269230769230769,0.9441117764471058,0.8816402609506058,0.4250000000000001,0.0749999999999999,0.275
0.275,0.725,0.874,0.8330373001776199,0.936127744510978,0.881578947368421,0.4300000000000001,0.0699999999999999,0.22499999999999998
0.375,0.625,0.874,0.8330373001776199,0.936127744510978,0.881578947368421,0.4150000000000001,0.08499999999999991,0.125
0.1,0.9,0.885,0.9106382978723404,0.8542914171656687,0.8815653964984552,0.5400000000000003,0.04000000000000026,0.4
0.325,0.675,0.882,0.8868686868686869,0.8762475049900199,0.8815261044176707,0.5100000000000002,0.010000000000000231,0.175
0.325,0.675,0.875,0.8393501805054152,0.9281437125748503,0.8815165876777251,0.4400000000000001,0.05999999999999989,0.175
0.15000000000000002,0.85,0.872,0.8221070811744386,0.9500998003992016,0.8814814814814815,0.4200000000000001,0.0799999999999999,0.35
0.275,0.725,0.873,0.8280701754385965,0.9421157684630739,0.8814192343604108,0.4200000000000001,0.0799999999999999,0.22499999999999998
0.35000000000000003,0.6499999999999999,0.881,0.8804780876494024,0.8822355289421158,0.8813559322033898,0.5050000000000001,0.0050000000000001155,0.14999999999999997
0.375,0.625,0.874,0.8342245989304813,0.9341317365269461,0.8813559322033898,0.4200000000000001,0.0799999999999999,0.125
0.17500000000000002,0.825,0.886,0.9215686274509803,0.844311377245509,0.88125,0.5500000000000003,0.050000000000000266,0.32499999999999996
0.325,0.675,0.873,0.829225352112676,0.9401197604790419,0.8811973807296539,0.4150000000000001,0.08499999999999991,0.175
0.375,0.625,0.88,0.8742632612966601,0.8882235528942116,0.8811881188118812,0.5000000000000002,2.220446049250313e-16,0.125
0.30000000000000004,0.7,0.874,0.8354203935599285,0.9321357285429142,0.8811320754716981,0.4350000000000001,0.06499999999999989,0.19999999999999996
0.325,0.675,0.882,0.890020366598778,0.872255489021956,0.8810483870967742,0.5150000000000001,0.015000000000000124,0.175
0.30000000000000004,0.7,0.886,0.9234135667396062,0.8423153692614771,0.8810020876826722,0.5550000000000002,0.05500000000000016,0.19999999999999996
0.35000000000000003,0.6499999999999999,0.876,0.8484288354898336,0.9161676646706587,0.8809980806142035,0.4500000000000001,0.04999999999999988,0.14999999999999997
0.35000000000000003,0.6499999999999999,0.873,0.8303886925795053,0.93812375249501,0.8809746954076851,0.4150000000000001,0.08499999999999991,0.14999999999999997
0.375,0.625,0.873,0.8303886925795053,0.93812375249501,0.8809746954076851,0.4100000000000001,0.08999999999999991,0.125
0.05,0.95,0.88,0.8757396449704142,0.8862275449101796,0.8809523809523809,0.5000000000000002,2.220446049250313e-16,0.45
0.325,0.675,0.884,0.9069767441860465,0.8562874251497006,0.8809034907597536,0.5350000000000001,0.03500000000000014,0.175
0.125,0.875,0.871,0.8195876288659794,0.9520958083832335,0.8808864265927978,0.4200000000000001,0.0799999999999999,0.375
0.35000000000000003,0.6499999999999999,0.878,0.8623326959847036,0.9001996007984032,0.880859375,0.48000000000000015,0.01999999999999985,0.14999999999999997
0.30000000000000004,0.7,0.872,0.8254799301919721,0.9441117764471058,0.8808193668528864,0.4100000000000001,0.08999999999999991,0.19999999999999996
0.05,0.95,0.879,0.8696498054474708,0.8922155688622755,0.8807881773399014,0.49500000000000016,0.004999999999999838,0.45
0.4,0.6,0.879,0.8696498054474708,0.8922155688622755,0.8807881773399014,0.49000000000000016,0.009999999999999842,0.09999999999999998
0.35000000000000003,0.6499999999999999,0.871,0.8206896551724138,0.9500998003992016,0.8806660499537465,0.39000000000000007,0.10999999999999993,0.14999999999999997
0.30000000000000004,0.7,0.884,0.9087048832271762,0.8542914171656687,0.8806584362139918,0.5350000000000001,0.03500000000000014,0.19999999999999996
0.325,0.675,0.875,0.8443223443223443,0.9201596806387226,0.8806112702960841,0.4500000000000001,0.04999999999999988,0.175
0.05,0.95,0.873,0.8327402135231317,0.9341317365269461,0.8805268109125117,0.4450000000000001,0.05499999999999988,0.45
0.125,0.875,0.886,0.9271523178807947,0.8383233532934131,0.8805031446540881,0.5550000000000002,0.05500000000000016,0.375
0.07500000000000001,0.925,0.881,0.8866396761133604,0.874251497005988,0.8804020100502512,0.5200000000000002,0.02000000000000024,0.425
0.35000000000000003,0.6499999999999999,0.878,0.8651252408477842,0.8962075848303394,0.8803921568627451,0.48500000000000015,0.014999999999999847,0.14999999999999997
0.025,0.975,0.875,0.8455882352941176,0.9181636726546906,0.8803827751196173,0.46000000000000013,0.03999999999999987,0.475
0.375,0.625,0.875,0.8455882352941176,0.9181636726546906,0.8803827751196173,0.4400000000000001,0.05999999999999989,0.125
0.2,0.8,0.885,0.9195652173913044,0.844311377245509,0.8803329864724245,0.5500000000000003,0.050000000000000266,0.3
0.375,0.625,0.874,0.8402903811252269,0.9241516966067864,0.8802281368821293,0.4350000000000001,0.06499999999999989,0.125
0.4,0.6,0.875,0.8468634686346863,0.9161676646706587,0.8801534036433365,0.4450000000000001,0.05499999999999988,0.09999999999999998
0.375,0.625,0.875,0.8468634686346863,0.9161676646706587,0.8801534036433365,0.4450000000000001,0.05499999999999988,0.125
0.375,0.625,0.872,0.8289241622574955,0.93812375249501,0.8801498127340824,0.4050000000000001,0.09499999999999992,0.125
0.4,0.6,0.872,0.8289241622574955,0.93812375249501,0.8801498127340824,0.4000000000000001,0.09999999999999992,0.09999999999999998
0.30000000000000004,0.7,0.885,0.9213973799126638,0.8423153692614771,0.8800834202294057,0.5500000000000003,0.050000000000000266,0.19999999999999996
0.025,0.975,0.876,0.8536585365853658,0.908183632734531,0.8800773694390716,0.47500000000000014,0.024999999999999856,0.475
0.35000000000000003,0.6499999999999999,0.88,0.8817635270541082,0.8782435129740519,0.88,0.5100000000000002,0.010000000000000231,0.14999999999999997
0.07500000000000001,0.925,0.871,0.8240418118466899,0.9441117764471058,0.88,0.4300000000000001,0.0699999999999999,0.425
0.275,0.725,0.871,0.8240418118466899,0.9441117764471058,0.88,0.4150000000000001,0.08499999999999991,0.22499999999999998
0.025,0.975,0.875,0.8481481481481481,0.9141716566866267,0.8799231508165226,0.46500000000000014,0.034999999999999865,0.475
0.375,0.625,0.878,0.8679611650485437,0.8922155688622755,0.8799212598425197,0.49000000000000016,0.009999999999999842,0.125
0.30000000000000004,0.7,0.884,0.9139784946236559,0.8483033932135728,0.8799171842650103,0.5400000000000003,0.04000000000000026,0.19999999999999996
0.25,0.75,0.884,0.9139784946236559,0.8483033932135728,0.8799171842650103,0.5400000000000003,0.04000000000000026,0.25
0.375,0.625,0.87,0.8192771084337349,0.9500998003992016,0.8798521256931608,0.38500000000000006,0.11499999999999994,0.125
0.30000000000000004,0.7,0.873,0.8363309352517986,0.9281437125748503,0.879848628192999,0.4400000000000001,0.05999999999999989,0.19999999999999996
0.375,0.625,0.879,0.8754940711462451,0.8842315369261478,0.8798411122144985,0.5050000000000001,0.0050000000000001155,0.125
0.025,0.975,0.877,0.8620689655172413,0.8982035928143712,0.8797653958944281,0.48500000000000015,0.014999999999999847,0.475
0.35000000000000003,0.6499999999999999,0.872,0.8312611012433393,0.9341317365269461,0.8796992481203008,0.4200000000000001,0.0799999999999999,0.14999999999999997
0.2,0.8,0.87,0.8203799654576857,0.9481037924151696,0.8796296296296297,0.4200000000000001,0.0799999999999999,0.3
0.375,0.625,0.873,0.8375451263537906,0.9261477045908184,0.8796208530805687,0.4300000000000001,0.0699999999999999,0.125
0.4,0.6,0.873,0.8375451263537906,0.9261477045908184,0.8796208530805687,0.4250000000000001,0.0749999999999999,0.09999999999999998
0.4,0.6,0.877,0.8634615384615385,0.8962075848303394,0.8795298726738492,0.48500000000000015,0.014999999999999847,0.09999999999999998
0.375,0.625,0.877,0.8634615384615385,0.8962075848303394,0.8795298726738492,0.48000000000000015,0.01999999999999985,0.125
0.325,0.675,0.883,0.9085106382978724,0.8522954091816367,0.8795056642636457,0.5400000000000003,0.04000000000000026,0.175
0.30000000000000004,0.7,0.872,0.8324420677361853,0.9321357285429142,0.879472693032015,0.4300000000000001,0.0699999999999999,0.19999999999999996
0.025,0.975,0.875,0.8507462686567164,0.9101796407185628,0.8794599807135969,0.47000000000000014,0.02999999999999986,0.475
0.325,0.675,0.884,0.9175704989154013,0.844311377245509,0.8794178794178794,0.5450000000000002,0.04500000000000015,0.175
0.35000000000000003,0.6499999999999999,0.87,0.8214904679376083,0.9461077844311377,0.8794063079777366,0.3950000000000001,0.10499999999999993,0.14999999999999997
0.4,0.6,0.87,0.8214904679376083,0.9461077844311377,0.8794063079777366,0.38500000000000006,0.11499999999999994,0.09999999999999998
0.05,0.95,0.871,0.8274647887323944,0.93812375249501,0.8793264733395697,0.4400000000000001,0.05999999999999989,0.45
0.35000000000000003,0.6499999999999999,0.871,0.8274647887323944,0.93812375249501,0.8793264733395697,0.4100000000000001,0.08999999999999991,0.14999999999999997
0.375,0.625,0.871,0.8274647887323944,0.93812375249501,0.8793264733395697,0.4000000000000001,0.09999999999999992,0.125
0.4,0.6,0.874,0.8453038674033149,0.9161676646706587,0.8793103448275862,0.4400000000000001,0.05999999999999989,0.09999999999999998
0.225,0.775,0.869,0.8167808219178082,0.9520958083832335,0.8792626728110599,0.4100000000000001,0.08999999999999991,0.275
0.35000000000000003,0.6499999999999999,0.869,0.8167808219178082,0.9520958083832335,0.8792626728110599,0.38500000000000006,0.11499999999999994,0.14999999999999997
0.375,0.625,0.869,0.8167808219178082,0.9520958083832335,0.8792626728110599,0.38000000000000006,0.11999999999999994,0.125
0.225,0.775,0.884,0.9193899782135077,0.8423153692614771,0.8791666666666667,0.5500000000000003,0.050000000000000266,0.275
0.1,0.9,0.884,0.9193899782135077,0.8423153692614771,0.8791666666666667,0.5500000000000003,0.050000000000000266,0.4
0.05,0.95,0.879,0.88,0.8782435129740519,0.8791208791208791,0.5100000000000002,0.010000000000000231,0.45
0.325,0.675,0.869,0.8178694158075601,0.9500998003992016,0.8790397045244691,0.39000000000000007,0.10999999999999993,0.175
0.375,0.625,0.872,0.8348294434470377,0.9281437125748503,0.8790170132325141,0.4250000000000001,0.0749999999999999,0.125
0.1,0.9,0.883,0.9120171673819742,0.8483033932135728,0.8790072388831437,0.5450000000000002,0.04500000000000015,0.4
0.325,0.675,0.87,0.8237347294938918,0.9421157684630739,0.8789571694599627,0.4100000000000001,0.08999999999999991,0.175
0.325,0.675,0.881,0.8962655601659751,0.8622754491017964,0.8789420142421159,0.5250000000000001,0.025000000000000133,0.175
0.25,0.75,0.884,0.9212253829321663,0.8403193612774451,0.8789144050104384,0.5550000000000002,0.05500000000000016,0.25
0.35000000000000003,0.6499999999999999,0.874,0.8478664192949907,0.9121756487025948,0.8788461538461538,0.4550000000000001,0.04499999999999987,0.14999999999999997
0.4,0.6,0.874,0.8478664192949907,0.9121756487025948,0.8788461538461538,0.4500000000000001,0.04999999999999988,0.09999999999999998
0.375,0.625,0.874,0.8478664192949907,0.9121756487025948,0.8788461538461538,0.4500000000000001,0.04999999999999988,0.125
0.325,0.675,0.869,0.8189655172413793,0.9481037924151696,0.8788159111933395,0.3950000000000001,0.10499999999999993,0.175
0.07500000000000001,0.925,0.88,0.8895705521472392,0.8682634730538922,0.8787878787878788,0.5250000000000001,0.025000000000000133,0.425
0.275,0.725,0.883,0.9137931034482759,0.846307385229541,0.8787564766839379,0.5450000000000002,0.04500000000000015,0.22499999999999998
0.4,0.6,0.871,0.8309608540925267,0.9321357285429142,0.878645343367827,0.4100000000000001,0.08999999999999991,0.09999999999999998
0.375,0.625,0.874,0.8491620111731844,0.9101796407185628,0.8786127167630058,0.4550000000000001,0.04499999999999987,0.125
0.30000000000000004,0.7,0.869,0.8200692041522492,0.9461077844311377,0.8785912882298424,0.4050000000000001,0.09499999999999992,0.19999999999999996
0.325,0.675,0.869,0.8200692041522492,0.9461077844311377,0.8785912882298424,0.4000000000000001,0.09999999999999992,0.175
0.375,0.625,0.869,0.8200692041522492,0.9461077844311377,0.8785912882298424,0.39000000000000007,0.10999999999999993,0.125
0.4,0.6,0.877,0.869140625,0.8882235528942116,0.87857847976308,0.49500000000000016,0.004999999999999838,0.09999999999999998
0.42500000000000004,0.575,0.873,0.84375,0.9161676646706587,0.8784688995215311,0.4350000000000001,0.06499999999999989,0.07499999999999996
0.2,0.8,0.868,0.8153846153846154,0.9520958083832335,0.8784530386740331,0.4150000000000001,0.08499999999999991,0.3
0.125,0.875,0.868,0.8153846153846154,0.9520958083832335,0.8784530386740331,0.4150000000000001,0.08499999999999991,0.375
0.35000000000000003,0.6499999999999999,0.868,0.8153846153846154,0.9520958083832335,0.8784530386740331,0.38000000000000006,0.11999999999999994,0.14999999999999997
0.375,0.625,0.876,0.8631984585741811,0.8942115768463074,0.8784313725490196,0.48500000000000015,0.014999999999999847,0.125
0.2,0.8,0.884,0.9249448123620309,0.8363273453093812,0.8784067085953878,0.5550000000000002,0.05500000000000016,0.3
0.17500000000000002,0.825,0.884,0.9249448123620309,0.8363273453093812,0.8784067085953878,0.5550000000000002,0.05500000000000016,0.32499999999999996
0.275,0.725,0.884,0.9249448123620309,0.8363273453093812,0.8784067085953878,0.5600000000000003,0.060000000000000275,0.22499999999999998
0.0,1.0,0.874,0.8504672897196262,0.908183632734531,0.8783783783783784,0.47500000000000014,0.024999999999999856,0.5
0.325,0.675,0.869,0.8211805555555556,0.9441117764471058,0.8783658310120706,0.4050000000000001,0.09499999999999992,0.175
0.35000000000000003,0.6499999999999999,0.869,0.8211805555555556,0.9441117764471058,0.8783658310120706,0.4000000000000001,0.09999999999999992,0.14999999999999997
0.05,0.95,0.878,0.8782435129740519,0.8782435129740519,0.8782435129740519,0.5050000000000001,0.0050000000000001155,0.45
0.025,0.975,0.876,0.8646034816247582,0.8922155688622755,0.8781925343811395,0.49000000000000016,0.009999999999999842,0.475
0.4,0.6,0.871,0.8333333333333334,0.9281437125748503,0.8781869688385269,0.4150000000000001,0.08499999999999991,0.09999999999999998
0.275,0.725,0.884,0.926829268292683,0.8343313373253493,0.8781512605042017,0.5650000000000002,0.06500000000000017,0.22499999999999998
0.05,0.95,0.879,0.8861788617886179,0.8702594810379242,0.878147029204431,0.5200000000000002,0.02000000000000024,0.45
0.35000000000000003,0.6499999999999999,0.874,0.851782363977486,0.906187624750499,0.8781431334622823,0.46500000000000014,0.034999999999999865,0.14999999999999997
0.375,0.625,0.874,0.851782363977486,0.906187624750499,0.8781431334622823,0.46000000000000013,0.03999999999999987,0.125
0.45,0.55,0.874,0.851782363977486,0.906187624750499,0.8781431334622823,0.4550000000000001,0.04499999999999987,0.04999999999999999
0.375,0.625,0.869,0.8222996515679443,0.9421157684630739,0.878139534883721,0.3950000000000001,0.10499999999999993,0.125
0.4,0.6,0.877,0.8720472440944882,0.8842315369261478,0.8780971258671952,0.5000000000000002,2.220446049250313e-16,0.09999999999999998
0.025,0.975,0.872,0.8397085610200364,0.9201596806387226,0.878095238095238,0.4550000000000001,0.04499999999999987,0.475
0.4,0.6,0.872,0.8397085610200364,0.9201596806387226,0.878095238095238,0.4300000000000001,0.0699999999999999,0.09999999999999998
0.42500000000000004,0.575,0.872,0.8397085610200364,0.9201596806387226,0.878095238095238,0.4200000000000001,0.0799999999999999,0.07499999999999996
0.35000000000000003,0.6499999999999999,0.88,0.8944099378881988,0.8622754491017964,0.8780487804878049,0.5250000000000001,0.025000000000000133,0.14999999999999997
0.375,0.625,0.875,0.8587786259541985,0.8982035928143712,0.8780487804878049,0.47500000000000014,0.024999999999999856,0.125
0.42500000000000004,0.575,0.873,0.8462962962962963,0.9121756487025948,0.878001921229587,0.4400000000000001,0.05999999999999989,0.07499999999999996
0.025,0.975,0.871,0.8345323741007195,0.9261477045908184,0.8779564806054873,0.4500000000000001,0.04999999999999988,0.475
0.4,0.6,0.871,0.8345323741007195,0.9261477045908184,0.8779564806054873,0.4200000000000001,0.0799999999999999,0.09999999999999998
0.35000000000000003,0.6499999999999999,0.881,0.9029535864978903,0.8542914171656687,0.877948717948718,0.5350000000000001,0.03500000000000014,0.14999999999999997
0.35000000000000003,0.6499999999999999,0.869,0.8234265734265734,0.9401197604790419,0.8779123951537745,0.4050000000000001,0.09499999999999992,0.14999999999999997
0.4,0.6,0.869,0.8234265734265734,0.9401197604790419,0.8779123951537745,0.3950000000000001,0.10499999999999993,0.09999999999999998
0.375,0.625,0.874,0.8531073446327684,0.9041916167664671,0.877906976744186,0.46500000000000014,0.034999999999999865,0.125
0.45,0.55,0.874,0.8531073446327684,0.9041916167664671,0.877906976744186,0.46000000000000013,0.03999999999999987,0.04999999999999999
0.25,0.75,0.884,0.9287305122494433,0.8323353293413174,0.8778947368421053,0.5650000000000002,0.06500000000000017,0.25
0.25,0.75,0.868,0.8186528497409327,0.9461077844311377,0.8777777777777778,0.4150000000000001,0.08499999999999991,0.25
0.275,0.725,0.868,0.8186528497409327,0.9461077844311377,0.8777777777777778,0.4100000000000001,0.08999999999999991,0.22499999999999998
0.375,0.625,0.878,0.8812877263581489,0.874251497005988,0.8777555110220441,0.5100000000000002,0.010000000000000231,0.125
0.225,0.775,0.883,0.9210526315789473,0.8383233532934131,0.877742946708464,0.5550000000000002,0.05500000000000016,0.275
0.25,0.75,0.883,0.9210526315789473,0.8383233532934131,0.877742946708464,0.5600000000000003,0.060000000000000275,0.25
0.375,0.625,0.874,0.8544423440453687,0.9021956087824351,0.8776699029126214,0.47000000000000014,0.02999999999999986,0.125
0.1,0.9,0.867,0.8139931740614335,0.9520958083832335,0.8776448942042319,0.4200000000000001,0.0799999999999999,0.4
0.15000000000000002,0.85,0.867,0.8139931740614335,0.9520958083832335,0.8776448942042319,0.4150000000000001,0.08499999999999991,0.35
0.17500000000000002,0.825,0.867,0.8139931740614335,0.9520958083832335,0.8776448942042319,0.4100000000000001,0.08999999999999991,0.32499999999999996
0.4,0.6,0.872,0.8422018348623853,0.9161676646706587,0.8776290630975143,0.4350000000000001,0.06499999999999989,0.09999999999999998
0.30000000000000004,0.7,0.882,0.9136069114470843,0.844311377245509,0.8775933609958506,0.5450000000000002,0.04500000000000015,0.19999999999999996
0.35000000000000003,0.6499999999999999,0.873,0.8488805970149254,0.908183632734531,0.8775313404050145,0.46000000000000013,0.03999999999999987,0.14999999999999997
0.45,0.55,0.871,0.8369565217391305,0.9221556886227545,0.8774928774928775,0.4150000000000001,0.08499999999999991,0.04999999999999999
0.275,0.725,0.883,0.9229074889867841,0.8363273453093812,0.8774869109947644,0.5550000000000002,0.05500000000000016,0.22499999999999998
0.225,0.775,0.883,0.9229074889867841,0.8363273453093812,0.8774869109947644,0.5600000000000003,0.060000000000000275,0.275
0.17500000000000002,0.825,0.867,0.815068493150685,0.9500998003992016,0.8774193548387097,0.4150000000000001,0.08499999999999991,0.32499999999999996
0.25,0.75,0.867,0.815068493150685,0.9500998003992016,0.8774193548387097,0.4100000000000001,0.08999999999999991,0.25
0.42500000000000004,0.575,0.873,0.850187265917603,0.906187624750499,0.8772946859903382,0.4550000000000001,0.04499999999999987,0.07499999999999996
0.47500000000000003,0.5249999999999999,0.873,0.850187265917603,0.906187624750499,0.8772946859903382,0.4450000000000001,0.05499999999999988,0.024999999999999967
0.375,0.625,0.878,0.8843813387423936,0.8702594810379242,0.8772635814889336,0.5150000000000001,0.015000000000000124,0.125
0.17500000000000002,0.825,0.883,0.9247787610619469,0.8343313373253493,0.8772298006295908,0.5600000000000003,0.060000000000000275,0.32499999999999996
0.30000000000000004,0.7,0.867,0.8161512027491409,0.9481037924151696,0.8771929824561403,0.4000000000000001,0.09999999999999992,0.19999999999999996
0.4,0.6,0.867,0.8161512027491409,0.9481037924151696,0.8771929824561403,0.38000000000000006,0.11999999999999994,0.09999999999999998
0.25,0.75,0.884,0.9345372460496614,0.8263473053892215,0.8771186440677966,0.5750000000000002,0.07500000000000018,0.25
0.2,0.8,0.866,0.8115449915110357,0.9540918163672655,0.8770642201834863,0.4100000000000001,0.08999999999999991,0.3
0.15000000000000002,0.85,0.866,0.8115449915110357,0.9540918163672655,0.8770642201834863,0.4100000000000001,0.08999999999999991,0.35
0.42500000000000004,0.575,0.871,0.8394160583941606,0.9181636726546906,0.877025738798856,0.4250000000000001,0.0749999999999999,0.07499999999999996
0.45,0.55,0.871,0.8394160583941606,0.9181636726546906,0.877025738798856,0.4200000000000001,0.0799999999999999,0.04999999999999999
0.35000000000000003,0.6499999999999999,0.878,0.8859470468431772,0.8682634730538922,0.8770161290322581,0.5150000000000001,0.015000000000000124,0.14999999999999997
0.025,0.975,0.869,0.8280141843971631,0.9321357285429142,0.8769953051643192,0.4450000000000001,0.05499999999999988,0.475
0.42500000000000004,0.575,0.867,0.8172413793103448,0.9461077844311377,0.8769657724329325,0.38000000000000006,0.11999999999999994,0.07499999999999996
0.275,0.725,0.881,0.9098712446351931,0.846307385229541,0.8769389865563598,0.5400000000000003,0.04000000000000026,0.22499999999999998
0.325,0.675,0.865,0.8070469798657718,0.9600798403193613,0.8769371011850501,0.37500000000000006,0.12499999999999994,0.175
0.42500000000000004,0.575,0.868,0.8231173380035026,0.93812375249501,0.8768656716417911,0.39000000000000007,0.10999999999999993,0.07499999999999996
0.025,0.975,0.875,0.8657587548638133,0.8882235528942116,0.8768472906403941,0.49500000000000016,0.004999999999999838,0.475
0.25,0.75,0.866,0.8126064735945485,0.9520958083832335,0.8768382352941176,0.4050000000000001,0.09499999999999992,0.25
0.375,0.625,0.866,0.8126064735945485,0.9520958083832335,0.8768382352941176,0.37500000000000006,0.12499999999999994,0.125
0.42500000000000004,0.575,0.871,0.8406593406593407,0.9161676646706587,0.8767908309455588,0.4300000000000001,0.0699999999999999,0.07499999999999996
0.42500000000000004,0.575,0.869,0.8291814946619217,0.9301397205588823,0.8767638758231421,0.4050000000000001,0.09499999999999992,0.07499999999999996
0.125,0.875,0.883,0.9285714285714286,0.8303393213572854,0.8767123287671232,0.5600000000000003,0.060000000000000275,0.375
0.42500000000000004,0.575,0.874,0.8598848368522073,0.8942115768463074,0.8767123287671232,0.48000000000000015,0.01999999999999985,0.07499999999999996
0.0,1.0,0.872,0.8472998137802608,0.908183632734531,0.8766859344894027,0.47000000000000014,0.02999999999999986,0.5
0.42500000000000004,0.575,0.872,0.8472998137802608,0.908183632734531,0.8766859344894027,0.4500000000000001,0.04999999999999988,0.07499999999999996
0.35000000000000003,0.6499999999999999,0.879,0.8958333333333334,0.8582834331337326,0.8766564729867482,0.5300000000000002,0.03000000000000025,0.14999999999999997
0.05,0.95,0.877,0.8810483870967742,0.872255489021956,0.876629889669007,0.5150000000000001,0.015000000000000124,0.45
0.025,0.975,0.875,0.8671875,0.8862275449101796,0.876604146100691,0.5000000000000002,2.220446049250313e-16,0.475
0.0,1.0,0.875,0.8671875,0.8862275449101796,0.876604146100691,0.49500000000000016,0.004999999999999838,0.5
0.0,1.0,0.873,0.8541666666666666,0.9001996007984032,0.8765792031098154,0.48000000000000015,0.01999999999999985,0.5
0.1,0.9,0.882,0.9208791208791208,0.8363273453093812,0.8765690376569037,0.5550000000000002,0.05500000000000016,0.4
0.42500000000000004,0.575,0.869,0.8303571428571429,0.9281437125748503,0.8765315739868049,0.4100000000000001,0.08999999999999991,0.07499999999999996
0.35000000000000003,0.6499999999999999,0.878,0.8891170431211499,0.8642714570858283,0.8765182186234818,0.5200000000000002,0.02000000000000024,0.14999999999999997
0.275,0.725,0.883,0.9304932735426009,0.8283433133732535,0.8764519535374868,0.5700000000000003,0.07000000000000028,0.22499999999999998
0.45,0.55,0.872,0.8485981308411215,0.906187624750499,0.8764478764478765,0.4500000000000001,0.04999999999999988,0.04999999999999999
0.25,0.75,0.881,0.9134199134199135,0.8423153692614771,0.8764278296988577,0.5450000000000002,0.04500000000000015,0.25
0.07500000000000001,0.925,0.866,0.8147512864493996,0.9481037924151696,0.8763837638376384,0.4250000000000001,0.0749999999999999,0.425
0.275,0.725,0.866,0.8147512864493996,0.9481037924151696,0.8763837638376384,0.4050000000000001,0.09499999999999992,0.22499999999999998
0.42500000000000004,0.575,0.866,0.8147512864493996,0.9481037924151696,0.8763837638376384,0.37000000000000005,0.12999999999999995,0.07499999999999996
0.4,0.6,0.873,0.8555133079847909,0.8982035928143712,0.8763388510223953,0.47500000000000014,0.024999999999999856,0.09999999999999998
0.42500000000000004,0.575,0.873,0.8555133079847909,0.8982035928143712,0.8763388510223953,0.47000000000000014,0.02999999999999986,0.07499999999999996
0.4,0.6,0.867,0.8205574912891986,0.9401197604790419,0.8762790697674419,0.39000000000000007,0.10999999999999993,0.09999999999999998
0.42500000000000004,0.575,0.867,0.8205574912891986,0.9401197604790419,0.8762790697674419,0.38500000000000006,0.11499999999999994,0.07499999999999996
0.2,0.8,0.865,0.8101694915254237,0.9540918163672655,0.8762603116406966,0.4050000000000001,0.09499999999999992,0.3
0.275,0.725,0.865,0.8101694915254237,0.9540918163672655,0.8762603116406966,0.3950000000000001,0.10499999999999993,0.22499999999999998
0.25,0.75,0.883,0.9324324324324325,0.8263473053892215,0.8761904761904762,0.5700000000000003,0.07000000000000028,0.25
0.25,0.75,0.881,0.9152173913043479,0.8403193612774451,0.8761706555671176,0.5500000000000003,0.050000000000000266,0.25
0.42500000000000004,0.575,0.866,0.8158347676419966,0.9461077844311377,0.8761552680221811,0.37500000000000006,0.12499999999999994,0.07499999999999996
0.4,0.6,0.873,0.8568702290076335,0.8962075848303394,0.8760975609756098,0.48000000000000015,0.01999999999999985,0.09999999999999998
0.42500000000000004,0.575,0.873,0.8568702290076335,0.8962075848303394,0.8760975609756098,0.47500000000000014,0.024999999999999856,0.07499999999999996
0.2,0.8,0.882,0.9246119733924612,0.8323353293413174,0.8760504201680672,0.5600000000000003,0.060000000000000275,0.3
0.35000000000000003,0.6499999999999999,0.88,0.9079229122055674,0.846307385229541,0.8760330578512396,0.5400000000000003,0.04000000000000026,0.14999999999999997
0.25,0.75,0.865,0.8112244897959183,0.9520958083832335,0.8760330578512396,0.4000000000000001,0.09999999999999992,0.25
0.42500000000000004,0.575,0.874,0.8640776699029126,0.8882235528942116,0.8759842519685039,0.49000000000000016,0.009999999999999842,0.07499999999999996
0.47500000000000003,0.5249999999999999,0.872,0.8512241054613936,0.9021956087824351,0.875968992248062,0.4550000000000001,0.04499999999999987,0.024999999999999967
0.42500000000000004,0.575,0.871,0.845724907063197,0.908183632734531,0.875842155919153,0.4450000000000001,0.05499999999999988,0.07499999999999996
0.45,0.55,0.871,0.845724907063197,0.908183632734531,0.875842155919153,0.4400000000000001,0.05999999999999989,0.04999999999999999
0.15000000000000002,0.85,0.882,0.9265033407572383,0.8303393213572854,0.8757894736842106,0.5600000000000003,0.060000000000000275,0.35
0.07500000000000001,0.925,0.878,0.893970893970894,0.8582834331337326,0.8757637474541752,0.5300000000000002,0.03000000000000025,0.425
0.4,0.6,0.872,0.8525519848771267,0.9001996007984032,0.8757281553398059,0.46000000000000013,0.03999999999999987,0.09999999999999998
0.4,0.6,0.875,0.873015873015873,0.8782435129740519,0.8756218905472637,0.5050000000000001,0.0050000000000001155,0.09999999999999998
0.025,0.975,0.875,0.873015873015873,0.8782435129740519,0.8756218905472637,0.5050000000000001,0.0050000000000001155,0.475
0.4,0.6,0.871,0.8470149253731343,0.906187624750499,0.875602700096432,0.4550000000000001,0.04499999999999987,0.09999999999999998
0.45,0.55,0.871,0.8470149253731343,0.906187624750499,0.875602700096432,0.4450000000000001,0.05499999999999988,0.04999999999999999
0.47500000000000003,0.5249999999999999,0.871,0.8470149253731343,0.906187624750499,0.875602700096432,0.4400000000000001,0.05999999999999989,0.024999999999999967
0.42500000000000004,0.575,0.867,0.823943661971831,0.9341317365269461,0.8755846585594013,0.3950000000000001,0.10499999999999993,0.07499999999999996
0.4,0.6,0.872,0.8538899430740038,0.8982035928143712,0.8754863813229572,0.47000000000000014,0.02999999999999986,0.09999999999999998
0.4,0.6,0.872,0.8538899430740038,0.8982035928143712,0.8754863813229572,0.46500000000000014,0.034999999999999865,0.09999999999999998
0.45,0.55,0.87,0.8416206261510129,0.9121756487025948,0.8754789272030651,0.4300000000000001,0.0699999999999999,0.04999999999999999
0.47500000000000003,0.5249999999999999,0.87,0.8416206261510129,0.9121756487025948,0.8754789272030651,0.4250000000000001,0.0749999999999999,0.024999999999999967
0.225,0.775,0.864,0.8087986463620981,0.9540918163672655,0.8754578754578755,0.4050000000000001,0.09499999999999992,0.275
0.35000000000000003,0.6499999999999999,0.864,0.8087986463620981,0.9540918163672655,0.8754578754578755,0.37500000000000006,0.12499999999999994,0.14999999999999997
0.07500000000000001,0.925,0.879,0.9042553191489362,0.8483033932135728,0.8753861997940268,0.5400000000000003,0.04000000000000026,0.425
0.05,0.95,0.877,0.8888888888888888,0.8622754491017964,0.8753799392097265,0.5250000000000001,0.025000000000000133,0.45
0.42500000000000004,0.575,0.873,0.861003861003861,0.8902195608782435,0.8753680078508341,0.48500000000000015,0.014999999999999847,0.07499999999999996
0.42500000000000004,0.575,0.867,0.8250883392226148,0.9321357285429142,0.8753514526710403,0.4000000000000001,0.09999999999999992,0.07499999999999996
0.225,0.775,0.882,0.9303370786516854,0.8263473053892215,0.8752642706131079,0.5700000000000003,0.07000000000000028,0.275
0.275,0.725,0.88,0.913232104121475,0.8403193612774451,0.8752598752598753,0.5500000000000003,0.050000000000000266,0.22499999999999998
0.45,0.55,0.87,0.8428835489833642,0.9101796407185628,0.8752399232245681,0.4350000000000001,0.06499999999999989,0.04999999999999999
0.325,0.675,0.881,0.922566371681416,0.8323353293413174,0.8751311647429171,0.5550000000000002,0.05500000000000016,0.175
0.0,1.0,0.873,0.8624031007751938,0.8882235528942116,0.8751229105211407,0.49000000000000016,0.009999999999999842,0.5
0.47500000000000003,0.5249999999999999,0.871,0.849624060150376,0.9021956087824351,0.8751210067763795,0.4500000000000001,0.04999999999999988,0.024999999999999967
0.47500000000000003,0.5249999999999999,0.869,0.8375912408759124,0.9161676646706587,0.8751191611058151,0.4200000000000001,0.0799999999999999,0.024999999999999967
0.45,0.55,0.865,0.8155172413793104,0.9441117764471058,0.8751156336725254,0.37500000000000006,0.12499999999999994,0.04999999999999999
0.45,0.55,0.865,0.8155172413793104,0.9441117764471058,0.8751156336725254,0.37000000000000005,0.12999999999999995,0.04999999999999999
0.0,1.0,0.872,0.8565965583173997,0.8942115768463074,0.875,0.48500000000000015,0.014999999999999847,0.5
0.42500000000000004,0.575,0.868,0.8324324324324325,0.9221556886227545,0.875,0.4150000000000001,0.08499999999999991,0.07499999999999996
0.30000000000000004,0.7,0.864,0.8109028960817717,0.9500998003992016,0.875,0.3950000000000001,0.10499999999999993,0.19999999999999996
0.4,0.6,0.864,0.8109028960817717,0.9500998003992016,0.875,0.37000000000000005,0.12999999999999995,0.09999999999999998
0.47500000000000003,0.5249999999999999,0.864,0.8109028960817717,0.9500998003992016,0.875,0.34500000000000003,0.15499999999999997,0.024999999999999967
0.15000000000000002,0.85,0.863,0.8063973063973064,0.9560878243512974,0.8748858447488584,0.4050000000000001,0.09499999999999992,0.35
0.30000000000000004,0.7,0.863,0.8063973063973064,0.9560878243512974,0.8748858447488584,0.38500000000000006,0.11499999999999994,0.19999999999999996
0.325,0.675,0.863,0.8063973063973064,0.9560878243512974,0.8748858447488584,0.38000000000000006,0.11999999999999994,0.175
0.45,0.55,0.867,0.8274021352313167,0.9281437125748503,0.8748824082784572,0.4000000000000001,0.09999999999999992,0.04999999999999999
0.45,0.55,0.869,0.8388278388278388,0.9141716566866267,0.874880611270296,0.4250000000000001,0.0749999999999999,0.04999999999999999
0.47500000000000003,0.5249999999999999,0.871,0.8509433962264151,0.9001996007984032,0.8748787584869059,0.46000000000000013,0.03999999999999987,0.024999999999999967
0.225,0.775,0.881,0.9244444444444444,0.8303393213572854,0.8748685594111462,0.5650000000000002,0.06500000000000017,0.275
0.2,0.8,0.881,0.9244444444444444,0.8303393213572854,0.8748685594111462,0.5650000000000002,0.06500000000000017,0.3
0.275,0.725,0.864,0.811965811965812,0.9481037924151696,0.8747697974217311,0.4000000000000001,0.09999999999999992,0.22499999999999998
0.45,0.55,0.864,0.811965811965812,0.9481037924151696,0.8747697974217311,0.36000000000000004,0.13999999999999996,0.04999999999999999
0.47500000000000003,0.5249999999999999,0.864,0.811965811965812,0.9481037924151696,0.8747697974217311,0.35000000000000003,0.14999999999999997,0.024999999999999967
0.325,0.675,0.88,0.9168490153172867,0.8363273453093812,0.8747390396659708,0.5500000000000003,0.050000000000000266,0.175
0.225,0.775,0.882,0.9342403628117913,0.8223552894211577,0.8747346072186837,0.5750000000000002,0.07500000000000018,0.275
0.17500000000000002,0.825,0.863,0.8074324324324325,0.9540918163672655,0.8746569075937786,0.4050000000000001,0.09499999999999992,0.32499999999999996
0.2,0.8,0.863,0.8074324324324325,0.9540918163672655,0.8746569075937786,0.4000000000000001,0.09999999999999992,0.3
0.275,0.725,0.863,0.8074324324324325,0.9540918163672655,0.8746569075937786,0.39000000000000007,0.10999999999999993,0.22499999999999998
0.325,0.675,0.863,0.8074324324324325,0.9540918163672655,0.8746569075937786,0.38500000000000006,0.11499999999999994,0.175
0.05,0.95,0.865,0.8177083333333334,0.9401197604790419,0.8746518105849582,0.4350000000000001,0.06499999999999989,0.45
0.45,0.55,0.871,0.8522727272727273,0.8982035928143712,0.8746355685131195,0.46500000000000014,0.034999999999999865,0.04999999999999999
0.5,0.5,0.871,0.8522727272727273,0.8982035928143712,0.8746355685131195,0.4550000000000001,0.04499999999999987,0.0
0.325,0.675,0.862,0.8030050083472454,0.9600798403193613,0.8745454545454545,0.37000000000000005,0.12999999999999995,0.175
0.45,0.55,0.864,0.8130360205831904,0.9461077844311377,0.8745387453874539,0.36500000000000005,0.13499999999999995,0.04999999999999999
0.4,0.6,0.863,0.8084745762711865,0.9520958083832335,0.8744271310724107,0.36500000000000005,0.13499999999999995,0.09999999999999998
0.0,1.0,0.869,0.8413284132841329,0.9101796407185628,0.8744007670182167,0.46500000000000014,0.034999999999999865,0.5
0.45,0.55,0.871,0.8536121673003803,0.8962075848303394,0.8743914313534566,0.47000000000000014,0.02999999999999986,0.04999999999999999
0.47500000000000003,0.5249999999999999,0.871,0.8536121673003803,0.8962075848303394,0.8743914313534566,0.46500000000000014,0.034999999999999865,0.024999999999999967
0.30000000000000004,0.7,0.862,0.8040201005025126,0.9580838323353293,0.8743169398907104,0.38000000000000006,0.11999999999999994,0.19999999999999996
0.5,0.5,0.87,0.8480300187617261,0.9021956087824351,0.874274661508704,0.4450000000000001,0.05499999999999988,0.0
0.30000000000000004,0.7,0.863,0.8095238095238095,0.9500998003992016,0.8741965105601469,0.39000000000000007,0.10999999999999993,0.19999999999999996
0.45,0.55,0.865,0.8199300699300699,0.936127744510978,0.8741845293569431,0.38500000000000006,0.11499999999999994,0.04999999999999999
0.5,0.5,0.871,0.8549618320610687,0.8942115768463074,0.8741463414634146,0.46000000000000013,0.03999999999999987,0.0
0.07500000000000001,0.925,0.877,0.8970588235294118,0.8522954091816367,0.8741044012282497,0.5350000000000001,0.03500000000000014,0.425
0.45,0.55,0.866,0.8259325044404974,0.9281437125748503,0.8740601503759399,0.3950000000000001,0.10499999999999993,0.04999999999999999
0.42500000000000004,0.575,0.87,0.8493408662900188,0.9001996007984032,0.874031007751938,0.46000000000000013,0.03999999999999987,0.07499999999999996
0.5,0.5,0.87,0.8493408662900188,0.9001996007984032,0.874031007751938,0.4500000000000001,0.04999999999999988,0.0
0.025,0.975,0.874,0.875751503006012,0.872255489021956,0.874,0.5100000000000002,0.010000000000000231,0.475
0.4,0.6,0.863,0.810580204778157,0.9481037924151696,0.8739650413983441,0.37500000000000006,0.12499999999999994,0.09999999999999998
0.42500000000000004,0.575,0.863,0.810580204778157,0.9481037924151696,0.8739650413983441,0.36500000000000005,0.13499999999999995,0.07499999999999996
0.45,0.55,0.863,0.810580204778157,0.9481037924151696,0.8739650413983441,0.35500000000000004,0.14499999999999996,0.04999999999999999
0.47500000000000003,0.5249999999999999,0.867,0.8321299638989169,0.9201596806387226,0.8739336492890996,0.4150000000000001,0.08499999999999991,0.024999999999999967
0.47500000000000003,0.5249999999999999,0.867,0.8321299638989169,0.9201596806387226,0.8739336492890996,0.4100000000000001,0.08999999999999991,0.024999999999999967
0.47500000000000003,0.5249999999999999,0.867,0.8321299638989169,0.9201596806387226,0.8739336492890996,0.4050000000000001,0.09499999999999992,0.024999999999999967
0.45,0.55,0.871,0.8563218390804598,0.8922155688622755,0.873900293255132,0.47500000000000014,0.024999999999999856,0.04999999999999999
0.42500000000000004,0.575,0.873,0.8695652173913043,0.8782435129740519,0.8738828202581926,0.5000000000000002,2.220446049250313e-16,0.07499999999999996
0.125,0.875,0.862,0.806070826306914,0.9540918163672655,0.8738574040219378,0.4100000000000001,0.08999999999999991,0.375
0.45,0.55,0.866,0.8270944741532977,0.9261477045908184,0.8738229755178908,0.4050000000000001,0.09499999999999992,0.04999999999999999
0.42500000000000004,0.575,0.87,0.8506616257088847,0.8982035928143712,0.8737864077669902,0.46500000000000014,0.034999999999999865,0.07499999999999996
0.525,0.475,0.87,0.8506616257088847,0.8982035928143712,0.8737864077669902,0.4450000000000001,0.05499999999999988,0.025000000000000022
0.30000000000000004,0.7,0.861,0.8016666666666666,0.9600798403193613,0.8737511353315168,0.37500000000000006,0.12499999999999994,0.19999999999999996
0.325,0.675,0.88,0.9242761692650334,0.8283433133732535,0.8736842105263158,0.5600000000000003,0.060000000000000275,0.175
0.375,0.625,0.862,0.8071065989847716,0.9520958083832335,0.8736263736263736,0.37000000000000005,0.12999999999999995,0.125
0.47500000000000003,0.5249999999999999,0.866,0.8282647584973166,0.9241516966067864,0.8735849056603774,0.4000000000000001,0.09999999999999992,0.024999999999999967
0.525,0.475,0.87,0.8519924098671727,0.8962075848303394,0.8735408560311284,0.4500000000000001,0.04999999999999988,0.025000000000000022
0.47500000000000003,0.5249999999999999,0.863,0.8127147766323024,0.9441117764471058,0.8734995383194829,0.36000000000000004,0.13999999999999996,0.024999999999999967
0.47500000000000003,0.5249999999999999,0.863,0.8127147766323024,0.9441117764471058,0.8734995383194829,0.35500000000000004,0.14499999999999996,0.024999999999999967
0.4,0.6,0.874,0.8787878787878788,0.8682634730538922,0.8734939759036144,0.5150000000000001,0.015000000000000124,0.09999999999999998
0.5,0.5,0.869,0.846441947565543,0.9021956087824351,0.8734299516908213,0.4400000000000001,0.05999999999999989,0.0
0.525,0.475,0.869,0.846441947565543,0.9021956087824351,0.8734299516908213,0.4400000000000001,0.05999999999999989,0.025000000000000022
0.4,0.6,0.873,0.8725099601593626,0.874251497005988,0.8733798604187437,0.5100000000000002,0.010000000000000231,0.09999999999999998
0.45,0.55,0.866,0.829443447037702,0.9221556886227545,0.8733459357277883,0.4100000000000001,0.08999999999999991,0.04999999999999999
0.47500000000000003,0.5249999999999999,0.868,0.8410351201478743,0.908183632734531,0.8733205374280231,0.4300000000000001,0.0699999999999999,0.024999999999999967
0.525,0.475,0.87,0.8533333333333334,0.8942115768463074,0.8732943469785575,0.4550000000000001,0.04499999999999987,0.025000000000000022
0.42500000000000004,0.575,0.872,0.8664047151277013,0.8802395209580839,0.8732673267326733,0.49500000000000016,0.004999999999999838,0.07499999999999996
0.5,0.5,0.862,0.8091993185689949,0.9481037924151696,0.8731617647058824,0.34,0.15999999999999998,0.0
0.5,0.5,0.866,0.8306306306306306,0.9201596806387226,0.8731060606060606,0.4050000000000001,0.09499999999999992,0.0
0.5,0.5,0.868,0.8423005565862709,0.906187624750499,0.8730769230769231,0.4300000000000001,0.0699999999999999,0.0
0.225,0.775,0.861,0.8047138047138047,0.9540918163672655,0.8730593607305936,0.4000000000000001,0.09999999999999992,0.275
0.25,0.75,0.861,0.8047138047138047,0.9540918163672655,0.8730593607305936,0.3950000000000001,0.10499999999999993,0.25
0.47500000000000003,0.5249999999999999,0.863,0.8148788927335641,0.9401197604790419,0.8730305838739574,0.37000000000000005,0.12999999999999995,0.024999999999999967
0.17500000000000002,0.825,0.88,0.9300225733634312,0.8223552894211577,0.8728813559322034,0.5650000000000002,0.06500000000000017,0.32499999999999996
0.2,0.8,0.88,0.9300225733634312,0.8223552894211577,0.8728813559322034,0.5700000000000003,0.07000000000000028,0.3
0.05,0.95,0.875,0.8900414937759336,0.8562874251497006,0.8728382502543235,0.5300000000000002,0.03000000000000025,0.45
0.5,0.5,0.868,0.8435754189944135,0.9041916167664671,0.8728323699421965,0.4350000000000001,0.06499999999999989,0.0
0.1,0.9,0.861,0.8057432432432432,0.9520958083832335,0.8728270814272644,0.4150000000000001,0.08499999999999991,0.4
0.5,0.5,0.861,0.8057432432432432,0.9520958083832335,0.8728270814272644,0.335,0.16499999999999998,0.0
0.30000000000000004,0.7,0.879,0.9222222222222223,0.8283433133732535,0.8727655099894848,0.5600000000000003,0.060000000000000275,0.19999999999999996
0.5,0.5,0.862,0.8113207547169812,0.9441117764471058,0.8726937269372693,0.34500000000000003,0.15499999999999997,0.0
0.45,0.55,0.871,0.86328125,0.8822355289421158,0.8726554787759131,0.49000000000000016,0.009999999999999842,0.04999999999999999
0.15000000000000002,0.85,0.88,0.9319727891156463,0.8203592814371258,0.8726114649681529,0.5650000000000002,0.06500000000000017,0.35
0.30000000000000004,0.7,0.88,0.9319727891156463,0.8203592814371258,0.8726114649681529,0.5750000000000002,0.07500000000000018,0.19999999999999996
0.275,0.725,0.88,0.9319727891156463,0.8203592814371258,0.8726114649681529,0.5750000000000002,0.07500000000000018,0.22499999999999998
0.47500000000000003,0.5249999999999999,0.861,0.8067796610169492,0.9500998003992016,0.8725939505041247,0.34,0.15999999999999998,0.024999999999999967
0.5,0.5,0.865,0.8279569892473119,0.9221556886227545,0.8725212464589235,0.3950000000000001,0.10499999999999993,0.0
0.525,0.475,0.865,0.8279569892473119,0.9221556886227545,0.8725212464589235,0.3950000000000001,0.10499999999999993,0.025000000000000022
0.525,0.475,0.865,0.8279569892473119,0.9221556886227545,0.8725212464589235,0.39000000000000007,0.10999999999999993,0.025000000000000022
0.42500000000000004,0.575,0.872,0.8707753479125249,0.874251497005988,0.8725099601593626,0.5050000000000001,0.0050000000000001155,0.07499999999999996
0.375,0.625,0.874,0.8850102669404517,0.8602794411177644,0.8724696356275303,0.5200000000000002,0.02000000000000024,0.125
0.025,0.975,0.874,0.8850102669404517,0.8602794411177644,0.8724696356275303,0.5200000000000002,0.02000000000000024,0.475
0.47500000000000003,0.5249999999999999,0.864,0.8230088495575221,0.9281437125748503,0.8724202626641651,0.39000000000000007,0.10999999999999993,0.024999999999999967
0.0,1.0,0.866,0.8342440801457195,0.9141716566866267,0.8723809523809524,0.46000000000000013,0.03999999999999987,0.5
0.42500000000000004,0.575,0.861,0.8078231292517006,0.9481037924151696,0.8723599632690542,0.36000000000000004,0.13999999999999996,0.07499999999999996
0.30000000000000004,0.7,0.88,0.9339407744874715,0.8183632734530938,0.8723404255319149,0.5800000000000003,0.0800000000000003,0.19999999999999996
0.25,0.75,0.88,0.9339407744874715,0.8183632734530938,0.8723404255319149,0.5800000000000003,0.0800000000000003,0.25
0.275,0.725,0.86,0.8033613445378152,0.9540918163672655,0.8722627737226277,0.38500000000000006,0.11499999999999994,0.22499999999999998
0.47500000000000003,0.5249999999999999,0.867,0.8407407407407408,0.906187624750499,0.8722382324687801,0.4350000000000001,0.06499999999999989,0.024999999999999967
0.35000000000000003,0.6499999999999999,0.879,0.9260089686098655,0.8243512974051896,0.8722280887011615,0.5650000000000002,0.06500000000000017,0.14999999999999997
0.375,0.625,0.879,0.9260089686098655,0.8243512974051896,0.8722280887011615,0.5700000000000003,0.07000000000000028,0.125
0.35000000000000003,0.6499999999999999,0.879,0.9260089686098655,0.8243512974051896,0.8722280887011615,0.5700000000000003,0.07000000000000028,0.14999999999999997
0.375,0.625,0.879,0.9260089686098655,0.8243512974051896,0.8722280887011615,0.5750000000000002,0.07500000000000018,0.125
0.35000000000000003,0.6499999999999999,0.879,0.9260089686098655,0.8243512974051896,0.8722280887011615,0.5750000000000002,0.07500000000000018,0.14999999999999997
0.375,0.625,0.879,0.9260089686098655,0.8243512974051896,0.8722280887011615,0.5800000000000003,0.0800000000000003,0.125
0.0,1.0,0.871,0.8661417322834646,0.8782435129740519,0.8721506442021804,0.5000000000000002,2.220446049250313e-16,0.5
0.5,0.5,0.866,0.8354661791590493,0.9121756487025948,0.8721374045801527,0.4200000000000001,0.0799999999999999,0.0
0.375,0.625,0.878,0.9183222958057395,0.8303393213572854,0.8721174004192872,0.5600000000000003,0.060000000000000275,0.125
0.375,0.625,0.875,0.8949579831932774,0.8502994011976048,0.872057318321392,0.5300000000000002,0.03000000000000025,0.125
0.45,0.55,0.87,0.8601941747572815,0.8842315369261478,0.8720472440944882,0.48500000000000015,0.014999999999999847,0.04999999999999999
0.5,0.5,0.865,0.8303249097472925,0.9181636726546906,0.8720379146919431,0.4100000000000001,0.08999999999999991,0.0
0.4,0.6,0.86,0.8043844856661045,0.9520958083832335,0.8720292504570384,0.36000000000000004,0.13999999999999996,0.09999999999999998
0.35000000000000003,0.6499999999999999,0.877,0.9108695652173913,0.8363273453093812,0.8720083246618107,0.5450000000000002,0.04500000000000015,0.14999999999999997
0.1,0.9,0.879,0.9279279279279279,0.8223552894211577,0.8719576719576719,0.5600000000000003,0.060000000000000275,0.4
0.5,0.5,0.869,0.8544061302681992,0.8902195608782435,0.8719452590420332,0.46500000000000014,0.034999999999999865,0.0
0.525,0.475,0.864,0.8253119429590018,0.9241516966067864,0.871939736346516,0.38500000000000006,0.11499999999999994,0.025000000000000022
0.55,0.44999999999999996,0.864,0.8253119429590018,0.9241516966067864,0.871939736346516,0.38500000000000006,0.11499999999999994,0.050000000000000044
0.55,0.44999999999999996,0.864,0.8253119429590018,0.9241516966067864,0.871939736346516,0.38000000000000006,0.11999999999999994,0.050000000000000044
0.4,0.6,0.859,0.8,0.9580838323353293,0.8719346049046321,0.35000000000000003,0.14999999999999997,0.09999999999999998
0.45,0.55,0.863,0.8204225352112676,0.9301397205588823,0.8718428437792329,0.39000000000000007,0.10999999999999993,0.04999999999999999
0.42500000000000004,0.575,0.86,0.805414551607445,0.9500998003992016,0.8717948717948718,0.35500000000000004,0.14499999999999996,0.07499999999999996
0.45,0.55,0.862,0.8156521739130435,0.936127744510978,0.8717472118959108,0.38000000000000006,0.11999999999999994,0.04999999999999999
0.35000000000000003,0.6499999999999999,0.877,0.9126637554585153,0.8343313373253493,0.8717413972888426,0.5500000000000003,0.050000000000000266,0.14999999999999997
0.35000000000000003,0.6499999999999999,0.859,0.8010033444816054,0.9560878243512974,0.8717015468607825,0.37000000000000005,0.12999999999999995,0.14999999999999997
0.525,0.475,0.859,0.8010033444816054,0.9560878243512974,0.8717015468607825,0.32,0.18,0.025000000000000022
0.47500000000000003,0.5249999999999999,0.869,0.8557692307692307,0.8882235528942116,0.871694417238002,0.47000000000000014,0.02999999999999986,0.024999999999999967
0.35000000000000003,0.6499999999999999,0.879,0.9298642533936652,0.8203592814371258,0.8716861081654295,0.5800000000000003,0.0800000000000003,0.14999999999999997
0.375,0.625,0.879,0.9298642533936652,0.8203592814371258,0.8716861081654295,0.5850000000000002,0.08500000000000019,0.125
0.35000000000000003,0.6499999999999999,0.879,0.9298642533936652,0.8203592814371258,0.8716861081654295,0.5850000000000002,0.08500000000000019,0.14999999999999997
0.5,0.5,0.866,0.8379373848987108,0.908183632734531,0.8716475095785441,0.4250000000000001,0.0749999999999999,0.0
0.07500000000000001,0.925,0.876,0.9053763440860215,0.8403193612774451,0.8716356107660456,0.5450000000000002,0.04500000000000015,0.425
0.30000000000000004,0.7,0.858,0.7966942148760331,0.9620758483033932,0.8716094032549728,0.37000000000000005,0.12999999999999995,0.19999999999999996
0.30000000000000004,0.7,0.878,0.9220489977728286,0.8263473053892215,0.871578947368421,0.5650000000000002,0.06500000000000017,0.19999999999999996
0.45,0.55,0.86,0.8064516129032258,0.9481037924151696,0.8715596330275229,0.35000000000000003,0.14999999999999997,0.04999999999999999
0.5,0.5,0.865,0.8327272727272728,0.9141716566866267,0.8715509039010466,0.4150000000000001,0.08499999999999991,0.0
0.55,0.44999999999999996,0.867,0.8445692883895131,0.9001996007984032,0.8714975845410629,0.4350000000000001,0.06499999999999989,0.050000000000000044
0.07500000000000001,0.925,0.877,0.9144736842105263,0.8323353293413174,0.8714733542319749,0.5500000000000003,0.050000000000000266,0.425
0.25,0.75,0.859,0.802013422818792,0.9540918163672655,0.8714676390154968,0.39000000000000007,0.10999999999999993,0.25
0.375,0.625,0.859,0.802013422818792,0.9540918163672655,0.8714676390154968,0.36500000000000005,0.13499999999999995,0.125
0.42500000000000004,0.575,0.859,0.802013422818792,0.9540918163672655,0.8714676390154968,0.35000000000000003,0.14999999999999997,0.07499999999999996
0.5,0.5,0.864,0.8276481149012568,0.9201596806387226,0.8714555765595463,0.4000000000000001,0.09999999999999992,0.0
0.55,0.44999999999999996,0.864,0.8276481149012568,0.9201596806387226,0.8714555765595463,0.39000000000000007,0.10999999999999993,0.050000000000000044
0.47500000000000003,0.5249999999999999,0.869,0.8571428571428571,0.8862275449101796,0.8714425907752699,0.48000000000000015,0.01999999999999985,0.024999999999999967
0.47500000000000003,0.5249999999999999,0.869,0.8571428571428571,0.8862275449101796,0.8714425907752699,0.47500000000000014,0.024999999999999856,0.024999999999999967
0.47500000000000003,0.5249999999999999,0.861,0.8120689655172414,0.9401197604790419,0.8714153561517114,0.36500000000000005,0.13499999999999995,0.024999999999999967
0.325,0.675,0.879,0.9318181818181818,0.8183632734530938,0.871413390010627,0.5850000000000002,0.08500000000000019,0.175
0.35000000000000003,0.6499999999999999,0.858,0.7976782752902156,0.9600798403193613,0.8713768115942029,0.36500000000000005,0.13499999999999995,0.14999999999999997
0.42500000000000004,0.575,0.876,0.9071274298056156,0.8383233532934131,0.8713692946058091,0.5650000000000002,0.06500000000000017,0.07499999999999996
0.325,0.675,0.878,0.9239373601789709,0.8243512974051896,0.8713080168776371,0.5650000000000002,0.06500000000000017,0.175
0.375,0.625,0.875,0.9,0.844311377245509,0.8712667353244078,0.5400000000000003,0.04000000000000026,0.125
0.55,0.44999999999999996,0.867,0.8458646616541353,0.8982035928143712,0.8712487899322362,0.4400000000000001,0.05999999999999989,0.050000000000000044
0.525,0.475,0.859,0.803030303030303,0.9520958083832335,0.8712328767123287,0.325,0.175,0.025000000000000022
0.025,0.975,0.872,0.8782961460446247,0.8642714570858283,0.8712273641851107,0.5150000000000001,0.015000000000000124,0.475
0.5,0.5,0.861,0.8131487889273357,0.93812375249501,0.871177015755329,0.35500000000000004,0.14499999999999996,0.0
0.525,0.475,0.866,0.8404452690166976,0.9041916167664671,0.8711538461538462,0.4300000000000001,0.0699999999999999,0.025000000000000022
0.275,0.725,0.879,0.9337899543378996,0.8163672654690619,0.8711395101171459,0.5800000000000003,0.0800000000000003,0.22499999999999998
0.42500000000000004,0.575,0.871,0.872,0.8702594810379242,0.8711288711288712,0.5100000000000002,0.010000000000000231,0.07499999999999996
0.525,0.475,0.868,0.8527724665391969,0.8902195608782435,0.87109375,0.46000000000000013,0.03999999999999987,0.025000000000000022
0.525,0.475,0.86,0.8085470085470086,0.9441117764471058,0.8710865561694291,0.335,0.16499999999999998,0.025000000000000022
0.375,0.625,0.873,0.8863636363636364,0.8562874251497006,0.8710659898477158,0.5250000000000001,0.025000000000000133,0.125
0.4,0.6,0.878,0.9258426966292135,0.8223552894211577,0.8710359408033826,0.5800000000000003,0.0800000000000003,0.09999999999999998
0.47500000000000003,0.5249999999999999,0.862,0.8189806678383128,0.9301397205588823,0.8710280373831776,0.38500000000000006,0.11499999999999994,0.024999999999999967
0.35000000000000003,0.6499999999999999,0.877,0.918141592920354,0.8283433133732535,0.8709338929695698,0.5550000000000002,0.05500000000000016,0.14999999999999997
0.17500000000000002,0.825,0.858,0.7996661101836394,0.9560878243512974,0.8709090909090909,0.4000000000000001,0.09999999999999992,0.32499999999999996
0.2,0.8,0.858,0.7996661101836394,0.9560878243512974,0.8709090909090909,0.3950000000000001,0.10499999999999993,0.3
0.525,0.475,0.866,0.8417132216014898,0.9021956087824351,0.8709055876685935,0.4350000000000001,0.06499999999999989,0.025000000000000022
0.225,0.775,0.879,0.9357798165137615,0.8143712574850299,0.8708644610458911,0.5800000000000003,0.0800000000000003,0.275
0.35000000000000003,0.6499999999999999,0.857,0.7953795379537953,0.9620758483033932,0.8708220415537489,0.36000000000000004,0.13999999999999996,0.14999999999999997
0.525,0.475,0.865,0.8363970588235294,0.908183632734531,0.8708133971291866,0.4200000000000001,0.0799999999999999,0.025000000000000022
0.0,1.0,0.87,0.8673267326732673,0.874251497005988,0.8707753479125249,0.5050000000000001,0.0050000000000001155,0.5
0.325,0.675,0.878,0.927765237020316,0.8203592814371258,0.8707627118644068,0.5750000000000002,0.07500000000000018,0.175
0.525,0.475,0.859,0.8050847457627118,0.9481037924151696,0.8707607699358387,0.33,0.16999999999999998,0.025000000000000022
0.375,0.625,0.875,0.9034334763948498,0.8403193612774451,0.8707342295760083,0.5450000000000002,0.04500000000000015,0.125
0.225,0.775,0.858,0.8006700167504187,0.9540918163672655,0.8706739526411658,0.3950000000000001,0.10499999999999993,0.275
0.5,0.5,0.858,0.8006700167504187,0.9540918163672655,0.8706739526411658,0.33,0.16999999999999998,0.0
0.375,0.625,0.877,0.92,0.8263473053892215,0.8706624605678234,0.5650000000000002,0.06500000000000017,0.125
0.4,0.6,0.877,0.92,0.8263473053892215,0.8706624605678234,0.5700000000000003,0.07000000000000028,0.09999999999999998
0.5750000000000001,0.42499999999999993,0.866,0.8429906542056075,0.9001996007984032,0.8706563706563707,0.4300000000000001,0.0699999999999999,0.07500000000000007
0.42500000000000004,0.575,0.871,0.875,0.8662674650698603,0.8706118355065195,0.5150000000000001,0.015000000000000124,0.07499999999999996
0.5,0.5,0.86,0.810671256454389,0.9401197604790419,0.8706099815157117,0.35000000000000003,0.14999999999999997,0.0
0.225,0.775,0.879,0.9377880184331797,0.812375249500998,0.8705882352941177,0.5850000000000002,0.08500000000000019,0.275
0.5,0.5,0.868,0.8554913294797688,0.8862275449101796,0.8705882352941177,0.47000000000000014,0.02999999999999986,0.0
0.325,0.675,0.857,0.7963576158940397,0.9600798403193613,0.8705882352941177,0.36500000000000005,0.13499999999999995,0.175
0.125,0.875,0.878,0.9297052154195011,0.8183632734530938,0.8704883227176221,0.5650000000000002,0.06500000000000017,0.375
0.17500000000000002,0.825,0.878,0.9297052154195011,0.8183632734530938,0.8704883227176221,0.5700000000000003,0.07000000000000028,0.32499999999999996
0.325,0.675,0.878,0.9297052154195011,0.8183632734530938,0.8704883227176221,0.5800000000000003,0.0800000000000003,0.175
0.375,0.625,0.875,0.9051724137931034,0.8383233532934131,0.8704663212435233,0.5500000000000003,0.050000000000000266,0.125
0.35000000000000003,0.6499999999999999,0.877,0.921875,0.8243512974051896,0.8703898840885143,0.5600000000000003,0.060000000000000275,0.14999999999999997
0.4,0.6,0.877,0.921875,0.8243512974051896,0.8703898840885143,0.5750000000000002,0.07500000000000018,0.09999999999999998
0.0,1.0,0.863,0.8273381294964028,0.9181636726546906,0.8703878902554399,0.4550000000000001,0.04499999999999987,0.5
0.525,0.475,0.863,0.8273381294964028,0.9181636726546906,0.8703878902554399,0.4000000000000001,0.09999999999999992,0.025000000000000022
0.275,0.725,0.857,0.7973421926910299,0.9580838323353293,0.8703535811423391,0.38000000000000006,0.11999999999999994,0.22499999999999998
0.45,0.55,0.868,0.8568665377176016,0.8842315369261478,0.8703339882121808,0.48000000000000015,0.01999999999999985,0.04999999999999999
0.47500000000000003,0.5249999999999999,0.862,0.822380106571936,0.9241516966067864,0.8703007518796992,0.3950000000000001,0.10499999999999993,0.024999999999999967
0.5,0.5,0.862,0.822380106571936,0.9241516966067864,0.8703007518796992,0.38500000000000006,0.11499999999999994,0.0
0.275,0.725,0.856,0.7931034482758621,0.9640718562874252,0.8702702702702703,0.37000000000000005,0.12999999999999995,0.22499999999999998
0.30000000000000004,0.7,0.856,0.7931034482758621,0.9640718562874252,0.8702702702702703,0.36500000000000005,0.13499999999999995,0.19999999999999996
0.47500000000000003,0.5249999999999999,0.861,0.8175438596491228,0.9301397205588823,0.8702147525676938,0.38000000000000006,0.11999999999999994,0.024999999999999967
0.5,0.5,0.861,0.8175438596491228,0.9301397205588823,0.8702147525676938,0.37500000000000006,0.12499999999999994,0.0
0.1,0.9,0.878,0.9316628701594533,0.8163672654690619,0.8702127659574468,0.5650000000000002,0.06500000000000017,0.4
0.4,0.6,0.878,0.9316628701594533,0.8163672654690619,0.8702127659574468,0.5900000000000003,0.0900000000000003,0.09999999999999998
0.375,0.625,0.878,0.9316628701594533,0.8163672654690619,0.8702127659574468,0.5950000000000002,0.0950000000000002,0.125
0.45,0.55,0.858,0.8026981450252951,0.9500998003992016,0.870201096892139,0.34500000000000003,0.15499999999999997,0.04999999999999999
0.525,0.475,0.863,0.8285198555956679,0.9161676646706587,0.8701421800947867,0.4050000000000001,0.09499999999999992,0.025000000000000022
0.5,0.5,0.86,0.8128249566724437,0.936127744510978,0.8701298701298701,0.36000000000000004,0.13999999999999996,0.0
0.30000000000000004,0.7,0.877,0.9237668161434978,0.8223552894211577,0.870116156282999,0.5700000000000003,0.07000000000000028,0.19999999999999996
0.5,0.5,0.862,0.8235294117647058,0.9221556886227545,0.8700564971751412,0.39000000000000007,0.10999999999999993,0.0
0.375,0.625,0.856,0.7940691927512356,0.9620758483033932,0.8700361010830325,0.35000000000000003,0.14999999999999997,0.125
0.55,0.44999999999999996,0.867,0.8524904214559387,0.8882235528942116,0.8699902248289345,0.46000000000000013,0.03999999999999987,0.050000000000000044
0.55,0.44999999999999996,0.867,0.8524904214559387,0.8882235528942116,0.8699902248289345,0.4550000000000001,0.04499999999999987,0.050000000000000044
0.5,0.5,0.861,0.8186619718309859,0.9281437125748503,0.8699719363891487,0.38000000000000006,0.11999999999999994,0.0
0.2,0.8,0.878,0.9336384439359268,0.8143712574850299,0.8699360341151386,0.5800000000000003,0.0800000000000003,0.3
0.325,0.675,0.878,0.9336384439359268,0.8143712574850299,0.8699360341151386,0.5900000000000003,0.0900000000000003,0.175
0.4,0.6,0.875,0.908695652173913,0.8343313373253493,0.8699271592091571,0.5600000000000003,0.060000000000000275,0.09999999999999998
0.55,0.44999999999999996,0.866,0.8468809073724007,0.8942115768463074,0.8699029126213592,0.4450000000000001,0.05499999999999988,0.050000000000000044
0.55,0.44999999999999996,0.863,0.8297101449275363,0.9141716566866267,0.8698955365622032,0.4000000000000001,0.09999999999999992,0.050000000000000044
0.125,0.875,0.857,0.7993311036789298,0.9540918163672655,0.8698817106460418,0.4050000000000001,0.09499999999999992,0.375
0.225,0.775,0.857,0.7993311036789298,0.9540918163672655,0.8698817106460418,0.39000000000000007,0.10999999999999993,0.275
0.45,0.55,0.857,0.7993311036789298,0.9540918163672655,0.8698817106460418,0.34,0.15999999999999998,0.04999999999999999
0.325,0.675,0.877,0.9256756756756757,0.8203592814371258,0.8698412698412699,0.5700000000000003,0.07000000000000028,0.175
0.5750000000000001,0.42499999999999993,0.865,0.8414179104477612,0.9001996007984032,0.8698167791706847,0.4250000000000001,0.0749999999999999,0.07500000000000007
0.375,0.625,0.856,0.7950413223140496,0.9600798403193613,0.8698010849909584,0.35500000000000004,0.14499999999999996,0.125
0.30000000000000004,0.7,0.878,0.9356321839080459,0.812375249500998,0.8696581196581197,0.5850000000000002,0.08500000000000019,0.19999999999999996
0.375,0.625,0.875,0.9104803493449781,0.8323353293413174,0.8696558915537018,0.5550000000000002,0.05500000000000016,0.125
0.47500000000000003,0.5249999999999999,0.86,0.8150087260034904,0.9321357285429142,0.8696461824953445,0.37500000000000006,0.12499999999999994,0.024999999999999967
0.525,0.475,0.86,0.8150087260034904,0.9321357285429142,0.8696461824953445,0.36500000000000005,0.13499999999999995,0.025000000000000022
0.55,0.44999999999999996,0.857,0.8003355704697986,0.9520958083832335,0.8696444849589791,0.315,0.185,0.050000000000000044
0.4,0.6,0.877,0.9276018099547512,0.8183632734530938,0.8695652173913043,0.5850000000000002,0.08500000000000019,0.09999999999999998
0.525,0.475,0.861,0.8209219858156028,0.9241516966067864,0.8694835680751174,0.38000000000000006,0.11999999999999994,0.025000000000000022
0.525,0.475,0.864,0.8373382624768947,0.9041916167664671,0.8694817658349329,0.4250000000000001,0.0749999999999999,0.025000000000000022
0.55,0.44999999999999996,0.864,0.8373382624768947,0.9041916167664671,0.8694817658349329,0.4200000000000001,0.0799999999999999,0.050000000000000044
0.375,0.625,0.873,0.8961864406779662,0.844311377245509,0.869475847893114,0.5350000000000001,0.03500000000000014,0.125
0.4,0.6,0.873,0.8961864406779662,0.844311377245509,0.869475847893114,0.5450000000000002,0.04500000000000015,0.09999999999999998
0.45,0.55,0.869,0.8685258964143426,0.8702594810379242,0.8693918245264207,0.5050000000000001,0.0050000000000001155,0.04999999999999999
0.4,0.6,0.875,0.9122807017543859,0.8303393213572854,0.8693834900731452,0.5650000000000002,0.06500000000000017,0.09999999999999998
0.275,0.725,0.878,0.9376443418013857,0.810379241516966,0.8693790149892934,0.5850000000000002,0.08500000000000019,0.22499999999999998
0.375,0.625,0.856,0.7970049916805324,0.9560878243512974,0.8693284936479129,0.36000000000000004,0.13999999999999996,0.125
0.525,0.475,0.859,0.8114186851211073,0.936127744510978,0.8693234476367007,0.34500000000000003,0.15499999999999997,0.025000000000000022
0.4,0.6,0.874,0.9049676025917927,0.8363273453093812,0.8692946058091287,0.5550000000000002,0.05500000000000016,0.09999999999999998
0.375,0.625,0.877,0.9295454545454546,0.8163672654690619,0.869287991498406,0.5900000000000003,0.0900000000000003,0.125
0.35000000000000003,0.6499999999999999,0.877,0.9295454545454546,0.8163672654690619,0.869287991498406,0.5900000000000003,0.0900000000000003,0.14999999999999997
0.35000000000000003,0.6499999999999999,0.855,0.7927631578947368,0.9620758483033932,0.8692515779981965,0.35500000000000004,0.14499999999999996,0.14999999999999997
0.5750000000000001,0.42499999999999993,0.861,0.8220640569395018,0.9221556886227545,0.8692380056444027,0.37500000000000006,0.12499999999999994,0.07500000000000007
0.45,0.55,0.87,0.8762677484787018,0.8622754491017964,0.869215291750503,0.5200000000000002,0.02000000000000024,0.04999999999999999
0.45,0.55,0.869,0.87,0.8682634730538922,0.8691308691308691,0.5100000000000002,0.010000000000000231,0.04999999999999999
0.42500000000000004,0.575,0.856,0.7979966611018364,0.9540918163672655,0.8690909090909091,0.34500000000000003,0.15499999999999997,0.07499999999999996
0.5,0.5,0.856,0.7979966611018364,0.9540918163672655,0.8690909090909091,0.325,0.175,0.0
0.55,0.44999999999999996,0.862,0.8282097649186256,0.9141716566866267,0.8690702087286527,0.3950000000000001,0.10499999999999993,0.050000000000000044
0.45,0.55,0.868,0.863905325443787,0.874251497005988,0.8690476190476191,0.49500000000000016,0.004999999999999838,0.04999999999999999
0.42500000000000004,0.575,0.855,0.7937293729372937,0.9600798403193613,0.8690153568202349,0.34,0.15999999999999998,0.07499999999999996
0.42500000000000004,0.575,0.855,0.7937293729372937,0.9600798403193613,0.8690153568202349,0.335,0.16499999999999998,0.07499999999999996
0.2,0.8,0.877,0.9315068493150684,0.8143712574850299,0.8690095846645367,0.5750000000000002,0.07500000000000018,0.3
0.42500000000000004,0.575,0.877,0.9315068493150684,0.8143712574850299,0.8690095846645367,0.5950000000000002,0.0950000000000002,0.07499999999999996
0.42500000000000004,0.575,0.877,0.9315068493150684,0.8143712574850299,0.8690095846645367,0.6000000000000003,0.10000000000000031,0.07499999999999996
0.5750000000000001,0.42499999999999993,0.861,0.8232142857142857,0.9201596806387226,0.8689915174363808,0.38000000000000006,0.11999999999999994,0.07500000000000007
0.55,0.44999999999999996,0.864,0.839851024208566,0.9001996007984032,0.8689788053949904,0.4300000000000001,0.0699999999999999,0.050000000000000044
0.4,0.6,0.856,0.7989949748743719,0.9520958083832335,0.8688524590163934,0.35500000000000004,0.14499999999999996,0.09999999999999998
0.47500000000000003,0.5249999999999999,0.856,0.7989949748743719,0.9520958083832335,0.8688524590163934,0.335,0.16499999999999998,0.024999999999999967
0.55,0.44999999999999996,0.859,0.813588850174216,0.9321357285429142,0.8688372093023256,0.35000000000000003,0.14999999999999997,0.050000000000000044
0.525,0.475,0.862,0.8294010889292196,0.9121756487025948,0.8688212927756654,0.4100000000000001,0.08999999999999991,0.025000000000000022
0.5750000000000001,0.42499999999999993,0.862,0.8294010889292196,0.9121756487025948,0.8688212927756654,0.3950000000000001,0.10499999999999993,0.07500000000000007
0.275,0.725,0.855,0.7947019867549668,0.9580838323353293,0.8687782805429864,0.37500000000000006,0.12499999999999994,0.22499999999999998
0.5750000000000001,0.42499999999999993,0.861,0.8243727598566308,0.9181636726546906,0.8687440982058546,0.38500000000000006,0.11499999999999994,0.07500000000000007
0.6000000000000001,0.3999999999999999,0.861,0.8243727598566308,0.9181636726546906,0.8687440982058546,0.38000000000000006,0.11999999999999994,0.10000000000000009
0.275,0.725,0.854,0.79050736497545,0.9640718562874252,0.8687050359712231,0.36500000000000005,0.13499999999999995,0.22499999999999998
0.30000000000000004,0.7,0.854,0.79050736497545,0.9640718562874252,0.8687050359712231,0.36000000000000004,0.13999999999999996,0.19999999999999996
0.4,0.6,0.854,0.79050736497545,0.9640718562874252,0.8687050359712231,0.34,0.15999999999999998,0.09999999999999998
0.5750000000000001,0.42499999999999993,0.857,0.8044217687074829,0.9441117764471058,0.8686868686868687,0.325,0.175,0.07500000000000007
0.5750000000000001,0.42499999999999993,0.86,0.8194690265486726,0.9241516966067864,0.8686679174484052,0.37000000000000005,0.12999999999999995,0.07500000000000007
0.42500000000000004,0.575,0.873,0.9012875536480687,0.8383233532934131,0.8686659772492245,0.5600000000000003,0.060000000000000275,0.07499999999999996
0.525,0.475,0.866,0.8535645472061657,0.8842315369261478,0.8686274509803922,0.46500000000000014,0.034999999999999865,0.025000000000000022
0.4,0.6,0.872,0.8942917547568711,0.844311377245509,0.8685831622176592,0.5400000000000003,0.04000000000000026,0.09999999999999998
0.07500000000000001,0.925,0.875,0.9177777777777778,0.8243512974051896,0.868559411146162,0.5550000000000002,0.05500000000000016,0.425
0.15000000000000002,0.85,0.855,0.7956810631229236,0.9560878243512974,0.8685403445149592,0.4000000000000001,0.09999999999999992,0.35
0.25,0.75,0.855,0.7956810631229236,0.9560878243512974,0.8685403445149592,0.38000000000000006,0.11999999999999994,0.25
0.45,0.55,0.855,0.7956810631229236,0.9560878243512974,0.8685403445149592,0.335,0.16499999999999998,0.04999999999999999
0.525,0.475,0.855,0.7956810631229236,0.9560878243512974,0.8685403445149592,0.315,0.185,0.025000000000000022
0.42500000000000004,0.575,0.874,0.9102844638949672,0.8303393213572854,0.8684759916492694,0.5700000000000003,0.07000000000000028,0.07499999999999996
0.5750000000000001,0.42499999999999993,0.864,0.8424015009380863,0.8962075848303394,0.8684719535783365,0.4350000000000001,0.06499999999999989,0.07500000000000007
0.325,0.675,0.854,0.7914614121510674,0.9620758483033932,0.8684684684684685,0.36000000000000004,0.13999999999999996,0.175
0.375,0.625,0.854,0.7914614121510674,0.9620758483033932,0.8684684684684685,0.34500000000000003,0.15499999999999997,0.125
0.30000000000000004,0.7,0.877,0.9354838709677419,0.810379241516966,0.8684491978609625,0.5900000000000003,0.0900000000000003,0.19999999999999996
0.325,0.675,0.877,0.9354838709677419,0.810379241516966,0.8684491978609625,0.5950000000000002,0.0950000000000002,0.175
0.47500000000000003,0.5249999999999999,0.867,0.8607843137254902,0.8762475049900199,0.8684470820969338,0.49000000000000016,0.009999999999999842,0.024999999999999967
0.55,0.44999999999999996,0.857,0.8054607508532423,0.9421157684630739,0.8684452621895125,0.33,0.16999999999999998,0.050000000000000044
0.55,0.44999999999999996,0.857,0.8054607508532423,0.9421157684630739,0.8684452621895125,0.325,0.175,0.050000000000000044
0.55,0.44999999999999996,0.863,0.837037037037037,0.9021956087824351,0.8683957732949087,0.4250000000000001,0.0749999999999999,0.050000000000000044
0.55,0.44999999999999996,0.856,0.8010118043844857,0.9481037924151696,0.8683729433272395,0.32,0.18,0.050000000000000044
0.525,0.475,0.862,0.8318098720292505,0.908183632734531,0.8683206106870229,0.4150000000000001,0.08499999999999991,0.025000000000000022
0.25,0.75,0.855,0.7966666666666666,0.9540918163672655,0.8683015440508629,0.38500000000000006,0.11499999999999994,0.25
0.55,0.44999999999999996,0.855,0.7966666666666666,0.9540918163672655,0.8683015440508629,0.31,0.19,0.050000000000000044
0.55,0.44999999999999996,0.865,0.8492366412213741,0.8882235528942116,0.8682926829268293,0.4500000000000001,0.04999999999999988,0.050000000000000044
0.025,0.975,0.858,0.8110918544194108,0.9341317365269461,0.8682745825602969,0.4400000000000001,0.05999999999999989,0.475
0.525,0.475,0.858,0.8110918544194108,0.9341317365269461,0.8682745825602969,0.35500000000000004,0.14499999999999996,0.025000000000000022
0.525,0.475,0.858,0.8110918544194108,0.9341317365269461,0.8682745825602969,0.35000000000000003,0.14999999999999997,0.025000000000000022
0.5750000000000001,0.42499999999999993,0.861,0.8267148014440433,0.9141716566866267,0.8682464454976303,0.39000000000000007,0.10999999999999993,0.07500000000000007
0.4,0.6,0.871,0.8891213389121339,0.8483033932135728,0.8682328907048008,0.5300000000000002,0.03000000000000025,0.09999999999999998
0.45,0.55,0.854,0.7924217462932455,0.9600798403193613,0.868231046931408,0.33,0.16999999999999998,0.04999999999999999
0.55,0.44999999999999996,0.857,0.8065068493150684,0.9401197604790419,0.8682027649769585,0.335,0.16499999999999998,0.050000000000000044
0.5,0.5,0.867,0.8622047244094488,0.874251497005988,0.8681863230921705,0.49500000000000016,0.004999999999999838,0.0
0.2,0.8,0.877,0.9375,0.8083832335329342,0.8681672025723473,0.5850000000000002,0.08500000000000019,0.3
0.5,0.5,0.866,0.8563106796116505,0.8802395209580839,0.8681102362204725,0.47500000000000014,0.024999999999999856,0.0
0.55,0.44999999999999996,0.862,0.8330275229357799,0.906187624750499,0.8680688336520076,0.4150000000000001,0.08499999999999991,0.050000000000000044
0.5,0.5,0.858,0.8121739130434783,0.9321357285429142,0.8680297397769516,0.36500000000000005,0.13499999999999995,0.0
0.525,0.475,0.858,0.8121739130434783,0.9321357285429142,0.8680297397769516,0.36000000000000004,0.13999999999999996,0.025000000000000022
0.0,1.0,0.868,0.8697394789579158,0.8662674650698603,0.868,0.5100000000000002,0.010000000000000231,0.5
0.17500000000000002,0.825,0.854,0.7933884297520661,0.9580838323353293,0.8679927667269439,0.3950000000000001,0.10499999999999993,0.32499999999999996
0.525,0.475,0.857,0.8075601374570447,0.93812375249501,0.8679593721144968,0.34,0.15999999999999998,0.025000000000000022
0.5,0.5,0.867,0.8636363636363636,0.872255489021956,0.8679245283018868,0.5000000000000002,2.220446049250313e-16,0.0
0.47500000000000003,0.5249999999999999,0.867,0.8636363636363636,0.872255489021956,0.8679245283018868,0.5000000000000002,2.220446049250313e-16,0.024999999999999967
0.525,0.475,0.867,0.8636363636363636,0.872255489021956,0.8679245283018868,0.5000000000000002,2.220446049250313e-16,0.025000000000000022
0.45,0.55,0.867,0.8636363636363636,0.872255489021956,0.8679245283018868,0.5000000000000002,2.220446049250313e-16,0.04999999999999999
0.525,0.475,0.867,0.8636363636363636,0.872255489021956,0.8679245283018868,0.49500000000000016,0.004999999999999838,0.025000000000000022
0.6000000000000001,0.3999999999999999,0.86,0.8228980322003577,0.9181636726546906,0.8679245283018868,0.37500000000000006,0.12499999999999994,0.10000000000000009
0.625,0.375,0.86,0.8228980322003577,0.9181636726546906,0.8679245283018868,0.37000000000000005,0.12999999999999995,0.125
0.5750000000000001,0.42499999999999993,0.856,0.8030560271646859,0.9441117764471058,0.8678899082568807,0.32,0.18,0.07500000000000007
0.25,0.75,0.877,0.9395348837209302,0.8063872255489022,0.8678839957035446,0.5900000000000003,0.0900000000000003,0.25
0.30000000000000004,0.7,0.877,0.9395348837209302,0.8063872255489022,0.8678839957035446,0.5950000000000002,0.0950000000000002,0.19999999999999996
0.17500000000000002,0.825,0.876,0.931350114416476,0.812375249500998,0.8678038379530917,0.5750000000000002,0.07500000000000018,0.32499999999999996
0.4,0.6,0.876,0.931350114416476,0.812375249500998,0.8678038379530917,0.5950000000000002,0.0950000000000002,0.09999999999999998
0.35000000000000003,0.6499999999999999,0.876,0.931350114416476,0.812375249500998,0.8678038379530917,0.5950000000000002,0.0950000000000002,0.14999999999999997
0.42500000000000004,0.575,0.876,0.931350114416476,0.812375249500998,0.8678038379530917,0.6050000000000002,0.1050000000000002,0.07499999999999996
0.45,0.55,0.876,0.931350114416476,0.812375249500998,0.8678038379530917,0.6100000000000003,0.11000000000000032,0.04999999999999999
0.5,0.5,0.858,0.8132635253054101,0.9301397205588823,0.8677839851024208,0.37000000000000005,0.12999999999999995,0.0
0.42500000000000004,0.575,0.872,0.8993576017130621,0.8383233532934131,0.8677685950413223,0.5550000000000002,0.05500000000000016,0.07499999999999996
0.525,0.475,0.854,0.7943615257048093,0.9560878243512974,0.8677536231884058,0.31,0.19,0.025000000000000022
0.55,0.44999999999999996,0.861,0.8290909090909091,0.9101796407185628,0.8677450047573739,0.4050000000000001,0.09499999999999992,0.050000000000000044
0.5750000000000001,0.42499999999999993,0.864,0.8462998102466793,0.8902195608782435,0.867704280155642,0.4500000000000001,0.04999999999999988,0.07500000000000007
0.5750000000000001,0.42499999999999993,0.864,0.8462998102466793,0.8902195608782435,0.867704280155642,0.4450000000000001,0.05499999999999988,0.07500000000000007
0.6000000000000001,0.3999999999999999,0.863,0.8408239700374532,0.8962075848303394,0.8676328502415459,0.4250000000000001,0.0749999999999999,0.10000000000000009
0.6000000000000001,0.3999999999999999,0.859,0.8191489361702128,0.9221556886227545,0.8676056338028169,0.36500000000000005,0.13499999999999995,0.10000000000000009
0.6000000000000001,0.3999999999999999,0.862,0.8354898336414048,0.9021956087824351,0.8675623800383877,0.4150000000000001,0.08499999999999991,0.10000000000000009
0.42500000000000004,0.575,0.869,0.8790983606557377,0.8562874251497006,0.8675429726996967,0.5200000000000002,0.02000000000000024,0.07499999999999996
0.45,0.55,0.869,0.8790983606557377,0.8562874251497006,0.8675429726996967,0.5250000000000001,0.025000000000000133,0.04999999999999999
0.525,0.475,0.865,0.8532818532818532,0.8822355289421158,0.8675171736997056,0.47000000000000014,0.02999999999999986,0.025000000000000022
0.225,0.775,0.854,0.7953410981697171,0.9540918163672655,0.867513611615245,0.38500000000000006,0.11499999999999994,0.275
0.45,0.55,0.868,0.8727272727272727,0.8622754491017964,0.8674698795180723,0.5150000000000001,0.015000000000000124,0.04999999999999999
0.6000000000000001,0.3999999999999999,0.86,0.8252252252252252,0.9141716566866267,0.8674242424242424,0.38500000000000006,0.11499999999999994,0.10000000000000009
0.6000000000000001,0.3999999999999999,0.856,0.8051282051282052,0.9401197604790419,0.8674033149171271,0.325,0.175,0.10000000000000009
0.275,0.725,0.852,0.7869918699186992,0.9660678642714571,0.8673835125448028,0.36000000000000004,0.13999999999999996,0.22499999999999998
0.42500000000000004,0.575,0.852,0.7869918699186992,0.9660678642714571,0.8673835125448028,0.325,0.175,0.07499999999999996
0.6000000000000001,0.3999999999999999,0.859,0.8202846975088968,0.9201596806387226,0.8673565380997178,0.37000000000000005,0.12999999999999995,0.10000000000000009
0.625,0.375,0.859,0.8202846975088968,0.9201596806387226,0.8673565380997178,0.36000000000000004,0.13999999999999996,0.125
0.4,0.6,0.87,0.8872651356993737,0.8483033932135728,0.8673469387755102,0.5250000000000001,0.025000000000000133,0.09999999999999998
0.025,0.975,0.87,0.8872651356993737,0.8483033932135728,0.8673469387755102,0.5250000000000001,0.025000000000000133,0.475
0.5,0.5,0.866,0.8605108055009824,0.874251497005988,0.8673267326732673,0.49000000000000016,0.009999999999999842,0.0
0.5750000000000001,0.42499999999999993,0.862,0.8367346938775511,0.9001996007984032,0.8673076923076923,0.4200000000000001,0.0799999999999999,0.07500000000000007
0.25,0.75,0.876,0.9353348729792148,0.8083832335329342,0.867237687366167,0.5850000000000002,0.08500000000000019,0.25
0.35000000000000003,0.6499999999999999,0.876,0.9353348729792148,0.8083832335329342,0.867237687366167,0.6000000000000003,0.10000000000000031,0.14999999999999997
0.2,0.8,0.853,0.7920792079207921,0.9580838323353293,0.8672086720867209,0.39000000000000007,0.10999999999999993,0.3
0.25,0.75,0.853,0.7920792079207921,0.9580838323353293,0.8672086720867209,0.37500000000000006,0.12499999999999994,0.25
0.4,0.6,0.853,0.7920792079207921,0.9580838323353293,0.8672086720867209,0.34500000000000003,0.15499999999999997,0.09999999999999998
0.42500000000000004,0.575,0.875,0.9272727272727272,0.8143712574850299,0.8671625929861849,0.5900000000000003,0.0900000000000003,0.07499999999999996
0.45,0.55,0.875,0.9272727272727272,0.8143712574850299,0.8671625929861849,0.6000000000000003,0.10000000000000031,0.04999999999999999
0.375,0.625,0.852,0.7879282218597063,0.9640718562874252,0.8671454219030521,0.34,0.15999999999999998,0.125
0.4,0.6,0.852,0.7879282218597063,0.9640718562874252,0.8671454219030521,0.335,0.16499999999999998,0.09999999999999998
0.42500000000000004,0.575,0.852,0.7879282218597063,0.9640718562874252,0.8671454219030521,0.33,0.16999999999999998,0.07499999999999996
0.47500000000000003,0.5249999999999999,0.852,0.7879282218597063,0.9640718562874252,0.8671454219030521,0.315,0.185,0.024999999999999967
0.6000000000000001,0.3999999999999999,0.855,0.8016949152542373,0.9441117764471058,0.8670944087992667,0.31,0.19,0.10000000000000009
0.47500000000000003,0.5249999999999999,0.866,0.8619329388560157,0.872255489021956,0.8670634920634921,0.49500000000000016,0.004999999999999838,0.024999999999999967
0.55,0.44999999999999996,0.866,0.8619329388560157,0.872255489021956,0.8670634920634921,0.49500000000000016,0.004999999999999838,0.050000000000000044
0.525,0.475,0.866,0.8619329388560157,0.872255489021956,0.8670634920634921,0.49000000000000016,0.009999999999999842,0.025000000000000022
0.55,0.44999999999999996,0.866,0.8619329388560157,0.872255489021956,0.8670634920634921,0.49000000000000016,0.009999999999999842,0.050000000000000044
0.55,0.44999999999999996,0.858,0.8165784832451499,0.9241516966067864,0.8670411985018727,0.37500000000000006,0.12499999999999994,0.050000000000000044
0.5,0.5,0.853,0.793046357615894,0.9560878243512974,0.8669683257918552,0.32,0.18,0.0
0.225,0.775,0.876,0.9373549883990719,0.8063872255489022,0.8669527896995708,0.5900000000000003,0.0900000000000003,0.275
0.325,0.675,0.876,0.9373549883990719,0.8063872255489022,0.8669527896995708,0.6000000000000003,0.10000000000000031,0.175
0.35000000000000003,0.6499999999999999,0.876,0.9373549883990719,0.8063872255489022,0.8669527896995708,0.6050000000000002,0.1050000000000002,0.14999999999999997
0.25,0.75,0.852,0.7888707037643208,0.9620758483033932,0.8669064748201439,0.37000000000000005,0.12999999999999995,0.25
0.35000000000000003,0.6499999999999999,0.852,0.7888707037643208,0.9620758483033932,0.8669064748201439,0.35000000000000003,0.14999999999999997,0.14999999999999997
0.45,0.55,0.852,0.7888707037643208,0.9620758483033932,0.8669064748201439,0.325,0.175,0.04999999999999999
0.45,0.55,0.875,0.9292237442922374,0.812375249500998,0.8668796592119276,0.6050000000000002,0.1050000000000002,0.04999999999999999
0.4,0.6,0.871,0.8974358974358975,0.8383233532934131,0.8668730650154799,0.5500000000000003,0.050000000000000266,0.09999999999999998
0.5750000000000001,0.42499999999999993,0.863,0.8446969696969697,0.8902195608782435,0.8668610301263362,0.4400000000000001,0.05999999999999989,0.07500000000000007
0.6000000000000001,0.3999999999999999,0.863,0.8446969696969697,0.8902195608782435,0.8668610301263362,0.4400000000000001,0.05999999999999989,0.10000000000000009
0.05,0.95,0.855,0.8027210884353742,0.9421157684630739,0.8668503213957759,0.4300000000000001,0.0699999999999999,0.45
0.47500000000000003,0.5249999999999999,0.865,0.857421875,0.8762475049900199,0.8667324777887463,0.48500000000000015,0.014999999999999847,0.024999999999999967
0.6000000000000001,0.3999999999999999,0.861,0.8339483394833949,0.9021956087824351,0.8667305848513902,0.4100000000000001,0.08999999999999991,0.10000000000000009
0.55,0.44999999999999996,0.857,0.8129370629370629,0.9281437125748503,0.8667287977632805,0.35500000000000004,0.14499999999999996,0.050000000000000044
0.47500000000000003,0.5249999999999999,0.853,0.7940199335548173,0.9540918163672655,0.8667271078875793,0.33,0.16999999999999998,0.024999999999999967
0.275,0.725,0.876,0.9393939393939394,0.8043912175648703,0.8666666666666667,0.5900000000000003,0.0900000000000003,0.22499999999999998
0.55,0.44999999999999996,0.856,0.8082901554404145,0.9341317365269461,0.8666666666666667,0.34500000000000003,0.15499999999999997,0.050000000000000044
0.55,0.44999999999999996,0.856,0.8082901554404145,0.9341317365269461,0.8666666666666667,0.34,0.15999999999999998,0.050000000000000044
0.47500000000000003,0.5249999999999999,0.852,0.7898193760262726,0.9600798403193613,0.8666666666666667,0.32,0.18,0.024999999999999967
0.4,0.6,0.851,0.7857142857142857,0.9660678642714571,0.8666069829901522,0.33,0.16999999999999998,0.09999999999999998
0.6000000000000001,0.3999999999999999,0.855,0.8037542662116041,0.9401197604790419,0.8666053357865685,0.32,0.18,0.10000000000000009
0.6000000000000001,0.3999999999999999,0.855,0.8037542662116041,0.9401197604790419,0.8666053357865685,0.315,0.185,0.10000000000000009
0.625,0.375,0.855,0.8037542662116041,0.9401197604790419,0.8666053357865685,0.315,0.185,0.125
0.625,0.375,0.859,0.8237410071942446,0.9141716566866267,0.8666035950804163,0.37500000000000006,0.12499999999999994,0.125
0.6000000000000001,0.3999999999999999,0.863,0.8460076045627376,0.8882235528942116,0.866601752677702,0.4500000000000001,0.04999999999999988,0.10000000000000009
0.6000000000000001,0.3999999999999999,0.863,0.8460076045627376,0.8882235528942116,0.866601752677702,0.4450000000000001,0.05499999999999988,0.10000000000000009
0.47500000000000003,0.5249999999999999,0.867,0.8709677419354839,0.8622754491017964,0.8665997993981945,0.5200000000000002,0.02000000000000024,0.024999999999999967
0.15000000000000002,0.85,0.875,0.9311926605504587,0.810379241516966,0.8665955176093917,0.5700000000000003,0.07000000000000028,0.35
0.4,0.6,0.875,0.9311926605504587,0.810379241516966,0.8665955176093917,0.6000000000000003,0.10000000000000031,0.09999999999999998
0.5,0.5,0.866,0.8648111332007953,0.8682634730538922,0.8665338645418327,0.5050000000000001,0.0050000000000001155,0.0
0.47500000000000003,0.5249999999999999,0.866,0.8648111332007953,0.8682634730538922,0.8665338645418327,0.5050000000000001,0.0050000000000001155,0.024999999999999967
0.07500000000000001,0.925,0.874,0.9232505643340858,0.8163672654690619,0.8665254237288136,0.5600000000000003,0.060000000000000275,0.425
0.625,0.375,0.861,0.8351851851851851,0.9001996007984032,0.866474543707973,0.4100000000000001,0.08999999999999991,0.125
0.525,0.475,0.865,0.8588235294117647,0.874251497005988,0.8664688427299704,0.48500000000000015,0.014999999999999847,0.025000000000000022
0.17500000000000002,0.825,0.852,0.7907742998352554,0.9580838323353293,0.8664259927797834,0.39000000000000007,0.10999999999999993,0.32499999999999996
0.5750000000000001,0.42499999999999993,0.856,0.8093587521663779,0.9321357285429142,0.8664192949907236,0.34,0.15999999999999998,0.07500000000000007
0.325,0.675,0.876,0.9414519906323185,0.8023952095808383,0.8663793103448276,0.6050000000000002,0.1050000000000002,0.175
0.45,0.55,0.851,0.7866449511400652,0.9640718562874252,0.8663677130044843,0.32,0.18,0.04999999999999999
0.5750000000000001,0.42499999999999993,0.855,0.8047945205479452,0.93812375249501,0.8663594470046083,0.33,0.16999999999999998,0.07500000000000007
0.625,0.375,0.855,0.8047945205479452,0.93812375249501,0.8663594470046083,0.32,0.18,0.125
0.5750000000000001,0.42499999999999993,0.863,0.8473282442748091,0.8862275449101796,0.8663414634146341,0.4550000000000001,0.04499999999999987,0.07500000000000007
0.0,1.0,0.867,0.8724696356275303,0.8602794411177644,0.8663316582914573,0.5150000000000001,0.015000000000000124,0.5
0.45,0.55,0.871,0.9008620689655172,0.8343313373253493,0.8663212435233161,0.5700000000000003,0.07000000000000028,0.04999999999999999
0.5750000000000001,0.42499999999999993,0.854,0.8003384094754653,0.9441117764471058,0.8663003663003663,0.315,0.185,0.07500000000000007
0.5750000000000001,0.42499999999999993,0.854,0.8003384094754653,0.9441117764471058,0.8663003663003663,0.31,0.19,0.07500000000000007
0.625,0.375,0.858,0.8199643493761141,0.9181636726546906,0.8662900188323918,0.36500000000000005,0.13499999999999995,0.125
0.42500000000000004,0.575,0.87,0.8938428874734607,0.8403193612774451,0.8662551440329218,0.5500000000000003,0.050000000000000266,0.07499999999999996
0.07500000000000001,0.925,0.874,0.9251700680272109,0.8143712574850299,0.8662420382165605,0.5650000000000002,0.06500000000000017,0.425
0.42500000000000004,0.575,0.874,0.9251700680272109,0.8143712574850299,0.8662420382165605,0.5850000000000002,0.08500000000000019,0.07499999999999996
0.525,0.475,0.857,0.8151408450704225,0.9241516966067864,0.8662301216089804,0.37500000000000006,0.12499999999999994,0.025000000000000022
0.55,0.44999999999999996,0.857,0.8151408450704225,0.9241516966067864,0.8662301216089804,0.37000000000000005,0.12999999999999995,0.050000000000000044
0.5750000000000001,0.42499999999999993,0.857,0.8151408450704225,0.9241516966067864,0.8662301216089804,0.36500000000000005,0.13499999999999995,0.07500000000000007
0.6000000000000001,0.3999999999999999,0.861,0.8364312267657993,0.8982035928143712,0.8662175168431184,0.4200000000000001,0.0799999999999999,0.10000000000000009
0.55,0.44999999999999996,0.852,0.7917355371900826,0.9560878243512974,0.8661844484629295,0.305,0.195,0.050000000000000044
0.5750000000000001,0.42499999999999993,0.856,0.8104347826086956,0.9301397205588823,0.8661710037174721,0.34500000000000003,0.15499999999999997,0.07500000000000007
0.5750000000000001,0.42499999999999993,0.86,0.8311926605504587,0.9041916167664671,0.8661567877629063,0.4150000000000001,0.08499999999999991,0.07500000000000007
0.5750000000000001,0.42499999999999993,0.86,0.8311926605504587,0.9041916167664671,0.8661567877629063,0.4100000000000001,0.08999999999999991,0.07500000000000007
0.45,0.55,0.868,0.8804123711340206,0.8522954091816367,0.8661257606490872,0.5300000000000002,0.03000000000000025,0.04999999999999999
0.625,0.375,0.855,0.8058419243986255,0.936127744510978,0.866112650046168,0.325,0.175,0.125
0.35000000000000003,0.6499999999999999,0.876,0.9435294117647058,0.8003992015968064,0.8660907127429806,0.6100000000000003,0.11000000000000032,0.14999999999999997
0.6000000000000001,0.3999999999999999,0.862,0.8431001890359168,0.8902195608782435,0.8660194174757282,0.4350000000000001,0.06499999999999989,0.10000000000000009
0.4,0.6,0.869,0.8886554621848739,0.844311377245509,0.8659160696008188,0.5350000000000001,0.03500000000000014,0.09999999999999998
0.42500000000000004,0.575,0.869,0.8886554621848739,0.844311377245509,0.8659160696008188,0.5450000000000002,0.04500000000000015,0.07499999999999996
0.225,0.775,0.851,0.7885245901639344,0.9600798403193613,0.8658865886588659,0.38000000000000006,0.11999999999999994,0.275
0.5,0.5,0.864,0.8557504873294347,0.8762475049900199,0.8658777120315582,0.48000000000000015,0.01999999999999985,0.0
0.7250000000000001,0.2749999999999999,0.855,0.8068965517241379,0.9341317365269461,0.8658649398704903,0.305,0.195,0.2250000000000001
0.4,0.6,0.868,0.8819875776397516,0.8502994011976048,0.8658536585365854,0.5200000000000002,0.02000000000000024,0.09999999999999998
0.25,0.75,0.85,0.7844408427876823,0.9660678642714571,0.8658318425760286,0.36500000000000005,0.13499999999999995,0.25
0.42500000000000004,0.575,0.872,0.9116997792494481,0.8243512974051896,0.8658280922431866,0.5750000000000002,0.07500000000000018,0.07499999999999996
0.025,0.975,0.854,0.8023850085178875,0.9401197604790419,0.8658088235294118,0.4350000000000001,0.06499999999999989,0.475
0.47500000000000003,0.5249999999999999,0.867,0.8755102040816326,0.8562874251497006,0.8657921291624622,0.5300000000000002,0.03000000000000025,0.024999999999999967
0.625,0.375,0.862,0.8444022770398482,0.8882235528942116,0.8657587548638133,0.4450000000000001,0.05499999999999988,0.125
0.625,0.375,0.862,0.8444022770398482,0.8882235528942116,0.8657587548638133,0.4400000000000001,0.05999999999999989,0.125
0.47500000000000003,0.5249999999999999,0.875,0.9372093023255814,0.8043912175648703,0.8657357679914071,0.6200000000000003,0.12000000000000033,0.024999999999999967
0.47500000000000003,0.5249999999999999,0.866,0.869215291750503,0.8622754491017964,0.8657314629258517,0.5150000000000001,0.015000000000000124,0.024999999999999967
0.5,0.5,0.866,0.869215291750503,0.8622754491017964,0.8657314629258517,0.5200000000000002,0.02000000000000024,0.0
0.0,1.0,0.857,0.8173758865248227,0.9201596806387226,0.8657276995305164,0.4500000000000001,0.04999999999999988,0.5
0.625,0.375,0.857,0.8173758865248227,0.9201596806387226,0.8657276995305164,0.35500000000000004,0.14499999999999996,0.125
0.525,0.475,0.874,0.9290617848970252,0.810379241516966,0.8656716417910447,0.6200000000000003,0.12000000000000033,0.025000000000000022
0.55,0.44999999999999996,0.865,0.8630952380952381,0.8682634730538922,0.8656716417910447,0.5000000000000002,2.220446049250313e-16,0.050000000000000044
0.525,0.475,0.865,0.8630952380952381,0.8682634730538922,0.8656716417910447,0.5050000000000001,0.0050000000000001155,0.025000000000000022
0.55,0.44999999999999996,0.856,0.8126094570928196,0.9261477045908184,0.8656716417910447,0.36000000000000004,0.13999999999999996,0.050000000000000044
0.5750000000000001,0.42499999999999993,0.856,0.8126094570928196,0.9261477045908184,0.8656716417910447,0.35500000000000004,0.14499999999999996,0.07500000000000007
0.6000000000000001,0.3999999999999999,0.856,0.8126094570928196,0.9261477045908184,0.8656716417910447,0.35000000000000003,0.14999999999999997,0.10000000000000009
0.2,0.8,0.851,0.7894736842105263,0.9580838323353293,0.8656447249774571,0.38500000000000006,0.11499999999999994,0.3
0.05,0.95,0.869,0.890295358649789,0.8423153692614771,0.8656410256410256,0.5350000000000001,0.03500000000000014,0.45
0.5,0.5,0.864,0.8571428571428571,0.874251497005988,0.8656126482213439,0.48500000000000015,0.014999999999999847,0.0
0.525,0.475,0.864,0.8571428571428571,0.874251497005988,0.8656126482213439,0.48000000000000015,0.01999999999999985,0.025000000000000022
0.55,0.44999999999999996,0.864,0.8571428571428571,0.874251497005988,0.8656126482213439,0.48000000000000015,0.01999999999999985,0.050000000000000044
0.5750000000000001,0.42499999999999993,0.864,0.8571428571428571,0.874251497005988,0.8656126482213439,0.48000000000000015,0.01999999999999985,0.07500000000000007
0.55,0.44999999999999996,0.859,0.8284671532846716,0.906187624750499,0.86558627264061,0.4100000000000001,0.08999999999999991,0.050000000000000044
0.5750000000000001,0.42499999999999993,0.859,0.8284671532846716,0.906187624750499,0.86558627264061,0.4000000000000001,0.09999999999999992,0.07500000000000007
0.65,0.35,0.854,0.8034188034188035,0.93812375249501,0.8655616942909761,0.31,0.19,0.15000000000000002
0.55,0.44999999999999996,0.863,0.8513513513513513,0.8802395209580839,0.8655544651619235,0.46500000000000014,0.034999999999999865,0.050000000000000044
0.5750000000000001,0.42499999999999993,0.863,0.8513513513513513,0.8802395209580839,0.8655544651619235,0.46500000000000014,0.034999999999999865,0.07500000000000007
0.30000000000000004,0.7,0.875,0.9392523364485982,0.8023952095808383,0.8654467168998924,0.6000000000000003,0.10000000000000031,0.19999999999999996
0.45,0.55,0.87,0.8989247311827957,0.8343313373253493,0.865424430641822,0.5650000000000002,0.06500000000000017,0.04999999999999999
0.525,0.475,0.856,0.8137082601054482,0.9241516966067864,0.8654205607476636,0.37000000000000005,0.12999999999999995,0.025000000000000022
0.5750000000000001,0.42499999999999993,0.856,0.8137082601054482,0.9241516966067864,0.8654205607476636,0.36000000000000004,0.13999999999999996,0.07500000000000007
0.6000000000000001,0.3999999999999999,0.856,0.8137082601054482,0.9241516966067864,0.8654205607476636,0.35500000000000004,0.14499999999999996,0.10000000000000009
0.5,0.5,0.851,0.7904290429042904,0.9560878243512974,0.8654019873532068,0.315,0.185,0.0
0.125,0.875,0.874,0.9310344827586207,0.8083832335329342,0.8653846153846154,0.5700000000000003,0.07000000000000028,0.375
0.4,0.6,0.874,0.9310344827586207,0.8083832335329342,0.8653846153846154,0.6050000000000002,0.1050000000000002,0.09999999999999998
0.625,0.375,0.86,0.8348794063079777,0.8982035928143712,0.8653846153846154,0.4150000000000001,0.08499999999999991,0.125
0.2,0.8,0.85,0.7862969004893964,0.9620758483033932,0.8653500897666068,0.38000000000000006,0.11999999999999994,0.3
0.225,0.775,0.85,0.7862969004893964,0.9620758483033932,0.8653500897666068,0.37500000000000006,0.12499999999999994,0.275
0.55,0.44999999999999996,0.864,0.8585461689587426,0.872255489021956,0.8653465346534653,0.48500000000000015,0.014999999999999847,0.050000000000000044
0.5750000000000001,0.42499999999999993,0.864,0.8585461689587426,0.872255489021956,0.8653465346534653,0.48500000000000015,0.014999999999999847,0.07500000000000007
0.6000000000000001,0.3999999999999999,0.864,0.8585461689587426,0.872255489021956,0.8653465346534653,0.48500000000000015,0.014999999999999847,0.10000000000000009
0.6000000000000001,0.3999999999999999,0.859,0.8296703296703297,0.9041916167664671,0.8653295128939829,0.4000000000000001,0.09999999999999992,0.10000000000000009
0.45,0.55,0.873,0.9230769230769231,0.8143712574850299,0.865323435843054,0.5950000000000002,0.0950000000000002,0.04999999999999999
0.47500000000000003,0.5249999999999999,0.873,0.9230769230769231,0.8143712574850299,0.865323435843054,0.6000000000000003,0.10000000000000031,0.024999999999999967
0.5,0.5,0.873,0.9230769230769231,0.8143712574850299,0.865323435843054,0.6050000000000002,0.1050000000000002,0.0
0.42500000000000004,0.575,0.868,0.8851774530271399,0.846307385229541,0.8653061224489796,0.5300000000000002,0.03000000000000025,0.07499999999999996
0.275,0.725,0.849,0.782258064516129,0.9680638722554891,0.8652988403211418,0.35500000000000004,0.14499999999999996,0.22499999999999998
0.65,0.35,0.857,0.8196428571428571,0.9161676646706587,0.8652214891611687,0.36000000000000004,0.13999999999999996,0.15000000000000002
0.07500000000000001,0.925,0.852,0.7956448911222781,0.9481037924151696,0.8652094717668488,0.4200000000000001,0.0799999999999999,0.425
0.5750000000000001,0.42499999999999993,0.852,0.7956448911222781,0.9481037924151696,0.8652094717668488,0.305,0.195,0.07500000000000007
0.6000000000000001,0.3999999999999999,0.856,0.8148148148148148,0.9221556886227545,0.8651685393258427,0.36000000000000004,0.13999999999999996,0.10000000000000009
0.275,0.725,0.875,0.9413145539906104,0.8003992015968064,0.8651564185544768,0.5950000000000002,0.0950000000000002,0.22499999999999998
0.5750000000000001,0.42499999999999993,0.864,0.8599605522682445,0.8702594810379242,0.8650793650793651,0.49000000000000016,0.009999999999999842,0.07500000000000007
0.6000000000000001,0.3999999999999999,0.859,0.8308823529411765,0.9021956087824351,0.8650717703349282,0.4050000000000001,0.09499999999999992,0.10000000000000009
0.625,0.375,0.859,0.8308823529411765,0.9021956087824351,0.8650717703349282,0.4050000000000001,0.09499999999999992,0.125
0.5750000000000001,0.42499999999999993,0.854,0.8055077452667814,0.9341317365269461,0.8650646950092421,0.335,0.16499999999999998,0.07500000000000007
0.6000000000000001,0.3999999999999999,0.854,0.8055077452667814,0.9341317365269461,0.8650646950092421,0.33,0.16999999999999998,0.10000000000000009
0.625,0.375,0.854,0.8055077452667814,0.9341317365269461,0.8650646950092421,0.33,0.16999999999999998,0.125
0.65,0.35,0.854,0.8055077452667814,0.9341317365269461,0.8650646950092421,0.32,0.18,0.15000000000000002
0.35000000000000003,0.6499999999999999,0.849,0.7831715210355987,0.9660678642714571,0.8650580875781948,0.34500000000000003,0.15499999999999997,0.14999999999999997
0.025,0.975,0.868,0.8867924528301887,0.844311377245509,0.8650306748466258,0.5300000000000002,0.03000000000000025,0.475
0.42500000000000004,0.575,0.868,0.8867924528301887,0.844311377245509,0.8650306748466258,0.5400000000000003,0.04000000000000026,0.07499999999999996
0.525,0.475,0.863,0.8540856031128404,0.8762475049900199,0.865024630541872,0.47500000000000014,0.024999999999999856,0.025000000000000022
0.55,0.44999999999999996,0.863,0.8540856031128404,0.8762475049900199,0.865024630541872,0.47500000000000014,0.024999999999999856,0.050000000000000044
0.675,0.32499999999999996,0.858,0.8257713248638838,0.908183632734531,0.8650190114068441,0.37500000000000006,0.12499999999999994,0.17500000000000004
0.625,0.375,0.853,0.8010204081632653,0.9401197604790419,0.8650137741046832,0.31,0.19,0.125
0.42500000000000004,0.575,0.872,0.9172259507829977,0.8183632734530938,0.8649789029535865,0.5800000000000003,0.0800000000000003,0.07499999999999996
0.47500000000000003,0.5249999999999999,0.872,0.9172259507829977,0.8183632734530938,0.8649789029535865,0.5950000000000002,0.0950000000000002,0.024999999999999967
0.47500000000000003,0.5249999999999999,0.867,0.8801652892561983,0.8502994011976048,0.86497461928934,0.5350000000000001,0.03500000000000014,0.024999999999999967
0.65,0.35,0.857,0.8207885304659498,0.9141716566866267,0.8649669499527857,0.36500000000000005,0.13499999999999995,0.15000000000000002
0.05,0.95,0.852,0.7966386554621848,0.9461077844311377,0.864963503649635,0.4250000000000001,0.0749999999999999,0.45
0.47500000000000003,0.5249999999999999,0.866,0.8737270875763747,0.8562874251497006,0.8649193548387096,0.5250000000000001,0.025000000000000133,0.024999999999999967
0.625,0.375,0.861,0.8428030303030303,0.8882235528942116,0.8649173955296404,0.4350000000000001,0.06499999999999989,0.125
0.65,0.35,0.861,0.8428030303030303,0.8882235528942116,0.8649173955296404,0.4350000000000001,0.06499999999999989,0.15000000000000002
0.47500000000000003,0.5249999999999999,0.865,0.8674698795180723,0.8622754491017964,0.8648648648648649,0.5100000000000002,0.010000000000000231,0.024999999999999967
0.55,0.44999999999999996,0.865,0.8674698795180723,0.8622754491017964,0.8648648648648649,0.5250000000000001,0.025000000000000133,0.050000000000000044
0.5750000000000001,0.42499999999999993,0.855,0.8111888111888111,0.9261477045908184,0.8648648648648649,0.35000000000000003,0.14999999999999997,0.07500000000000007
0.30000000000000004,0.7,0.849,0.7840909090909091,0.9640718562874252,0.864816472694718,0.35500000000000004,0.14499999999999996,0.19999999999999996
0.47500000000000003,0.5249999999999999,0.849,0.7840909090909091,0.9640718562874252,0.864816472694718,0.31,0.19,0.024999999999999967
0.7000000000000001,0.29999999999999993,0.854,0.8065630397236615,0.9321357285429142,0.8648148148148148,0.315,0.185,0.20000000000000007
0.65,0.35,0.859,0.8321033210332104,0.9001996007984032,0.8648130393096836,0.4000000000000001,0.09999999999999992,0.15000000000000002
0.5750000000000001,0.42499999999999993,0.864,0.8613861386138614,0.8682634730538922,0.8648111332007953,0.49500000000000016,0.004999999999999838,0.07500000000000007
0.05,0.95,0.869,0.8952991452991453,0.8363273453093812,0.8648090815273478,0.5400000000000003,0.04000000000000026,0.45
0.45,0.55,0.869,0.8952991452991453,0.8363273453093812,0.8648090815273478,0.5600000000000003,0.060000000000000275,0.04999999999999999
0.65,0.35,0.853,0.8020477815699659,0.93812375249501,0.8647654093836247,0.305,0.195,0.15000000000000002
0.675,0.32499999999999996,0.858,0.8269581056466302,0.906187624750499,0.8647619047619047,0.38000000000000006,0.11999999999999994,0.17500000000000004
0.525,0.475,0.873,0.9269406392694064,0.810379241516966,0.8647497337593184,0.6150000000000002,0.11500000000000021,0.025000000000000022
0.47500000000000003,0.5249999999999999,0.867,0.8817427385892116,0.8483033932135728,0.8646998982706002,0.5400000000000003,0.04000000000000026,0.024999999999999967
0.65,0.35,0.856,0.8170515097690941,0.9181636726546906,0.8646616541353384,0.35500000000000004,0.14499999999999996,0.15000000000000002
0.45,0.55,0.871,0.911504424778761,0.8223552894211577,0.8646379853095488,0.5800000000000003,0.0800000000000003,0.04999999999999999
0.47500000000000003,0.5249999999999999,0.871,0.911504424778761,0.8223552894211577,0.8646379853095488,0.5900000000000003,0.0900000000000003,0.024999999999999967
0.47500000000000003,0.5249999999999999,0.85,0.7891268533772653,0.9560878243512974,0.8646209386281588,0.325,0.175,0.024999999999999967
0.55,0.44999999999999996,0.855,0.8122807017543859,0.9241516966067864,0.8646125116713352,0.36500000000000005,0.13499999999999995,0.050000000000000044
0.5,0.5,0.849,0.7850162866449512,0.9620758483033932,0.8645739910313901,0.31,0.19,0.0
0.675,0.32499999999999996,0.854,0.8076256499133448,0.9301397205588823,0.8645640074211502,0.33,0.16999999999999998,0.17500000000000004
0.55,0.44999999999999996,0.864,0.8628230616302187,0.8662674650698603,0.8645418326693227,0.5050000000000001,0.0050000000000001155,0.050000000000000044
0.5750000000000001,0.42499999999999993,0.864,0.8628230616302187,0.8662674650698603,0.8645418326693227,0.5050000000000001,0.0050000000000001155,0.07500000000000007
0.47500000000000003,0.5249999999999999,0.874,0.9370629370629371,0.8023952095808383,0.864516129032258,0.6250000000000002,0.12500000000000022,0.024999999999999967
0.65,0.35,0.853,0.803082191780822,0.936127744510978,0.864516129032258,0.315,0.185,0.15000000000000002
0.5750000000000001,0.42499999999999993,0.858,0.8281535648994516,0.9041916167664671,0.8645038167938931,0.4050000000000001,0.09499999999999992,0.07500000000000007
0.6000000000000001,0.3999999999999999,0.863,0.8568627450980392,0.872255489021956,0.8644906033630069,0.48000000000000015,0.01999999999999985,0.10000000000000009
0.0,1.0,0.852,0.7986463620981388,0.9421157684630739,0.8644688644688645,0.4300000000000001,0.0699999999999999,0.5
0.5,0.5,0.873,0.9288990825688074,0.8083832335329342,0.8644610458911419,0.6150000000000002,0.11500000000000021,0.0
0.525,0.475,0.873,0.9288990825688074,0.8083832335329342,0.8644610458911419,0.6250000000000002,0.12500000000000022,0.025000000000000022
0.625,0.375,0.857,0.8231046931407943,0.9101796407185628,0.8644549763033176,0.38000000000000006,0.11999999999999994,0.125
0.65,0.35,0.857,0.8231046931407943,0.9101796407185628,0.8644549763033176,0.37500000000000006,0.12499999999999994,0.15000000000000002
0.65,0.35,0.862,0.851063829787234,0.8782435129740519,0.8644400785854617,0.47000000000000014,0.02999999999999986,0.15000000000000002
0.5,0.5,0.867,0.8833333333333333,0.846307385229541,0.8644240570846076,0.5500000000000003,0.050000000000000266,0.0
0.05,0.95,0.851,0.794314381270903,0.9481037924151696,0.8644222020018199,0.4200000000000001,0.0799999999999999,0.45
0.6000000000000001,0.3999999999999999,0.861,0.8454198473282443,0.8842315369261478,0.864390243902439,0.4550000000000001,0.04499999999999987,0.10000000000000009
0.625,0.375,0.855,0.8133802816901409,0.9221556886227545,0.8643592142188962,0.35000000000000003,0.14999999999999997,0.125
0.45,0.55,0.871,0.9133333333333333,0.8203592814371258,0.8643533123028391,0.5850000000000002,0.08500000000000019,0.04999999999999999
0.5,0.5,0.871,0.9133333333333333,0.8203592814371258,0.8643533123028391,0.6000000000000003,0.10000000000000031,0.0
0.6000000000000001,0.3999999999999999,0.86,0.839924670433145,0.8902195608782435,0.8643410852713178,0.4300000000000001,0.0699999999999999,0.10000000000000009
0.625,0.375,0.86,0.839924670433145,0.8902195608782435,0.8643410852713178,0.4300000000000001,0.0699999999999999,0.125
0.5,0.5,0.865,0.8704453441295547,0.8582834331337326,0.864321608040201,0.5250000000000001,0.025000000000000133,0.0
0.35000000000000003,0.6499999999999999,0.848,0.7819063004846527,0.9660678642714571,0.8642857142857143,0.34,0.15999999999999998,0.14999999999999997
0.375,0.625,0.848,0.7819063004846527,0.9660678642714571,0.8642857142857143,0.335,0.16499999999999998,0.125
0.4,0.6,0.848,0.7819063004846527,0.9660678642714571,0.8642857142857143,0.325,0.175,0.09999999999999998
0.325,0.675,0.875,0.9476190476190476,0.7944111776447106,0.8642779587404995,0.6100000000000003,0.11000000000000032,0.175
0.6000000000000001,0.3999999999999999,0.864,0.8642714570858283,0.8642714570858283,0.8642714570858283,0.5100000000000002,0.010000000000000231,0.10000000000000009
0.675,0.32499999999999996,0.853,0.8041237113402062,0.9341317365269461,0.8642659279778393,0.315,0.185,0.17500000000000004
0.675,0.32499999999999996,0.853,0.8041237113402062,0.9341317365269461,0.8642659279778393,0.31,0.19,0.17500000000000004
0.7000000000000001,0.29999999999999993,0.853,0.8041237113402062,0.9341317365269461,0.8642659279778393,0.31,0.19,0.20000000000000007
0.7000000000000001,0.29999999999999993,0.853,0.8041237113402062,0.9341317365269461,0.8642659279778393,0.305,0.195,0.20000000000000007
0.7250000000000001,0.2749999999999999,0.853,0.8041237113402062,0.9341317365269461,0.8642659279778393,0.3,0.2,0.2250000000000001
0.625,0.375,0.858,0.8293577981651377,0.9021956087824351,0.864244741873805,0.4000000000000001,0.09999999999999992,0.125
0.6000000000000001,0.3999999999999999,0.863,0.8582677165354331,0.8702594810379242,0.8642220019821606,0.49000000000000016,0.009999999999999842,0.10000000000000009
0.625,0.375,0.852,0.799660441426146,0.9401197604790419,0.8642201834862385,0.305,0.195,0.125
0.6000000000000001,0.3999999999999999,0.857,0.8242753623188406,0.908183632734531,0.8641975308641975,0.39000000000000007,0.10999999999999993,0.10000000000000009
0.625,0.375,0.857,0.8242753623188406,0.908183632734531,0.8641975308641975,0.38500000000000006,0.11499999999999994,0.125
0.675,0.32499999999999996,0.857,0.8242753623188406,0.908183632734531,0.8641975308641975,0.37000000000000005,0.12999999999999995,0.17500000000000004
0.375,0.625,0.873,0.9308755760368663,0.8063872255489022,0.8641711229946524,0.6000000000000003,0.10000000000000031,0.125
0.42500000000000004,0.575,0.873,0.9308755760368663,0.8063872255489022,0.8641711229946524,0.6100000000000003,0.11000000000000032,0.07499999999999996
0.47500000000000003,0.5249999999999999,0.873,0.9308755760368663,0.8063872255489022,0.8641711229946524,0.6150000000000002,0.11500000000000021,0.024999999999999967
0.5,0.5,0.873,0.9308755760368663,0.8063872255489022,0.8641711229946524,0.6200000000000003,0.12000000000000033,0.0
0.42500000000000004,0.575,0.867,0.8849372384937239,0.844311377245509,0.86414708886619,0.5350000000000001,0.03500000000000014,0.07499999999999996
0.45,0.55,0.867,0.8849372384937239,0.844311377245509,0.86414708886619,0.5400000000000003,0.04000000000000026,0.04999999999999999
0.47500000000000003,0.5249999999999999,0.872,0.9229024943310657,0.812375249500998,0.8641188959660298,0.6050000000000002,0.1050000000000002,0.024999999999999967
0.65,0.35,0.855,0.8144876325088339,0.9201596806387226,0.8641049671977507,0.35000000000000003,0.14999999999999997,0.15000000000000002
0.0,1.0,0.866,0.8783505154639175,0.8502994011976048,0.8640973630831643,0.5200000000000002,0.02000000000000024,0.5
0.6000000000000001,0.3999999999999999,0.854,0.8097731239092496,0.9261477045908184,0.8640595903165735,0.34500000000000003,0.15499999999999997,0.10000000000000009
0.7000000000000001,0.29999999999999993,0.854,0.8097731239092496,0.9261477045908184,0.8640595903165735,0.33,0.16999999999999998,0.20000000000000007
0.325,0.675,0.848,0.7828200972447326,0.9640718562874252,0.8640429338103757,0.35500000000000004,0.14499999999999996,0.175
0.325,0.675,0.848,0.7828200972447326,0.9640718562874252,0.8640429338103757,0.35000000000000003,0.14999999999999997,0.175
0.47500000000000003,0.5249999999999999,0.87,0.9076923076923077,0.8243512974051896,0.8640167364016736,0.5850000000000002,0.08500000000000019,0.024999999999999967
0.65,0.35,0.853,0.8051724137931034,0.9321357285429142,0.8640148011100832,0.325,0.175,0.15000000000000002
0.75,0.25,0.853,0.8051724137931034,0.9321357285429142,0.8640148011100832,0.3,0.2,0.25
0.65,0.35,0.857,0.8254545454545454,0.906187624750499,0.8639391056137012,0.38500000000000006,0.11499999999999994,0.15000000000000002
0.25,0.75,0.874,0.9411764705882353,0.7984031936127745,0.8639308855291576,0.5950000000000002,0.0950000000000002,0.25
0.275,0.725,0.874,0.9411764705882353,0.7984031936127745,0.8639308855291576,0.6000000000000003,0.10000000000000031,0.22499999999999998
0.375,0.625,0.874,0.9411764705882353,0.7984031936127745,0.8639308855291576,0.6150000000000002,0.11500000000000021,0.125
0.6000000000000001,0.3999999999999999,0.851,0.7962962962962963,0.9441117764471058,0.8639269406392694,0.305,0.195,0.10000000000000009
0.5750000000000001,0.42499999999999993,0.862,0.8538011695906432,0.874251497005988,0.863905325443787,0.47500000000000014,0.024999999999999856,0.07500000000000007
0.45,0.55,0.867,0.8865546218487395,0.8423153692614771,0.8638689866939611,0.5450000000000002,0.04500000000000015,0.04999999999999999
0.45,0.55,0.867,0.8865546218487395,0.8423153692614771,0.8638689866939611,0.5500000000000003,0.050000000000000266,0.04999999999999999
0.5750000000000001,0.42499999999999993,0.861,0.8480769230769231,0.8802395209580839,0.8638589618021547,0.46000000000000013,0.03999999999999987,0.07500000000000007
0.15000000000000002,0.85,0.849,0.787828947368421,0.9560878243512974,0.8638412984670875,0.3950000000000001,0.10499999999999993,0.35
0.5,0.5,0.872,0.9248291571753986,0.810379241516966,0.8638297872340426,0.6100000000000003,0.11000000000000032,0.0
0.42500000000000004,0.575,0.866,0.8799171842650103,0.8483033932135728,0.8638211382113821,0.5250000000000001,0.025000000000000133,0.07499999999999996
0.45,0.55,0.866,0.8799171842650103,0.8483033932135728,0.8638211382113821,0.5350000000000001,0.03500000000000014,0.04999999999999999
0.625,0.375,0.859,0.8370786516853933,0.8922155688622755,0.863768115942029,0.4200000000000001,0.0799999999999999,0.125
0.675,0.32499999999999996,0.853,0.8062283737024222,0.9301397205588823,0.8637627432808156,0.325,0.175,0.17500000000000004
0.7000000000000001,0.29999999999999993,0.853,0.8062283737024222,0.9301397205588823,0.8637627432808156,0.32,0.18,0.20000000000000007
0.7250000000000001,0.2749999999999999,0.853,0.8062283737024222,0.9301397205588823,0.8637627432808156,0.31,0.19,0.2250000000000001
0.55,0.44999999999999996,0.864,0.8672032193158954,0.8602794411177644,0.8637274549098196,0.5300000000000002,0.03000000000000025,0.050000000000000044
0.5750000000000001,0.42499999999999993,0.863,0.8611111111111112,0.8662674650698603,0.863681592039801,0.5000000000000002,2.220446049250313e-16,0.07500000000000007
0.6000000000000001,0.3999999999999999,0.863,0.8611111111111112,0.8662674650698603,0.863681592039801,0.5050000000000001,0.0050000000000001155,0.10000000000000009
0.7000000000000001,0.29999999999999993,0.857,0.8266423357664233,0.9041916167664671,0.8636796949475691,0.37500000000000006,0.12499999999999994,0.20000000000000007
0.025,0.975,0.851,0.7972972972972973,0.9421157684630739,0.8636779505946935,0.4300000000000001,0.0699999999999999,0.475
0.30000000000000004,0.7,0.874,0.9432624113475178,0.7964071856287425,0.8636363636363636,0.6050000000000002,0.1050000000000002,0.19999999999999996
0.65,0.35,0.856,0.8216216216216217,0.9101796407185628,0.8636363636363636,0.37000000000000005,0.12999999999999995,0.15000000000000002
0.675,0.32499999999999996,0.856,0.8216216216216217,0.9101796407185628,0.8636363636363636,0.36500000000000005,0.13499999999999995,0.17500000000000004
0.675,0.32499999999999996,0.861,0.8494208494208494,0.8782435129740519,0.8635917566241413,0.47000000000000014,0.02999999999999986,0.17500000000000004
0.7000000000000001,0.29999999999999993,0.861,0.8494208494208494,0.8782435129740519,0.8635917566241413,0.47000000000000014,0.02999999999999986,0.20000000000000007
0.6000000000000001,0.3999999999999999,0.861,0.8494208494208494,0.8782435129740519,0.8635917566241413,0.46500000000000014,0.034999999999999865,0.10000000000000009
0.625,0.375,0.861,0.8494208494208494,0.8782435129740519,0.8635917566241413,0.46500000000000014,0.034999999999999865,0.125
0.7000000000000001,0.29999999999999993,0.861,0.8494208494208494,0.8782435129740519,0.8635917566241413,0.46500000000000014,0.034999999999999865,0.20000000000000007
0.375,0.625,0.873,0.9348837209302325,0.8023952095808383,0.8635875402792696,0.6100000000000003,0.11000000000000032,0.125
0.45,0.55,0.873,0.9348837209302325,0.8023952095808383,0.8635875402792696,0.6150000000000002,0.11500000000000021,0.04999999999999999
0.5,0.5,0.866,0.8814968814968815,0.846307385229541,0.8635437881873728,0.5450000000000002,0.04500000000000015,0.0
0.325,0.675,0.847,0.7806451612903226,0.9660678642714571,0.863514719000892,0.34500000000000003,0.15499999999999997,0.175
0.42500000000000004,0.575,0.847,0.7806451612903226,0.9660678642714571,0.863514719000892,0.32,0.18,0.07499999999999996
0.45,0.55,0.847,0.7806451612903226,0.9660678642714571,0.863514719000892,0.315,0.185,0.04999999999999999
0.625,0.375,0.859,0.8383458646616542,0.8902195608782435,0.8635043562439496,0.4250000000000001,0.0749999999999999,0.125
0.5,0.5,0.865,0.875,0.8522954091816367,0.8634984833164813,0.5350000000000001,0.03500000000000014,0.0
0.45,0.55,0.871,0.918918918918919,0.8143712574850299,0.8634920634920635,0.5900000000000003,0.0900000000000003,0.04999999999999999
0.675,0.32499999999999996,0.852,0.8027444253859348,0.9341317365269461,0.8634686346863468,0.305,0.195,0.17500000000000004
0.65,0.35,0.851,0.7983050847457627,0.9401197604790419,0.8634280476626948,0.3,0.2,0.15000000000000002
0.65,0.35,0.857,0.8278388278388278,0.9021956087824351,0.8634192932187201,0.39000000000000007,0.10999999999999993,0.15000000000000002
0.675,0.32499999999999996,0.857,0.8278388278388278,0.9021956087824351,0.8634192932187201,0.39000000000000007,0.10999999999999993,0.17500000000000004
0.525,0.475,0.863,0.8625498007968128,0.8642714570858283,0.8634097706879362,0.5100000000000002,0.010000000000000231,0.025000000000000022
0.5750000000000001,0.42499999999999993,0.863,0.8625498007968128,0.8642714570858283,0.8634097706879362,0.5100000000000002,0.010000000000000231,0.07500000000000007
0.625,0.375,0.862,0.8565815324165029,0.8702594810379242,0.8633663366336634,0.49000000000000016,0.009999999999999842,0.125
0.625,0.375,0.862,0.8565815324165029,0.8702594810379242,0.8633663366336634,0.48500000000000015,0.014999999999999847,0.125
0.07500000000000001,0.925,0.849,0.7897350993377483,0.9520958083832335,0.8633484162895928,0.4150000000000001,0.08499999999999991,0.425
0.5750000000000001,0.42499999999999993,0.849,0.7897350993377483,0.9520958083832335,0.8633484162895928,0.3,0.2,0.07500000000000007
0.35000000000000003,0.6499999999999999,0.874,0.9453681710213777,0.7944111776447106,0.8633405639913232,0.6150000000000002,0.11500000000000021,0.14999999999999997
0.675,0.32499999999999996,0.861,0.8507751937984496,0.8762475049900199,0.8633235004916421,0.47500000000000014,0.024999999999999856,0.17500000000000004
0.55,0.44999999999999996,0.861,0.8507751937984496,0.8762475049900199,0.8633235004916421,0.47000000000000014,0.02999999999999986,0.050000000000000044
0.45,0.55,0.867,0.8898305084745762,0.8383233532934131,0.8633093525179856,0.5550000000000002,0.05500000000000016,0.04999999999999999
0.65,0.35,0.854,0.8130511463844797,0.9201596806387226,0.8632958801498127,0.34500000000000003,0.15499999999999997,0.15000000000000002
0.2,0.8,0.873,0.9369158878504673,0.8003992015968064,0.8632938643702907,0.5900000000000003,0.0900000000000003,0.3
0.625,0.375,0.86,0.8451242829827916,0.8822355289421158,0.86328125,0.4500000000000001,0.04999999999999988,0.125
0.6000000000000001,0.3999999999999999,0.853,0.8083623693379791,0.9261477045908184,0.8632558139534884,0.34,0.15999999999999998,0.10000000000000009
0.7250000000000001,0.2749999999999999,0.853,0.8083623693379791,0.9261477045908184,0.8632558139534884,0.32,0.18,0.2250000000000001
0.65,0.35,0.859,0.839622641509434,0.8882235528942116,0.8632395732298739,0.4300000000000001,0.0699999999999999,0.15000000000000002
0.675,0.32499999999999996,0.852,0.8037865748709122,0.9321357285429142,0.8632162661737524,0.32,0.18,0.17500000000000004
0.05,0.95,0.871,0.920814479638009,0.812375249500998,0.8632025450689289,0.5650000000000002,0.06500000000000017,0.45
0.65,0.35,0.858,0.8342644320297952,0.8942115768463074,0.8631984585741811,0.4150000000000001,0.08499999999999991,0.15000000000000002
0.525,0.475,0.864,0.8701825557809331,0.8562874251497006,0.8631790744466801,0.5300000000000002,0.03000000000000025,0.025000000000000022
0.05,0.95,0.87,0.9131403118040089,0.8183632734530938,0.8631578947368421,0.5550000000000002,0.05500000000000016,0.45
0.5,0.5,0.863,0.864,0.8622754491017964,0.8631368631368631,0.5100000000000002,0.010000000000000231,0.0
0.5,0.5,0.863,0.864,0.8622754491017964,0.8631368631368631,0.5150000000000001,0.015000000000000124,0.0
0.525,0.475,0.863,0.864,0.8622754491017964,0.8631368631368631,0.5150000000000001,0.015000000000000124,0.025000000000000022
0.5750000000000001,0.42499999999999993,0.863,0.864,0.8622754491017964,0.8631368631368631,0.5150000000000001,0.015000000000000124,0.07500000000000007
0.6000000000000001,0.3999999999999999,0.863,0.864,0.8622754491017964,0.8631368631368631,0.5150000000000001,0.015000000000000124,0.10000000000000009
0.625,0.375,0.863,0.864,0.8622754491017964,0.8631368631368631,0.5150000000000001,0.015000000000000124,0.125
0.525,0.475,0.863,0.864,0.8622754491017964,0.8631368631368631,0.5200000000000002,0.02000000000000024,0.025000000000000022
0.55,0.44999999999999996,0.863,0.864,0.8622754491017964,0.8631368631368631,0.5200000000000002,0.02000000000000024,0.050000000000000044
0.5750000000000001,0.42499999999999993,0.863,0.864,0.8622754491017964,0.8631368631368631,0.5200000000000002,0.02000000000000024,0.07500000000000007
0.625,0.375,0.856,0.8239564428312159,0.906187624750499,0.8631178707224335,0.39000000000000007,0.10999999999999993,0.125
0.65,0.35,0.856,0.8239564428312159,0.906187624750499,0.8631178707224335,0.38000000000000006,0.11999999999999994,0.15000000000000002
0.7000000000000001,0.29999999999999993,0.856,0.8239564428312159,0.906187624750499,0.8631178707224335,0.37000000000000005,0.12999999999999995,0.20000000000000007
0.6000000000000001,0.3999999999999999,0.862,0.8579881656804734,0.8682634730538922,0.8630952380952381,0.49500000000000016,0.004999999999999838,0.10000000000000009
0.625,0.375,0.862,0.8579881656804734,0.8682634730538922,0.8630952380952381,0.49500000000000016,0.004999999999999838,0.125
0.55,0.44999999999999996,0.848,0.7865353037766831,0.9560878243512974,0.863063063063063,0.3,0.2,0.050000000000000044
0.5750000000000001,0.42499999999999993,0.861,0.8521400778210116,0.874251497005988,0.8630541871921182,0.47000000000000014,0.02999999999999986,0.07500000000000007
0.325,0.675,0.874,0.9474940334128878,0.7924151696606786,0.8630434782608696,0.6150000000000002,0.11500000000000021,0.175
0.025,0.975,0.867,0.8914893617021277,0.8363273453093812,0.86302780638517,0.5350000000000001,0.03500000000000014,0.475
0.225,0.775,0.847,0.7824675324675324,0.9620758483033932,0.8630259623992838,0.37000000000000005,0.12999999999999995,0.275
0.625,0.375,0.853,0.8094405594405595,0.9241516966067864,0.8630009319664492,0.34500000000000003,0.15499999999999997,0.125
0.65,0.35,0.853,0.8094405594405595,0.9241516966067864,0.8630009319664492,0.34,0.15999999999999998,0.15000000000000002
0.375,0.625,0.846,0.7784911717495987,0.9680638722554891,0.8629893238434164,0.33,0.16999999999999998,0.125
0.45,0.55,0.846,0.7784911717495987,0.9680638722554891,0.8629893238434164,0.31,0.19,0.04999999999999999
0.0,1.0,0.866,0.8846960167714885,0.8423153692614771,0.8629856850715747,0.5250000000000001,0.025000000000000133,0.5
0.47500000000000003,0.5249999999999999,0.866,0.8846960167714885,0.8423153692614771,0.8629856850715747,0.5500000000000003,0.050000000000000266,0.024999999999999967
0.65,0.35,0.852,0.8048359240069085,0.9301397205588823,0.8629629629629629,0.33,0.16999999999999998,0.15000000000000002
0.1,0.9,0.872,0.930715935334873,0.8043912175648703,0.8629550321199143,0.5700000000000003,0.07000000000000028,0.4
0.15000000000000002,0.85,0.872,0.930715935334873,0.8043912175648703,0.8629550321199143,0.5750000000000002,0.07500000000000018,0.35
0.5,0.5,0.872,0.930715935334873,0.8043912175648703,0.8629550321199143,0.6250000000000002,0.12500000000000022,0.0
0.5,0.5,0.865,0.878099173553719,0.8483033932135728,0.8629441624365483,0.5400000000000003,0.04000000000000026,0.0
0.0,1.0,0.851,0.8003412969283277,0.936127744510978,0.8629254829806807,0.4350000000000001,0.06499999999999989,0.5
0.5,0.5,0.864,0.8716904276985743,0.8542914171656687,0.8629032258064516,0.5300000000000002,0.03000000000000025,0.0
0.5750000000000001,0.42499999999999993,0.863,0.8654618473895582,0.8602794411177644,0.8628628628628628,0.5250000000000001,0.025000000000000133,0.07500000000000007
0.6000000000000001,0.3999999999999999,0.856,0.825136612021858,0.9041916167664671,0.8628571428571429,0.3950000000000001,0.10499999999999993,0.10000000000000009
0.6000000000000001,0.3999999999999999,0.862,0.8594059405940594,0.8662674650698603,0.8628230616302187,0.5000000000000002,2.220446049250313e-16,0.10000000000000009
0.625,0.375,0.862,0.8594059405940594,0.8662674650698603,0.8628230616302187,0.5000000000000002,2.220446049250313e-16,0.125
0.05,0.95,0.868,0.9002169197396963,0.8283433133732535,0.8627858627858628,0.5450000000000002,0.04500000000000015,0.45
0.6000000000000001,0.3999999999999999,0.861,0.853515625,0.872255489021956,0.8627838104639685,0.47500000000000014,0.024999999999999856,0.10000000000000009
0.65,0.35,0.86,0.8477842003853564,0.8782435129740519,0.8627450980392157,0.46500000000000014,0.034999999999999865,0.15000000000000002
0.675,0.32499999999999996,0.86,0.8477842003853564,0.8782435129740519,0.8627450980392157,0.46500000000000014,0.034999999999999865,0.17500000000000004
0.65,0.35,0.86,0.8477842003853564,0.8782435129740519,0.8627450980392157,0.46000000000000013,0.03999999999999987,0.15000000000000002
0.675,0.32499999999999996,0.86,0.8477842003853564,0.8782435129740519,0.8627450980392157,0.46000000000000013,0.03999999999999987,0.17500000000000004
0.75,0.25,0.853,0.8105263157894737,0.9221556886227545,0.8627450980392157,0.325,0.175,0.25
0.25,0.75,0.846,0.7793880837359098,0.9660678642714571,0.8627450980392157,0.36000000000000004,0.13999999999999996,0.25
0.325,0.675,0.846,0.7793880837359098,0.9660678642714571,0.8627450980392157,0.34,0.15999999999999998,0.175
0.35000000000000003,0.6499999999999999,0.846,0.7793880837359098,0.9660678642714571,0.8627450980392157,0.335,0.16499999999999998,0.14999999999999997
0.6000000000000001,0.3999999999999999,0.852,0.8058925476603119,0.9281437125748503,0.862708719851577,0.335,0.16499999999999998,0.10000000000000009
0.7000000000000001,0.29999999999999993,0.852,0.8058925476603119,0.9281437125748503,0.862708719851577,0.325,0.175,0.20000000000000007
0.7250000000000001,0.2749999999999999,0.852,0.8058925476603119,0.9281437125748503,0.862708719851577,0.315,0.185,0.2250000000000001
0.75,0.25,0.852,0.8058925476603119,0.9281437125748503,0.862708719851577,0.305,0.195,0.25
0.65,0.35,0.859,0.8422053231939164,0.8842315369261478,0.8627069133398247,0.4400000000000001,0.05999999999999989,0.15000000000000002
0.7000000000000001,0.29999999999999993,0.851,0.8013698630136986,0.9341317365269461,0.8626728110599078,0.3,0.2,0.20000000000000007
0.125,0.875,0.872,0.9327146171693735,0.8023952095808383,0.8626609442060086,0.5750000000000002,0.07500000000000018,0.375
0.17500000000000002,0.825,0.872,0.9327146171693735,0.8023952095808383,0.8626609442060086,0.5800000000000003,0.0800000000000003,0.32499999999999996
0.4,0.6,0.872,0.9327146171693735,0.8023952095808383,0.8626609442060086,0.6100000000000003,0.11000000000000032,0.09999999999999998
0.65,0.35,0.857,0.8314814814814815,0.8962075848303394,0.8626320845341018,0.4050000000000001,0.09499999999999992,0.15000000000000002
0.47500000000000003,0.5249999999999999,0.871,0.9246575342465754,0.8083832335329342,0.8626198083067093,0.6100000000000003,0.11000000000000032,0.024999999999999967
0.55,0.44999999999999996,0.871,0.9246575342465754,0.8083832335329342,0.8626198083067093,0.6250000000000002,0.12500000000000022,0.050000000000000044
0.625,0.375,0.856,0.8263254113345521,0.9021956087824351,0.8625954198473282,0.3950000000000001,0.10499999999999993,0.125
0.675,0.32499999999999996,0.856,0.8263254113345521,0.9021956087824351,0.8625954198473282,0.38500000000000006,0.11499999999999994,0.17500000000000004
0.7000000000000001,0.29999999999999993,0.856,0.8263254113345521,0.9021956087824351,0.8625954198473282,0.38000000000000006,0.11999999999999994,0.20000000000000007
0.525,0.475,0.863,0.8669354838709677,0.8582834331337326,0.8625877632898696,0.5250000000000001,0.025000000000000133,0.025000000000000022
0.1,0.9,0.848,0.7884297520661157,0.9520958083832335,0.8625678119349005,0.4100000000000001,0.08999999999999991,0.4
0.7000000000000001,0.29999999999999993,0.855,0.8212996389891697,0.908183632734531,0.8625592417061612,0.36500000000000005,0.13499999999999995,0.20000000000000007
0.5,0.5,0.869,0.9092920353982301,0.8203592814371258,0.8625393494228751,0.5950000000000002,0.0950000000000002,0.0
0.17500000000000002,0.825,0.847,0.7843137254901961,0.9580838323353293,0.862533692722372,0.38500000000000006,0.11499999999999994,0.32499999999999996
0.675,0.32499999999999996,0.854,0.8163992869875223,0.9141716566866267,0.8625235404896422,0.35500000000000004,0.14499999999999996,0.17500000000000004
0.65,0.35,0.861,0.8549019607843137,0.8702594810379242,0.8625123639960435,0.49000000000000016,0.009999999999999842,0.15000000000000002
0.65,0.35,0.861,0.8549019607843137,0.8702594810379242,0.8625123639960435,0.48500000000000015,0.014999999999999847,0.15000000000000002
0.47500000000000003,0.5249999999999999,0.868,0.9019607843137255,0.8263473053892215,0.8625,0.5800000000000003,0.0800000000000003,0.024999999999999967
0.30000000000000004,0.7,0.846,0.7802907915993538,0.9640718562874252,0.8625,0.35000000000000003,0.14999999999999997,0.19999999999999996
0.25,0.75,0.845,0.7763578274760383,0.9700598802395209,0.8624667258207631,0.35500000000000004,0.14499999999999996,0.25
0.30000000000000004,0.7,0.845,0.7763578274760383,0.9700598802395209,0.8624667258207631,0.34500000000000003,0.15499999999999997,0.19999999999999996
0.65,0.35,0.858,0.8380414312617702,0.8882235528942116,0.8624031007751938,0.4250000000000001,0.0749999999999999,0.15000000000000002
0.42500000000000004,0.575,0.872,0.9347319347319347,0.8003992015968064,0.8623655913978494,0.6150000000000002,0.11500000000000021,0.07499999999999996
0.65,0.35,0.856,0.8275229357798165,0.9001996007984032,0.8623326959847036,0.3950000000000001,0.10499999999999993,0.15000000000000002
0.07500000000000001,0.925,0.871,0.926605504587156,0.8063872255489022,0.8623265741728922,0.5700000000000003,0.07000000000000028,0.425
0.7250000000000001,0.2749999999999999,0.855,0.822463768115942,0.906187624750499,0.862298195631529,0.36500000000000005,0.13499999999999995,0.2250000000000001
0.55,0.44999999999999996,0.87,0.9187358916478555,0.812375249500998,0.8622881355932204,0.6200000000000003,0.12000000000000033,0.050000000000000044
0.125,0.875,0.847,0.7852459016393443,0.9560878243512974,0.8622862286228623,0.4000000000000001,0.09999999999999992,0.375
0.55,0.44999999999999996,0.862,0.8622754491017964,0.8622754491017964,0.8622754491017964,0.5100000000000002,0.010000000000000231,0.050000000000000044
0.625,0.375,0.862,0.8622754491017964,0.8622754491017964,0.8622754491017964,0.5100000000000002,0.010000000000000231,0.125
0.55,0.44999999999999996,0.862,0.8622754491017964,0.8622754491017964,0.8622754491017964,0.5150000000000001,0.015000000000000124,0.050000000000000044
0.5,0.5,0.846,0.7811993517017828,0.9620758483033932,0.8622540250447227,0.305,0.195,0.0
0.675,0.32499999999999996,0.861,0.8562992125984252,0.8682634730538922,0.8622398414271556,0.49000000000000016,0.009999999999999842,0.17500000000000004
0.675,0.32499999999999996,0.853,0.8127208480565371,0.9181636726546906,0.8622305529522024,0.34500000000000003,0.15499999999999997,0.17500000000000004
0.35000000000000003,0.6499999999999999,0.845,0.7772435897435898,0.9680638722554891,0.8622222222222222,0.33,0.16999999999999998,0.14999999999999997
0.4,0.6,0.845,0.7772435897435898,0.9680638722554891,0.8622222222222222,0.32,0.18,0.09999999999999998
0.42500000000000004,0.575,0.845,0.7772435897435898,0.9680638722554891,0.8622222222222222,0.315,0.185,0.07499999999999996
0.45,0.55,0.868,0.9037199124726477,0.8243512974051896,0.8622129436325678,0.5750000000000002,0.07500000000000018,0.04999999999999999
0.75,0.25,0.86,0.8504854368932039,0.874251497005988,0.8622047244094488,0.47500000000000014,0.024999999999999856,0.25
0.6000000000000001,0.3999999999999999,0.86,0.8504854368932039,0.874251497005988,0.8622047244094488,0.47000000000000014,0.02999999999999986,0.10000000000000009
0.625,0.375,0.86,0.8504854368932039,0.874251497005988,0.8622047244094488,0.47000000000000014,0.02999999999999986,0.125
0.775,0.22499999999999998,0.852,0.8080279232111692,0.9241516966067864,0.8621973929236499,0.305,0.195,0.275
0.8,0.19999999999999996,0.852,0.8080279232111692,0.9241516966067864,0.8621973929236499,0.3,0.2,0.30000000000000004
0.6000000000000001,0.3999999999999999,0.859,0.8448275862068966,0.8802395209580839,0.8621700879765396,0.46000000000000013,0.03999999999999987,0.10000000000000009
0.65,0.35,0.859,0.8448275862068966,0.8802395209580839,0.8621700879765396,0.4500000000000001,0.04999999999999988,0.15000000000000002
0.675,0.32499999999999996,0.85,0.7989778534923339,0.936127744510978,0.8621323529411765,0.3,0.2,0.17500000000000004
0.47500000000000003,0.5249999999999999,0.865,0.8828451882845189,0.8423153692614771,0.8621041879468846,0.5450000000000002,0.04500000000000015,0.024999999999999967
0.17500000000000002,0.825,0.872,0.936768149882904,0.7984031936127745,0.8620689655172413,0.5850000000000002,0.08500000000000019,0.32499999999999996
0.025,0.975,0.848,0.7903494176372712,0.9481037924151696,0.8620689655172413,0.4200000000000001,0.0799999999999999,0.475
0.7250000000000001,0.2749999999999999,0.855,0.8236363636363636,0.9041916167664671,0.8620361560418649,0.37000000000000005,0.12999999999999995,0.2250000000000001
0.6000000000000001,0.3999999999999999,0.862,0.8637274549098196,0.8602794411177644,0.862,0.5200000000000002,0.02000000000000024,0.10000000000000009
0.47500000000000003,0.5249999999999999,0.845,0.7781350482315113,0.9660678642714571,0.8619768477292965,0.305,0.195,0.024999999999999967
0.65,0.35,0.861,0.857707509881423,0.8662674650698603,0.8619662363455809,0.49500000000000016,0.004999999999999838,0.15000000000000002
0.55,0.44999999999999996,0.869,0.9129464285714286,0.8163672654690619,0.8619599578503688,0.6150000000000002,0.11500000000000021,0.050000000000000044
0.35000000000000003,0.6499999999999999,0.844,0.7742448330683624,0.9720558882235529,0.8619469026548673,0.325,0.175,0.14999999999999997
0.675,0.32499999999999996,0.852,0.809106830122592,0.9221556886227545,0.8619402985074627,0.34,0.15999999999999998,0.17500000000000004
0.775,0.22499999999999998,0.852,0.809106830122592,0.9221556886227545,0.8619402985074627,0.31,0.19,0.275
0.8250000000000001,0.17499999999999993,0.852,0.809106830122592,0.9221556886227545,0.8619402985074627,0.3,0.2,0.32500000000000007
0.625,0.375,0.86,0.8518518518518519,0.872255489021956,0.8619329388560157,0.48000000000000015,0.01999999999999985,0.125
0.65,0.35,0.86,0.8518518518518519,0.872255489021956,0.8619329388560157,0.48000000000000015,0.01999999999999985,0.15000000000000002
0.75,0.25,0.86,0.8518518518518519,0.872255489021956,0.8619329388560157,0.48000000000000015,0.01999999999999985,0.25
0.625,0.375,0.86,0.8518518518518519,0.872255489021956,0.8619329388560157,0.47500000000000014,0.024999999999999856,0.125
0.0,1.0,0.851,0.8044982698961938,0.9281437125748503,0.8619091751621872,0.4400000000000001,0.05999999999999989,0.5
0.625,0.375,0.859,0.8461538461538461,0.8782435129740519,0.861900097943193,0.46000000000000013,0.03999999999999987,0.125
0.7000000000000001,0.29999999999999993,0.859,0.8461538461538461,0.8782435129740519,0.861900097943193,0.46000000000000013,0.03999999999999987,0.20000000000000007
0.625,0.375,0.859,0.8461538461538461,0.8782435129740519,0.861900097943193,0.4550000000000001,0.04499999999999987,0.125
0.65,0.35,0.859,0.8461538461538461,0.8782435129740519,0.861900097943193,0.4550000000000001,0.04499999999999987,0.15000000000000002
0.675,0.32499999999999996,0.859,0.8461538461538461,0.8782435129740519,0.861900097943193,0.4550000000000001,0.04499999999999987,0.17500000000000004
0.65,0.35,0.857,0.8352059925093633,0.8902195608782435,0.8618357487922705,0.4200000000000001,0.0799999999999999,0.15000000000000002
0.47500000000000003,0.5249999999999999,0.865,0.884453781512605,0.8403193612774451,0.8618219037871033,0.5550000000000002,0.05500000000000016,0.024999999999999967
0.30000000000000004,0.7,0.873,0.9473684210526315,0.7904191616766467,0.8618063112078346,0.6100000000000003,0.11000000000000032,0.19999999999999996
0.7000000000000001,0.29999999999999993,0.854,0.8198198198198198,0.908183632734531,0.8617424242424242,0.36000000000000004,0.13999999999999996,0.20000000000000007
0.375,0.625,0.871,0.9305555555555556,0.8023952095808383,0.8617363344051447,0.6050000000000002,0.1050000000000002,0.125
0.5750000000000001,0.42499999999999993,0.862,0.8651911468812877,0.8582834331337326,0.8617234468937875,0.5300000000000002,0.03000000000000025,0.07500000000000007
0.675,0.32499999999999996,0.853,0.8149466192170819,0.9141716566866267,0.8617121354656632,0.35000000000000003,0.14999999999999997,0.17500000000000004
0.625,0.375,0.861,0.8591269841269841,0.8642714570858283,0.8616915422885573,0.5050000000000001,0.0050000000000001155,0.125
0.775,0.22499999999999998,0.852,0.8101933216168717,0.9201596806387226,0.8616822429906542,0.32,0.18,0.275
0.775,0.22499999999999998,0.852,0.8101933216168717,0.9201596806387226,0.8616822429906542,0.315,0.185,0.275
0.8,0.19999999999999996,0.852,0.8101933216168717,0.9201596806387226,0.8616822429906542,0.31,0.19,0.30000000000000004
0.525,0.475,0.869,0.9147982062780269,0.8143712574850299,0.8616684266103485,0.6100000000000003,0.11000000000000032,0.025000000000000022
0.7000000000000001,0.29999999999999993,0.86,0.8532289628180039,0.8702594810379242,0.8616600790513834,0.48500000000000015,0.014999999999999847,0.20000000000000007
0.7250000000000001,0.2749999999999999,0.86,0.8532289628180039,0.8702594810379242,0.8616600790513834,0.48500000000000015,0.014999999999999847,0.2250000000000001
0.625,0.375,0.851,0.8055555555555556,0.9261477045908184,0.861652739090065,0.335,0.16499999999999998,0.125
0.75,0.25,0.851,0.8055555555555556,0.9261477045908184,0.861652739090065,0.31,0.19,0.25
0.65,0.35,0.856,0.8311688311688312,0.8942115768463074,0.8615384615384616,0.4100000000000001,0.08999999999999991,0.15000000000000002
0.675,0.32499999999999996,0.856,0.8311688311688312,0.8942115768463074,0.8615384615384616,0.4050000000000001,0.09499999999999992,0.17500000000000004
0.675,0.32499999999999996,0.856,0.8311688311688312,0.8942115768463074,0.8615384615384616,0.4000000000000001,0.09999999999999992,0.17500000000000004
0.225,0.775,0.872,0.9408983451536643,0.7944111776447106,0.8614718614718615,0.5950000000000002,0.0950000000000002,0.275
0.25,0.75,0.872,0.9408983451536643,0.7944111776447106,0.8614718614718615,0.6000000000000003,0.10000000000000031,0.25
0.275,0.725,0.872,0.9408983451536643,0.7944111776447106,0.8614718614718615,0.6050000000000002,0.1050000000000002,0.22499999999999998
0.375,0.625,0.844,0.776,0.9680638722554891,0.8614564831261101,0.325,0.175,0.125
0.625,0.375,0.851,0.8066202090592335,0.9241516966067864,0.8613953488372093,0.34,0.15999999999999998,0.125
0.65,0.35,0.851,0.8066202090592335,0.9241516966067864,0.8613953488372093,0.335,0.16499999999999998,0.15000000000000002
0.05,0.95,0.869,0.9166666666666666,0.812375249500998,0.8613756613756614,0.5600000000000003,0.060000000000000275,0.45
0.7000000000000001,0.29999999999999993,0.859,0.8488372093023255,0.874251497005988,0.8613569321533924,0.47500000000000014,0.024999999999999856,0.20000000000000007
0.7250000000000001,0.2749999999999999,0.859,0.8488372093023255,0.874251497005988,0.8613569321533924,0.47500000000000014,0.024999999999999856,0.2250000000000001
0.7250000000000001,0.2749999999999999,0.859,0.8488372093023255,0.874251497005988,0.8613569321533924,0.47000000000000014,0.02999999999999986,0.2250000000000001
0.675,0.32499999999999996,0.858,0.8432122370936902,0.8802395209580839,0.861328125,0.4450000000000001,0.05499999999999988,0.17500000000000004
0.675,0.32499999999999996,0.858,0.8432122370936902,0.8802395209580839,0.861328125,0.4400000000000001,0.05999999999999989,0.17500000000000004
0.625,0.375,0.848,0.7932773109243697,0.9421157684630739,0.8613138686131386,0.3,0.2,0.125
0.675,0.32499999999999996,0.856,0.8324022346368715,0.8922155688622755,0.861271676300578,0.4100000000000001,0.08999999999999991,0.17500000000000004
0.05,0.95,0.846,0.7848932676518884,0.9540918163672655,0.8612612612612612,0.4100000000000001,0.08999999999999991,0.45
0.7000000000000001,0.29999999999999993,0.855,0.8272058823529411,0.8982035928143712,0.861244019138756,0.38500000000000006,0.11499999999999994,0.20000000000000007
0.675,0.32499999999999996,0.853,0.8172043010752689,0.9101796407185628,0.8611898016997167,0.36000000000000004,0.13999999999999996,0.17500000000000004
0.275,0.725,0.843,0.773015873015873,0.9720558882235529,0.861184792219275,0.34500000000000003,0.15499999999999997,0.22499999999999998
0.4,0.6,0.871,0.9345794392523364,0.7984031936127745,0.8611410118406889,0.6150000000000002,0.11500000000000021,0.09999999999999998
0.45,0.55,0.871,0.9345794392523364,0.7984031936127745,0.8611410118406889,0.6200000000000003,0.12000000000000033,0.04999999999999999
0.65,0.35,0.861,0.862,0.8602794411177644,0.8611388611388612,0.5200000000000002,0.02000000000000024,0.15000000000000002
0.0,1.0,0.851,0.8076923076923077,0.9221556886227545,0.8611369990680335,0.4450000000000001,0.05499999999999988,0.5
0.7250000000000001,0.2749999999999999,0.851,0.8076923076923077,0.9221556886227545,0.8611369990680335,0.325,0.175,0.2250000000000001
0.75,0.25,0.851,0.8076923076923077,0.9221556886227545,0.8611369990680335,0.32,0.18,0.25
0.75,0.25,0.851,0.8076923076923077,0.9221556886227545,0.8611369990680335,0.315,0.185,0.25
0.55,0.44999999999999996,0.87,0.9264367816091954,0.8043912175648703,0.8611111111111112,0.6300000000000003,0.13000000000000034,0.050000000000000044
0.675,0.32499999999999996,0.86,0.8560157790927022,0.8662674650698603,0.8611111111111112,0.5000000000000002,2.220446049250313e-16,0.17500000000000004
0.675,0.32499999999999996,0.86,0.8560157790927022,0.8662674650698603,0.8611111111111112,0.49500000000000016,0.004999999999999838,0.17500000000000004
0.675,0.32499999999999996,0.859,0.8501945525291829,0.872255489021956,0.8610837438423645,0.48000000000000015,0.01999999999999985,0.17500000000000004
0.65,0.35,0.859,0.8501945525291829,0.872255489021956,0.8610837438423645,0.47500000000000014,0.024999999999999856,0.15000000000000002
0.7250000000000001,0.2749999999999999,0.858,0.8445297504798465,0.8782435129740519,0.8610567514677103,0.46000000000000013,0.03999999999999987,0.2250000000000001
0.7000000000000001,0.29999999999999993,0.858,0.8445297504798465,0.8782435129740519,0.8610567514677103,0.4550000000000001,0.04499999999999987,0.20000000000000007
0.7000000000000001,0.29999999999999993,0.858,0.8445297504798465,0.8782435129740519,0.8610567514677103,0.4500000000000001,0.04999999999999988,0.20000000000000007
0.7000000000000001,0.29999999999999993,0.858,0.8445297504798465,0.8782435129740519,0.8610567514677103,0.4450000000000001,0.05499999999999988,0.20000000000000007
0.07500000000000001,0.925,0.846,0.785831960461285,0.9520958083832335,0.8610108303249098,0.4100000000000001,0.08999999999999991,0.425
0.47500000000000003,0.5249999999999999,0.866,0.896328293736501,0.8283433133732535,0.8609958506224067,0.5750000000000002,0.07500000000000018,0.024999999999999967
0.5,0.5,0.866,0.896328293736501,0.8283433133732535,0.8609958506224067,0.5800000000000003,0.0800000000000003,0.0
0.5,0.5,0.866,0.896328293736501,0.8283433133732535,0.8609958506224067,0.5850000000000002,0.08500000000000019,0.0
0.525,0.475,0.866,0.896328293736501,0.8283433133732535,0.8609958506224067,0.5900000000000003,0.0900000000000003,0.025000000000000022
0.675,0.32499999999999996,0.855,0.8284132841328413,0.8962075848303394,0.8609779482262704,0.3950000000000001,0.10499999999999993,0.17500000000000004
0.7000000000000001,0.29999999999999993,0.855,0.8284132841328413,0.8962075848303394,0.8609779482262704,0.39000000000000007,0.10999999999999993,0.20000000000000007
0.7250000000000001,0.2749999999999999,0.855,0.8284132841328413,0.8962075848303394,0.8609779482262704,0.39000000000000007,0.10999999999999993,0.2250000000000001
0.5,0.5,0.844,0.7777777777777778,0.9640718562874252,0.8609625668449198,0.3,0.2,0.0
0.525,0.475,0.864,0.8825995807127882,0.8403193612774451,0.8609406952965235,0.5550000000000002,0.05500000000000016,0.025000000000000022
0.325,0.675,0.843,0.7738853503184714,0.9700598802395209,0.8609388839681134,0.335,0.16499999999999998,0.175
0.525,0.475,0.862,0.869653767820774,0.8522954091816367,0.8608870967741935,0.5350000000000001,0.03500000000000014,0.025000000000000022
0.7000000000000001,0.29999999999999993,0.851,0.8087719298245614,0.9201596806387226,0.8608776844070962,0.335,0.16499999999999998,0.20000000000000007
0.8,0.19999999999999996,0.851,0.8087719298245614,0.9201596806387226,0.8608776844070962,0.305,0.195,0.30000000000000004
0.625,0.375,0.861,0.8634538152610441,0.8582834331337326,0.8608608608608609,0.5200000000000002,0.02000000000000024,0.125
0.6000000000000001,0.3999999999999999,0.861,0.8634538152610441,0.8582834331337326,0.8608608608608609,0.5250000000000001,0.025000000000000133,0.10000000000000009
0.625,0.375,0.861,0.8634538152610441,0.8582834331337326,0.8608608608608609,0.5250000000000001,0.025000000000000133,0.125
0.775,0.22499999999999998,0.85,0.804159445407279,0.9261477045908184,0.8608534322820037,0.3,0.2,0.275
0.65,0.35,0.86,0.8574257425742574,0.8642714570858283,0.8608349900596421,0.5000000000000002,2.220446049250313e-16,0.15000000000000002
0.65,0.35,0.86,0.8574257425742574,0.8642714570858283,0.8608349900596421,0.5050000000000001,0.0050000000000001155,0.15000000000000002
0.7250000000000001,0.2749999999999999,0.859,0.8515625,0.8702594810379242,0.8608094768015795,0.48000000000000015,0.01999999999999985,0.2250000000000001
0.7250000000000001,0.2749999999999999,0.858,0.8458574181117534,0.8762475049900199,0.8607843137254902,0.46500000000000014,0.034999999999999865,0.2250000000000001
0.025,0.975,0.847,0.7909698996655519,0.9441117764471058,0.8607825295723385,0.4250000000000001,0.0749999999999999,0.475
0.6000000000000001,0.3999999999999999,0.847,0.7909698996655519,0.9441117764471058,0.8607825295723385,0.3,0.2,0.10000000000000009
0.675,0.32499999999999996,0.857,0.8403041825095057,0.8822355289421158,0.8607594936708861,0.4350000000000001,0.06499999999999989,0.17500000000000004
0.525,0.475,0.845,0.7826797385620915,0.9560878243512974,0.8607367475292004,0.305,0.195,0.025000000000000022
0.675,0.32499999999999996,0.856,0.8348968105065666,0.8882235528942116,0.8607350096711799,0.4200000000000001,0.0799999999999999,0.17500000000000004
0.05,0.95,0.867,0.9052863436123348,0.8203592814371258,0.8607329842931937,0.5500000000000003,0.050000000000000266,0.45
0.2,0.8,0.844,0.778675282714055,0.9620758483033932,0.8607142857142858,0.37500000000000006,0.12499999999999994,0.3
0.7000000000000001,0.29999999999999993,0.855,0.8296296296296296,0.8942115768463074,0.8607108549471661,0.4000000000000001,0.09999999999999992,0.20000000000000007
0.7000000000000001,0.29999999999999993,0.855,0.8296296296296296,0.8942115768463074,0.8607108549471661,0.3950000000000001,0.10499999999999993,0.20000000000000007
0.275,0.725,0.843,0.7747603833865815,0.9680638722554891,0.8606921029281278,0.35000000000000003,0.14999999999999997,0.22499999999999998
0.45,0.55,0.843,0.7747603833865815,0.9680638722554891,0.8606921029281278,0.305,0.195,0.04999999999999999
0.47500000000000003,0.5249999999999999,0.865,0.8910256410256411,0.8323353293413174,0.8606811145510835,0.5650000000000002,0.06500000000000017,0.024999999999999967
0.325,0.675,0.842,0.7709320695102686,0.9740518962075848,0.8606701940035273,0.33,0.16999999999999998,0.175
0.525,0.475,0.862,0.8711656441717791,0.8502994011976048,0.8606060606060606,0.5400000000000003,0.04000000000000026,0.025000000000000022
0.275,0.725,0.872,0.947242206235012,0.7884231536926147,0.8605664488017429,0.6100000000000003,0.11000000000000032,0.22499999999999998
0.30000000000000004,0.7,0.872,0.947242206235012,0.7884231536926147,0.8605664488017429,0.6150000000000002,0.11500000000000021,0.19999999999999996
0.2,0.8,0.871,0.9386792452830188,0.7944111776447106,0.8605405405405405,0.5950000000000002,0.0950000000000002,0.3
0.4,0.6,0.871,0.9386792452830188,0.7944111776447106,0.8605405405405405,0.6200000000000003,0.12000000000000033,0.09999999999999998
0.7250000000000001,0.2749999999999999,0.859,0.8529411764705882,0.8682634730538922,0.8605341246290801,0.49000000000000016,0.009999999999999842,0.2250000000000001
0.75,0.25,0.859,0.8529411764705882,0.8682634730538922,0.8605341246290801,0.48500000000000015,0.014999999999999847,0.25
0.65,0.35,0.857,0.8416030534351145,0.8802395209580839,0.8604878048780488,0.4450000000000001,0.05499999999999988,0.15000000000000002
0.7250000000000001,0.2749999999999999,0.857,0.8416030534351145,0.8802395209580839,0.8604878048780488,0.4400000000000001,0.05999999999999989,0.2250000000000001
0.675,0.32499999999999996,0.856,0.8361581920903954,0.8862275449101796,0.8604651162790697,0.4250000000000001,0.0749999999999999,0.17500000000000004
0.30000000000000004,0.7,0.842,0.7717908082408875,0.9720558882235529,0.8604240282685512,0.34,0.15999999999999998,0.19999999999999996
0.675,0.32499999999999996,0.85,0.806282722513089,0.9221556886227545,0.8603351955307262,0.335,0.16499999999999998,0.17500000000000004
0.65,0.35,0.86,0.8602794411177644,0.8602794411177644,0.8602794411177644,0.5150000000000001,0.015000000000000124,0.15000000000000002
0.7000000000000001,0.29999999999999993,0.859,0.8543307086614174,0.8662674650698603,0.8602576808721506,0.49500000000000016,0.004999999999999838,0.20000000000000007
0.7000000000000001,0.29999999999999993,0.859,0.8543307086614174,0.8662674650698603,0.8602576808721506,0.49000000000000016,0.009999999999999842,0.20000000000000007
0.225,0.775,0.871,0.9407582938388626,0.7924151696606786,0.8602383531960996,0.6000000000000003,0.10000000000000031,0.275
0.775,0.22499999999999998,0.858,0.8485436893203884,0.872255489021956,0.860236220472441,0.48000000000000015,0.01999999999999985,0.275
0.1,0.9,0.845,0.7845394736842105,0.9520958083832335,0.8602344454463481,0.4050000000000001,0.09499999999999992,0.4
0.1,0.9,0.87,0.9324009324009324,0.7984031936127745,0.8602150537634409,0.5750000000000002,0.07500000000000018,0.4
0.5,0.5,0.87,0.9324009324009324,0.7984031936127745,0.8602150537634409,0.6300000000000003,0.13000000000000034,0.0
0.7250000000000001,0.2749999999999999,0.857,0.842911877394636,0.8782435129740519,0.8602150537634409,0.4550000000000001,0.04499999999999987,0.2250000000000001
0.675,0.32499999999999996,0.857,0.842911877394636,0.8782435129740519,0.8602150537634409,0.4500000000000001,0.04999999999999988,0.17500000000000004
0.7250000000000001,0.2749999999999999,0.857,0.842911877394636,0.8782435129740519,0.8602150537634409,0.4500000000000001,0.04999999999999988,0.2250000000000001
0.675,0.32499999999999996,0.856,0.8374291115311909,0.8842315369261478,0.8601941747572815,0.4300000000000001,0.0699999999999999,0.17500000000000004
0.5750000000000001,0.42499999999999993,0.869,0.9243119266055045,0.8043912175648703,0.8601921024546425,0.6350000000000002,0.13500000000000023,0.07500000000000007
0.675,0.32499999999999996,0.855,0.832089552238806,0.8902195608782435,0.8601735776277725,0.4150000000000001,0.08499999999999991,0.17500000000000004
0.7250000000000001,0.2749999999999999,0.854,0.8268876611418048,0.8962075848303394,0.8601532567049809,0.38500000000000006,0.11499999999999994,0.2250000000000001
0.7000000000000001,0.29999999999999993,0.852,0.8168761220825853,0.908183632734531,0.8601134215500945,0.35500000000000004,0.14499999999999996,0.20000000000000007
0.7250000000000001,0.2749999999999999,0.852,0.8168761220825853,0.908183632734531,0.8601134215500945,0.35500000000000004,0.14499999999999996,0.2250000000000001
0.47500000000000003,0.5249999999999999,0.865,0.8943965517241379,0.8283433133732535,0.8601036269430051,0.5700000000000003,0.07000000000000028,0.024999999999999967
0.7000000000000001,0.29999999999999993,0.851,0.8120567375886525,0.9141716566866267,0.860093896713615,0.34500000000000003,0.15499999999999997,0.20000000000000007
0.47500000000000003,0.5249999999999999,0.864,0.8874734607218684,0.8343313373253493,0.8600823045267489,0.5600000000000003,0.060000000000000275,0.024999999999999967
0.7250000000000001,0.2749999999999999,0.85,0.8073555166374781,0.9201596806387226,0.8600746268656716,0.33,0.16999999999999998,0.2250000000000001
0.025,0.975,0.845,0.7854785478547854,0.9500998003992016,0.8599819331526649,0.4150000000000001,0.08499999999999991,0.475
0.7000000000000001,0.29999999999999993,0.859,0.8557312252964426,0.8642714570858283,0.8599801390268124,0.5000000000000002,2.220446049250313e-16,0.20000000000000007
0.7000000000000001,0.29999999999999993,0.859,0.8557312252964426,0.8642714570858283,0.8599801390268124,0.5050000000000001,0.0050000000000001155,0.20000000000000007
0.7000000000000001,0.29999999999999993,0.858,0.8499025341130604,0.8702594810379242,0.8599605522682445,0.48000000000000015,0.01999999999999985,0.20000000000000007
0.225,0.775,0.843,0.7774193548387097,0.9620758483033932,0.8599464763603925,0.36500000000000005,0.13499999999999995,0.275
0.75,0.25,0.857,0.8442307692307692,0.8762475049900199,0.8599412340842312,0.46500000000000014,0.034999999999999865,0.25
0.375,0.625,0.842,0.773524720893142,0.9680638722554891,0.8599290780141844,0.32,0.18,0.125
0.15000000000000002,0.85,0.87,0.9344262295081968,0.7964071856287425,0.8599137931034483,0.5800000000000003,0.0800000000000003,0.35
0.5750000000000001,0.42499999999999993,0.867,0.9107142857142857,0.8143712574850299,0.8598524762908325,0.6200000000000003,0.12000000000000033,0.07500000000000007
0.7250000000000001,0.2749999999999999,0.852,0.818018018018018,0.906187624750499,0.8598484848484849,0.36000000000000004,0.13999999999999996,0.2250000000000001
0.75,0.25,0.852,0.818018018018018,0.906187624750499,0.8598484848484849,0.35500000000000004,0.14499999999999996,0.25
0.7250000000000001,0.2749999999999999,0.85,0.8084358523725835,0.9181636726546906,0.8598130841121495,0.335,0.16499999999999998,0.2250000000000001
0.07500000000000001,0.925,0.844,0.7823240589198036,0.9540918163672655,0.8597122302158273,0.4050000000000001,0.09499999999999992,0.425
0.675,0.32499999999999996,0.859,0.8571428571428571,0.8622754491017964,0.8597014925373134,0.5050000000000001,0.0050000000000001155,0.17500000000000004
0.65,0.35,0.859,0.8571428571428571,0.8622754491017964,0.8597014925373134,0.5100000000000002,0.010000000000000231,0.15000000000000002
0.675,0.32499999999999996,0.858,0.8512720156555773,0.8682634730538922,0.8596837944664032,0.48500000000000015,0.014999999999999847,0.17500000000000004
0.775,0.22499999999999998,0.857,0.8455598455598455,0.874251497005988,0.8596663395485771,0.47500000000000014,0.024999999999999856,0.275
0.75,0.25,0.857,0.8455598455598455,0.874251497005988,0.8596663395485771,0.47000000000000014,0.02999999999999986,0.25
0.775,0.22499999999999998,0.857,0.8455598455598455,0.874251497005988,0.8596663395485771,0.47000000000000014,0.02999999999999986,0.275
0.8,0.19999999999999996,0.857,0.8455598455598455,0.874251497005988,0.8596663395485771,0.47000000000000014,0.02999999999999986,0.30000000000000004
0.7000000000000001,0.29999999999999993,0.856,0.84,0.8802395209580839,0.8596491228070176,0.4400000000000001,0.05999999999999989,0.20000000000000007
0.7000000000000001,0.29999999999999993,0.856,0.84,0.8802395209580839,0.8596491228070176,0.4350000000000001,0.06499999999999989,0.20000000000000007
0.7250000000000001,0.2749999999999999,0.856,0.84,0.8802395209580839,0.8596491228070176,0.4350000000000001,0.06499999999999989,0.2250000000000001
0.75,0.25,0.856,0.84,0.8802395209580839,0.8596491228070176,0.4350000000000001,0.06499999999999989,0.25
0.775,0.22499999999999998,0.856,0.84,0.8802395209580839,0.8596491228070176,0.4350000000000001,0.06499999999999989,0.275
0.2,0.8,0.871,0.9449760765550239,0.7884231536926147,0.8596300326441785,0.6000000000000003,0.10000000000000031,0.3
0.45,0.55,0.87,0.9364705882352942,0.7944111776447106,0.8596112311015118,0.6250000000000002,0.12500000000000022,0.04999999999999999
0.525,0.475,0.869,0.9282407407407407,0.8003992015968064,0.8595927116827439,0.6300000000000003,0.13000000000000034,0.025000000000000022
0.75,0.25,0.852,0.8191681735985533,0.9041916167664671,0.8595825426944972,0.36000000000000004,0.13999999999999996,0.25
0.7000000000000001,0.29999999999999993,0.851,0.8142857142857143,0.9101796407185628,0.8595664467483506,0.35000000000000003,0.14999999999999997,0.20000000000000007
0.75,0.25,0.85,0.8095238095238095,0.9161676646706587,0.8595505617977528,0.33,0.16999999999999998,0.25
0.8,0.19999999999999996,0.85,0.8095238095238095,0.9161676646706587,0.8595505617977528,0.315,0.185,0.30000000000000004
0.8250000000000001,0.17499999999999993,0.85,0.8095238095238095,0.9161676646706587,0.8595505617977528,0.305,0.195,0.32500000000000007
0.5,0.5,0.865,0.8978260869565218,0.8243512974051896,0.8595213319458896,0.5900000000000003,0.0900000000000003,0.0
0.525,0.475,0.865,0.8978260869565218,0.8243512974051896,0.8595213319458896,0.5950000000000002,0.0950000000000002,0.025000000000000022
0.5,0.5,0.864,0.8907922912205567,0.8303393213572854,0.859504132231405,0.5750000000000002,0.07500000000000018,0.0
0.525,0.475,0.864,0.8907922912205567,0.8303393213572854,0.859504132231405,0.5850000000000002,0.08500000000000019,0.025000000000000022
0.5,0.5,0.863,0.8839662447257384,0.8363273453093812,0.8594871794871795,0.5600000000000003,0.060000000000000275,0.0
0.5750000000000001,0.42499999999999993,0.863,0.8839662447257384,0.8363273453093812,0.8594871794871795,0.5700000000000003,0.07000000000000028,0.07500000000000007
0.525,0.475,0.862,0.8773388773388774,0.8423153692614771,0.8594704684317719,0.5500000000000003,0.050000000000000266,0.025000000000000022
0.525,0.475,0.843,0.7792207792207793,0.9580838323353293,0.8594449418084154,0.3,0.2,0.025000000000000022
0.6000000000000001,0.3999999999999999,0.86,0.8646464646464647,0.8542914171656687,0.8594377510040161,0.5300000000000002,0.03000000000000025,0.10000000000000009
0.375,0.625,0.841,0.7714285714285715,0.9700598802395209,0.8594164456233422,0.315,0.185,0.125
0.42500000000000004,0.575,0.841,0.7714285714285715,0.9700598802395209,0.8594164456233422,0.31,0.19,0.07499999999999996
0.75,0.25,0.858,0.8526522593320236,0.8662674650698603,0.8594059405940594,0.49000000000000016,0.009999999999999842,0.25
0.75,0.25,0.856,0.8413001912045889,0.8782435129740519,0.859375,0.4500000000000001,0.04999999999999988,0.25
0.7250000000000001,0.2749999999999999,0.856,0.8413001912045889,0.8782435129740519,0.859375,0.4450000000000001,0.05499999999999988,0.2250000000000001
0.75,0.25,0.856,0.8413001912045889,0.8782435129740519,0.859375,0.4450000000000001,0.05499999999999988,0.25
0.75,0.25,0.856,0.8413001912045889,0.8782435129740519,0.859375,0.4400000000000001,0.05999999999999989,0.25
0.7000000000000001,0.29999999999999993,0.855,0.8358490566037736,0.8842315369261478,0.8593598448108632,0.4250000000000001,0.0749999999999999,0.20000000000000007
0.7000000000000001,0.29999999999999993,0.854,0.8305400372439479,0.8902195608782435,0.859344894026975,0.4050000000000001,0.09499999999999992,0.20000000000000007
0.7250000000000001,0.2749999999999999,0.853,0.8253676470588235,0.8962075848303394,0.8593301435406698,0.38000000000000006,0.11999999999999994,0.2250000000000001
0.375,0.625,0.871,0.9471153846153846,0.7864271457085829,0.8593238822246456,0.6250000000000002,0.12500000000000022,0.125
0.525,0.475,0.869,0.9302325581395349,0.7984031936127745,0.8592910848549946,0.6350000000000002,0.13500000000000023,0.025000000000000022
0.8250000000000001,0.17499999999999993,0.85,0.8106194690265487,0.9141716566866267,0.8592870544090057,0.315,0.185,0.32500000000000007
0.8250000000000001,0.17499999999999993,0.85,0.8106194690265487,0.9141716566866267,0.8592870544090057,0.31,0.19,0.32500000000000007
0.8500000000000001,0.1499999999999999,0.85,0.8106194690265487,0.9141716566866267,0.8592870544090057,0.31,0.19,0.3500000000000001
0.8500000000000001,0.1499999999999999,0.85,0.8106194690265487,0.9141716566866267,0.8592870544090057,0.305,0.195,0.3500000000000001
0.525,0.475,0.866,0.9068736141906873,0.8163672654690619,0.8592436974789915,0.6050000000000002,0.1050000000000002,0.025000000000000022
0.0,1.0,0.845,0.7883333333333333,0.9441117764471058,0.8592188919164396,0.4250000000000001,0.0749999999999999,0.5
0.55,0.44999999999999996,0.863,0.885593220338983,0.8343313373253493,0.8591983556012333,0.5650000000000002,0.06500000000000017,0.050000000000000044
0.55,0.44999999999999996,0.863,0.885593220338983,0.8343313373253493,0.8591983556012333,0.5700000000000003,0.07000000000000028,0.050000000000000044
0.5750000000000001,0.42499999999999993,0.863,0.885593220338983,0.8343313373253493,0.8591983556012333,0.5750000000000002,0.07500000000000018,0.07500000000000007
0.525,0.475,0.861,0.8724279835390947,0.846307385229541,0.8591691995947315,0.5450000000000002,0.04500000000000015,0.025000000000000022
0.4,0.6,0.841,0.7722929936305732,0.9680638722554891,0.8591674047829938,0.315,0.185,0.09999999999999998
0.7250000000000001,0.2749999999999999,0.858,0.854043392504931,0.8642714570858283,0.8591269841269841,0.5000000000000002,2.220446049250313e-16,0.2250000000000001
0.75,0.25,0.858,0.854043392504931,0.8642714570858283,0.8591269841269841,0.5000000000000002,2.220446049250313e-16,0.25
0.775,0.22499999999999998,0.858,0.854043392504931,0.8642714570858283,0.8591269841269841,0.5000000000000002,2.220446049250313e-16,0.275
0.7250000000000001,0.2749999999999999,0.858,0.854043392504931,0.8642714570858283,0.8591269841269841,0.49500000000000016,0.004999999999999838,0.2250000000000001
0.75,0.25,0.858,0.854043392504931,0.8642714570858283,0.8591269841269841,0.49500000000000016,0.004999999999999838,0.25
0.775,0.22499999999999998,0.858,0.854043392504931,0.8642714570858283,0.8591269841269841,0.49500000000000016,0.004999999999999838,0.275
0.75,0.25,0.856,0.8426103646833013,0.8762475049900199,0.8590998043052838,0.46000000000000013,0.03999999999999987,0.25
0.775,0.22499999999999998,0.856,0.8426103646833013,0.8762475049900199,0.8590998043052838,0.46000000000000013,0.03999999999999987,0.275
0.7000000000000001,0.29999999999999993,0.854,0.8317757009345794,0.8882235528942116,0.859073359073359,0.4100000000000001,0.08999999999999991,0.20000000000000007
0.7250000000000001,0.2749999999999999,0.854,0.8317757009345794,0.8882235528942116,0.859073359073359,0.4050000000000001,0.09499999999999992,0.2250000000000001
0.8,0.19999999999999996,0.85,0.8117229129662522,0.9121756487025948,0.8590225563909775,0.325,0.175,0.30000000000000004
0.8250000000000001,0.17499999999999993,0.85,0.8117229129662522,0.9121756487025948,0.8590225563909775,0.32,0.18,0.32500000000000007
0.8500000000000001,0.1499999999999999,0.85,0.8117229129662522,0.9121756487025948,0.8590225563909775,0.315,0.185,0.3500000000000001
0.17500000000000002,0.825,0.87,0.9406175771971497,0.7904191616766467,0.8590021691973969,0.5950000000000002,0.0950000000000002,0.32499999999999996
0.25,0.75,0.87,0.9406175771971497,0.7904191616766467,0.8590021691973969,0.6050000000000002,0.1050000000000002,0.25
0.05,0.95,0.844,0.7851239669421488,0.9481037924151696,0.8589511754068716,0.4150000000000001,0.08499999999999991,0.45
0.05,0.95,0.843,0.7810457516339869,0.9540918163672655,0.8589398023360287,0.4050000000000001,0.09499999999999992,0.45
0.47500000000000003,0.5249999999999999,0.841,0.7731629392971247,0.9660678642714571,0.8589174800354925,0.3,0.2,0.024999999999999967
0.7250000000000001,0.2749999999999999,0.858,0.8554455445544554,0.8622754491017964,0.8588469184890656,0.5050000000000001,0.0050000000000001155,0.2250000000000001
0.775,0.22499999999999998,0.856,0.8439306358381503,0.874251497005988,0.8588235294117647,0.46500000000000014,0.034999999999999865,0.275
0.8,0.19999999999999996,0.856,0.8439306358381503,0.874251497005988,0.8588235294117647,0.46500000000000014,0.034999999999999865,0.30000000000000004
0.8250000000000001,0.17499999999999993,0.856,0.8439306358381503,0.874251497005988,0.8588235294117647,0.46500000000000014,0.034999999999999865,0.32500000000000007
0.8,0.19999999999999996,0.856,0.8439306358381503,0.874251497005988,0.8588235294117647,0.46000000000000013,0.03999999999999987,0.30000000000000004
0.8250000000000001,0.17499999999999993,0.856,0.8439306358381503,0.874251497005988,0.8588235294117647,0.46000000000000013,0.03999999999999987,0.32500000000000007
0.7250000000000001,0.2749999999999999,0.854,0.8330206378986866,0.8862275449101796,0.8588007736943907,0.4100000000000001,0.08999999999999991,0.2250000000000001
0.75,0.25,0.854,0.8330206378986866,0.8862275449101796,0.8588007736943907,0.4100000000000001,0.08999999999999991,0.25
0.7250000000000001,0.2749999999999999,0.852,0.8226691042047533,0.8982035928143712,0.8587786259541985,0.37500000000000006,0.12499999999999994,0.2250000000000001
0.375,0.625,0.87,0.9427207637231504,0.7884231536926147,0.8586956521739131,0.6200000000000003,0.12000000000000033,0.125
0.42500000000000004,0.575,0.869,0.9342723004694836,0.7944111776447106,0.8586839266450917,0.6200000000000003,0.12000000000000033,0.07499999999999996
0.55,0.44999999999999996,0.865,0.9030837004405287,0.8183632734530938,0.8586387434554974,0.6100000000000003,0.11000000000000032,0.050000000000000044
0.55,0.44999999999999996,0.864,0.89587852494577,0.8243512974051896,0.8586278586278586,0.6000000000000003,0.10000000000000031,0.050000000000000044
0.5,0.5,0.863,0.8888888888888888,0.8303393213572854,0.8586171310629515,0.5700000000000003,0.07000000000000028,0.0
0.525,0.475,0.863,0.8888888888888888,0.8303393213572854,0.8586171310629515,0.5750000000000002,0.07500000000000018,0.025000000000000022
0.525,0.475,0.863,0.8888888888888888,0.8303393213572854,0.8586171310629515,0.5800000000000003,0.0800000000000003,0.025000000000000022
0.55,0.44999999999999996,0.863,0.8888888888888888,0.8303393213572854,0.8586171310629515,0.5800000000000003,0.0800000000000003,0.050000000000000044
0.5,0.5,0.862,0.8821052631578947,0.8363273453093812,0.8586065573770492,0.5550000000000002,0.05500000000000016,0.0
0.65,0.35,0.859,0.8629032258064516,0.8542914171656687,0.8585757271815446,0.5250000000000001,0.025000000000000133,0.15000000000000002
0.675,0.32499999999999996,0.858,0.856858846918489,0.8602794411177644,0.8585657370517928,0.5100000000000002,0.010000000000000231,0.17500000000000004
0.775,0.22499999999999998,0.857,0.8509803921568627,0.8662674650698603,0.8585558852621167,0.48500000000000015,0.014999999999999847,0.275
0.8,0.19999999999999996,0.856,0.8452611218568665,0.872255489021956,0.8585461689587426,0.47500000000000014,0.024999999999999856,0.30000000000000004
0.775,0.22499999999999998,0.855,0.8396946564885496,0.8782435129740519,0.8585365853658536,0.4400000000000001,0.05999999999999989,0.275
0.7000000000000001,0.29999999999999993,0.854,0.8342749529190208,0.8842315369261478,0.8585271317829457,0.4200000000000001,0.0799999999999999,0.20000000000000007
0.7250000000000001,0.2749999999999999,0.854,0.8342749529190208,0.8842315369261478,0.8585271317829457,0.4200000000000001,0.0799999999999999,0.2250000000000001
0.775,0.22499999999999998,0.854,0.8342749529190208,0.8842315369261478,0.8585271317829457,0.4100000000000001,0.08999999999999991,0.275
0.7250000000000001,0.2749999999999999,0.853,0.828996282527881,0.8902195608782435,0.8585178055822906,0.3950000000000001,0.10499999999999993,0.2250000000000001
0.75,0.25,0.852,0.8238532110091743,0.8962075848303394,0.858508604206501,0.38000000000000006,0.11999999999999994,0.25
0.7250000000000001,0.2749999999999999,0.85,0.813953488372093,0.908183632734531,0.8584905660377359,0.35000000000000003,0.14999999999999997,0.2250000000000001
0.775,0.22499999999999998,0.849,0.8091872791519434,0.9141716566866267,0.8584817244611059,0.325,0.175,0.275
0.8500000000000001,0.1499999999999999,0.849,0.8091872791519434,0.9141716566866267,0.8584817244611059,0.3,0.2,0.3500000000000001
0.07500000000000001,0.925,0.842,0.7788617886178861,0.9560878243512974,0.8584229390681004,0.4000000000000001,0.09999999999999992,0.425
0.35000000000000003,0.6499999999999999,0.839,0.7672955974842768,0.9740518962075848,0.8583992963940194,0.32,0.18,0.14999999999999997
0.47500000000000003,0.5249999999999999,0.869,0.9363207547169812,0.7924151696606786,0.8583783783783784,0.6300000000000003,0.13000000000000034,0.024999999999999967
0.5750000000000001,0.42499999999999993,0.866,0.9123595505617977,0.810379241516966,0.8583509513742071,0.6250000000000002,0.12500000000000022,0.07500000000000007
0.625,0.375,0.859,0.8643724696356275,0.8522954091816367,0.8582914572864322,0.5300000000000002,0.03000000000000025,0.125
0.65,0.35,0.859,0.8643724696356275,0.8522954091816367,0.8582914572864322,0.5300000000000002,0.03000000000000025,0.15000000000000002
0.675,0.32499999999999996,0.858,0.8582834331337326,0.8582834331337326,0.8582834331337326,0.5200000000000002,0.02000000000000024,0.17500000000000004
0.8,0.19999999999999996,0.857,0.8523622047244095,0.8642714570858283,0.8582755203171457,0.49500000000000016,0.004999999999999838,0.30000000000000004
0.775,0.22499999999999998,0.857,0.8523622047244095,0.8642714570858283,0.8582755203171457,0.49000000000000016,0.009999999999999842,0.275
0.8,0.19999999999999996,0.856,0.8466019417475729,0.8702594810379242,0.8582677165354331,0.48000000000000015,0.01999999999999985,0.30000000000000004
0.75,0.25,0.855,0.8409961685823755,0.8762475049900199,0.8582600195503421,0.4550000000000001,0.04499999999999987,0.25
0.775,0.22499999999999998,0.855,0.8409961685823755,0.8762475049900199,0.8582600195503421,0.4550000000000001,0.04499999999999987,0.275
0.8,0.19999999999999996,0.855,0.8409961685823755,0.8762475049900199,0.8582600195503421,0.4550000000000001,0.04499999999999987,0.30000000000000004
0.775,0.22499999999999998,0.855,0.8409961685823755,0.8762475049900199,0.8582600195503421,0.4500000000000001,0.04999999999999988,0.275
0.775,0.22499999999999998,0.855,0.8409961685823755,0.8762475049900199,0.8582600195503421,0.4450000000000001,0.05499999999999988,0.275
0.875,0.125,0.855,0.8409961685823755,0.8762475049900199,0.8582600195503421,0.4450000000000001,0.05499999999999988,0.375
0.9,0.09999999999999998,0.855,0.8409961685823755,0.8762475049900199,0.8582600195503421,0.4400000000000001,0.05999999999999989,0.4
0.75,0.25,0.851,0.82,0.9001996007984032,0.8582302568981922,0.36500000000000005,0.13499999999999995,0.25
0.75,0.25,0.849,0.8102836879432624,0.9121756487025948,0.8582159624413146,0.335,0.16499999999999998,0.25
0.775,0.22499999999999998,0.849,0.8102836879432624,0.9121756487025948,0.8582159624413146,0.33,0.16999999999999998,0.275
0.875,0.125,0.849,0.8102836879432624,0.9121756487025948,0.8582159624413146,0.305,0.195,0.375
0.0,1.0,0.843,0.7838283828382838,0.9481037924151696,0.8581752484191508,0.4200000000000001,0.0799999999999999,0.5
0.30000000000000004,0.7,0.839,0.7681388012618297,0.9720558882235529,0.8581497797356828,0.335,0.16499999999999998,0.19999999999999996
0.4,0.6,0.839,0.7681388012618297,0.9720558882235529,0.8581497797356828,0.31,0.19,0.09999999999999998
0.35000000000000003,0.6499999999999999,0.87,0.946987951807229,0.7844311377245509,0.8580786026200873,0.6200000000000003,0.12000000000000033,0.14999999999999997
0.325,0.675,0.87,0.946987951807229,0.7844311377245509,0.8580786026200873,0.6200000000000003,0.12000000000000033,0.175
0.17500000000000002,0.825,0.869,0.9383886255924171,0.7904191616766467,0.8580715059588299,0.5900000000000003,0.0900000000000003,0.32499999999999996
0.025,0.975,0.863,0.8922413793103449,0.8263473053892215,0.8580310880829015,0.5400000000000003,0.04000000000000026,0.475
0.55,0.44999999999999996,0.863,0.8922413793103449,0.8263473053892215,0.8580310880829015,0.5950000000000002,0.0950000000000002,0.050000000000000044
0.5750000000000001,0.42499999999999993,0.862,0.8853503184713376,0.8323353293413174,0.8580246913580247,0.5800000000000003,0.0800000000000003,0.07500000000000007
0.55,0.44999999999999996,0.859,0.8658536585365854,0.8502994011976048,0.8580060422960725,0.5350000000000001,0.03500000000000014,0.050000000000000044
0.8,0.19999999999999996,0.857,0.8537549407114624,0.8622754491017964,0.8579940417080437,0.5000000000000002,2.220446049250313e-16,0.30000000000000004
0.75,0.25,0.857,0.8537549407114624,0.8622754491017964,0.8579940417080437,0.5050000000000001,0.0050000000000001155,0.25
0.775,0.22499999999999998,0.857,0.8537549407114624,0.8622754491017964,0.8579940417080437,0.5050000000000001,0.0050000000000001155,0.275
0.8,0.19999999999999996,0.857,0.8537549407114624,0.8622754491017964,0.8579940417080437,0.5050000000000001,0.0050000000000001155,0.30000000000000004
0.8250000000000001,0.17499999999999993,0.857,0.8537549407114624,0.8622754491017964,0.8579940417080437,0.5050000000000001,0.0050000000000001155,0.32500000000000007
0.8500000000000001,0.1499999999999999,0.855,0.8423076923076923,0.874251497005988,0.8579823702252694,0.4550000000000001,0.04499999999999987,0.3500000000000001
0.7000000000000001,0.29999999999999993,0.854,0.8368121442125237,0.8802395209580839,0.857976653696498,0.4300000000000001,0.0699999999999999,0.20000000000000007
0.7250000000000001,0.2749999999999999,0.854,0.8368121442125237,0.8802395209580839,0.857976653696498,0.4300000000000001,0.0699999999999999,0.2250000000000001
0.75,0.25,0.854,0.8368121442125237,0.8802395209580839,0.857976653696498,0.4300000000000001,0.0699999999999999,0.25
0.775,0.22499999999999998,0.854,0.8368121442125237,0.8802395209580839,0.857976653696498,0.4300000000000001,0.0699999999999999,0.275
0.8,0.19999999999999996,0.854,0.8368121442125237,0.8802395209580839,0.857976653696498,0.4300000000000001,0.0699999999999999,0.30000000000000004
0.775,0.22499999999999998,0.854,0.8368121442125237,0.8802395209580839,0.857976653696498,0.4250000000000001,0.0749999999999999,0.275
0.8,0.19999999999999996,0.854,0.8368121442125237,0.8802395209580839,0.857976653696498,0.4250000000000001,0.0749999999999999,0.30000000000000004
0.8,0.19999999999999996,0.854,0.8368121442125237,0.8802395209580839,0.857976653696498,0.4200000000000001,0.0799999999999999,0.30000000000000004
0.8250000000000001,0.17499999999999993,0.854,0.8368121442125237,0.8802395209580839,0.857976653696498,0.4200000000000001,0.0799999999999999,0.32500000000000007
0.7000000000000001,0.29999999999999993,0.853,0.8314606741573034,0.8862275449101796,0.8579710144927536,0.4150000000000001,0.08499999999999991,0.20000000000000007
0.75,0.25,0.853,0.8314606741573034,0.8862275449101796,0.8579710144927536,0.4050000000000001,0.09499999999999992,0.25
0.775,0.22499999999999998,0.853,0.8314606741573034,0.8862275449101796,0.8579710144927536,0.4050000000000001,0.09499999999999992,0.275
0.775,0.22499999999999998,0.853,0.8314606741573034,0.8862275449101796,0.8579710144927536,0.4000000000000001,0.09999999999999992,0.275
0.775,0.22499999999999998,0.85,0.8162162162162162,0.9041916167664671,0.8579545454545454,0.35000000000000003,0.14999999999999997,0.275
0.775,0.22499999999999998,0.849,0.8113879003558719,0.9101796407185628,0.8579492003762935,0.335,0.16499999999999998,0.275
0.8,0.19999999999999996,0.849,0.8113879003558719,0.9101796407185628,0.8579492003762935,0.335,0.16499999999999998,0.30000000000000004
0.8,0.19999999999999996,0.849,0.8113879003558719,0.9101796407185628,0.8579492003762935,0.33,0.16999999999999998,0.30000000000000004
0.8250000000000001,0.17499999999999993,0.849,0.8113879003558719,0.9101796407185628,0.8579492003762935,0.325,0.175,0.32500000000000007
0.4,0.6,0.869,0.9404761904761905,0.7884231536926147,0.8577633007600435,0.6250000000000002,0.12500000000000022,0.09999999999999998
0.5750000000000001,0.42499999999999993,0.866,0.9160997732426304,0.8063872255489022,0.8577494692144374,0.6300000000000003,0.13000000000000034,0.07500000000000007
0.55,0.44999999999999996,0.864,0.9010989010989011,0.8183632734530938,0.8577405857740585,0.6050000000000002,0.1050000000000002,0.050000000000000044
0.5750000000000001,0.42499999999999993,0.863,0.8939393939393939,0.8243512974051896,0.857736240913811,0.6000000000000003,0.10000000000000031,0.07500000000000007
0.5750000000000001,0.42499999999999993,0.863,0.8939393939393939,0.8243512974051896,0.857736240913811,0.6050000000000002,0.1050000000000002,0.07500000000000007
0.6000000000000001,0.3999999999999999,0.863,0.8939393939393939,0.8243512974051896,0.857736240913811,0.6100000000000003,0.11000000000000032,0.10000000000000009
0.525,0.475,0.862,0.8869936034115139,0.8303393213572854,0.8577319587628865,0.5700000000000003,0.07000000000000028,0.025000000000000022
0.55,0.44999999999999996,0.861,0.8802521008403361,0.8363273453093812,0.857727737973388,0.5600000000000003,0.060000000000000275,0.050000000000000044
0.7250000000000001,0.2749999999999999,0.857,0.8551587301587301,0.8602794411177644,0.8577114427860697,0.5100000000000002,0.010000000000000231,0.2250000000000001
0.8250000000000001,0.17499999999999993,0.855,0.8436293436293436,0.872255489021956,0.8577036310107949,0.47000000000000014,0.02999999999999986,0.32500000000000007
0.8500000000000001,0.1499999999999999,0.855,0.8436293436293436,0.872255489021956,0.8577036310107949,0.46500000000000014,0.034999999999999865,0.3500000000000001
0.7250000000000001,0.2749999999999999,0.853,0.8327067669172933,0.8842315369261478,0.8576960309777347,0.4150000000000001,0.08499999999999991,0.2250000000000001
0.75,0.25,0.853,0.8327067669172933,0.8842315369261478,0.8576960309777347,0.4150000000000001,0.08499999999999991,0.25
0.8,0.19999999999999996,0.853,0.8327067669172933,0.8842315369261478,0.8576960309777347,0.4050000000000001,0.09499999999999992,0.30000000000000004
0.75,0.25,0.852,0.8274582560296846,0.8902195608782435,0.8576923076923076,0.39000000000000007,0.10999999999999993,0.25
0.75,0.25,0.851,0.8223443223443223,0.8962075848303394,0.8576886341929322,0.37500000000000006,0.12499999999999994,0.25
0.75,0.25,0.851,0.8223443223443223,0.8962075848303394,0.8576886341929322,0.37000000000000005,0.12999999999999995,0.25
0.775,0.22499999999999998,0.85,0.8173598553345389,0.9021956087824351,0.857685009487666,0.35500000000000004,0.14499999999999996,0.275
0.7000000000000001,0.29999999999999993,0.848,0.8077601410934744,0.9141716566866267,0.8576779026217228,0.34,0.15999999999999998,0.20000000000000007
0.875,0.125,0.848,0.8077601410934744,0.9141716566866267,0.8576779026217228,0.3,0.2,0.375
0.325,0.675,0.838,0.7660910518053375,0.9740518962075848,0.8576449912126538,0.325,0.175,0.175
0.15000000000000002,0.85,0.868,0.9341176470588235,0.7924151696606786,0.857451403887689,0.5850000000000002,0.08500000000000019,0.35
0.5,0.5,0.868,0.9341176470588235,0.7924151696606786,0.857451403887689,0.6350000000000002,0.13500000000000023,0.0
0.55,0.44999999999999996,0.862,0.8886509635974305,0.8283433133732535,0.8574380165289256,0.5850000000000002,0.08500000000000019,0.050000000000000044
0.55,0.44999999999999996,0.862,0.8886509635974305,0.8283433133732535,0.8574380165289256,0.5900000000000003,0.0900000000000003,0.050000000000000044
0.525,0.475,0.861,0.8818565400843882,0.8343313373253493,0.8574358974358974,0.5600000000000003,0.060000000000000275,0.025000000000000022
0.55,0.44999999999999996,0.859,0.8688524590163934,0.846307385229541,0.8574317492416582,0.5400000000000003,0.04000000000000026,0.050000000000000044
0.55,0.44999999999999996,0.859,0.8688524590163934,0.846307385229541,0.8574317492416582,0.5450000000000002,0.04500000000000015,0.050000000000000044
0.675,0.32499999999999996,0.857,0.8565737051792829,0.8582834331337326,0.8574277168494516,0.5150000000000001,0.015000000000000124,0.17500000000000004
0.7000000000000001,0.29999999999999993,0.857,0.8565737051792829,0.8582834331337326,0.8574277168494516,0.5150000000000001,0.015000000000000124,0.20000000000000007
0.875,0.125,0.857,0.8565737051792829,0.8582834331337326,0.8574277168494516,0.5250000000000001,0.025000000000000133,0.375
0.8,0.19999999999999996,0.856,0.8506876227897839,0.8642714570858283,0.8574257425742574,0.49000000000000016,0.009999999999999842,0.30000000000000004
0.8250000000000001,0.17499999999999993,0.855,0.8449612403100775,0.8702594810379242,0.8574237954768928,0.47500000000000014,0.024999999999999856,0.32500000000000007
0.8,0.19999999999999996,0.854,0.8393881453154876,0.8762475049900199,0.857421875,0.4500000000000001,0.04999999999999988,0.30000000000000004
0.8250000000000001,0.17499999999999993,0.854,0.8393881453154876,0.8762475049900199,0.857421875,0.4500000000000001,0.04999999999999988,0.32500000000000007
0.8,0.19999999999999996,0.854,0.8393881453154876,0.8762475049900199,0.857421875,0.4450000000000001,0.05499999999999988,0.30000000000000004
0.8250000000000001,0.17499999999999993,0.854,0.8393881453154876,0.8762475049900199,0.857421875,0.4450000000000001,0.05499999999999988,0.32500000000000007
0.8500000000000001,0.1499999999999999,0.854,0.8393881453154876,0.8762475049900199,0.857421875,0.4450000000000001,0.05499999999999988,0.3500000000000001
0.8,0.19999999999999996,0.854,0.8393881453154876,0.8762475049900199,0.857421875,0.4400000000000001,0.05999999999999989,0.30000000000000004
0.8250000000000001,0.17499999999999993,0.854,0.8393881453154876,0.8762475049900199,0.857421875,0.4400000000000001,0.05999999999999989,0.32500000000000007
0.8500000000000001,0.1499999999999999,0.854,0.8393881453154876,0.8762475049900199,0.857421875,0.4400000000000001,0.05999999999999989,0.3500000000000001
0.875,0.125,0.854,0.8393881453154876,0.8762475049900199,0.857421875,0.4400000000000001,0.05999999999999989,0.375
0.8,0.19999999999999996,0.854,0.8393881453154876,0.8762475049900199,0.857421875,0.4350000000000001,0.06499999999999989,0.30000000000000004
0.8250000000000001,0.17499999999999993,0.854,0.8393881453154876,0.8762475049900199,0.857421875,0.4350000000000001,0.06499999999999989,0.32500000000000007
0.8500000000000001,0.1499999999999999,0.854,0.8393881453154876,0.8762475049900199,0.857421875,0.4350000000000001,0.06499999999999989,0.3500000000000001
0.7250000000000001,0.2749999999999999,0.852,0.8286778398510242,0.8882235528942116,0.8574181117533719,0.4000000000000001,0.09999999999999992,0.2250000000000001
0.75,0.25,0.852,0.8286778398510242,0.8882235528942116,0.8574181117533719,0.3950000000000001,0.10499999999999993,0.25
0.75,0.25,0.849,0.8136200716845878,0.906187624750499,0.8574126534466477,0.35000000000000003,0.14999999999999997,0.25
0.8,0.19999999999999996,0.848,0.8088495575221238,0.9121756487025948,0.8574108818011257,0.32,0.18,0.30000000000000004
0.1,0.9,0.841,0.7785016286644951,0.9540918163672655,0.8573991031390135,0.4000000000000001,0.09999999999999992,0.4
0.42500000000000004,0.575,0.868,0.9361702127659575,0.7904191616766467,0.8571428571428571,0.6250000000000002,0.12500000000000022,0.07499999999999996
0.47500000000000003,0.5249999999999999,0.868,0.9361702127659575,0.7904191616766467,0.8571428571428571,0.6350000000000002,0.13500000000000023,0.024999999999999967
0.55,0.44999999999999996,0.867,0.9279069767441861,0.7964071856287425,0.8571428571428571,0.6350000000000002,0.13500000000000023,0.050000000000000044
0.5750000000000001,0.42499999999999993,0.862,0.8903225806451613,0.8263473053892215,0.8571428571428571,0.5950000000000002,0.0950000000000002,0.07500000000000007
0.525,0.475,0.861,0.8834745762711864,0.8323353293413174,0.8571428571428571,0.5650000000000002,0.06500000000000017,0.025000000000000022
0.5750000000000001,0.42499999999999993,0.858,0.8640973630831643,0.8502994011976048,0.8571428571428571,0.5350000000000001,0.03500000000000014,0.07500000000000007
0.6000000000000001,0.3999999999999999,0.858,0.8640973630831643,0.8502994011976048,0.8571428571428571,0.5350000000000001,0.03500000000000014,0.10000000000000009
0.625,0.375,0.858,0.8640973630831643,0.8502994011976048,0.8571428571428571,0.5350000000000001,0.03500000000000014,0.125
0.8250000000000001,0.17499999999999993,0.856,0.8520710059171598,0.8622754491017964,0.8571428571428571,0.5000000000000002,2.220446049250313e-16,0.32500000000000007
0.8500000000000001,0.1499999999999999,0.855,0.8463035019455253,0.8682634730538922,0.8571428571428571,0.48500000000000015,0.014999999999999847,0.3500000000000001
0.8250000000000001,0.17499999999999993,0.855,0.8463035019455253,0.8682634730538922,0.8571428571428571,0.48000000000000015,0.01999999999999985,0.32500000000000007
0.8500000000000001,0.1499999999999999,0.855,0.8463035019455253,0.8682634730538922,0.8571428571428571,0.48000000000000015,0.01999999999999985,0.3500000000000001
0.8250000000000001,0.17499999999999993,0.854,0.8406909788867563,0.874251497005988,0.8571428571428571,0.4550000000000001,0.04499999999999987,0.32500000000000007
0.8500000000000001,0.1499999999999999,0.854,0.8406909788867563,0.874251497005988,0.8571428571428571,0.4500000000000001,0.04999999999999988,0.3500000000000001
0.875,0.125,0.854,0.8406909788867563,0.874251497005988,0.8571428571428571,0.4500000000000001,0.04999999999999988,0.375
0.9,0.09999999999999998,0.854,0.8406909788867563,0.874251497005988,0.8571428571428571,0.4450000000000001,0.05499999999999988,0.4
0.7250000000000001,0.2749999999999999,0.853,0.8352272727272727,0.8802395209580839,0.8571428571428571,0.4250000000000001,0.0749999999999999,0.2250000000000001
0.75,0.25,0.853,0.8352272727272727,0.8802395209580839,0.8571428571428571,0.4250000000000001,0.0749999999999999,0.25
0.75,0.25,0.853,0.8352272727272727,0.8802395209580839,0.8571428571428571,0.4200000000000001,0.0799999999999999,0.25
0.775,0.22499999999999998,0.853,0.8352272727272727,0.8802395209580839,0.8571428571428571,0.4200000000000001,0.0799999999999999,0.275
0.8250000000000001,0.17499999999999993,0.853,0.8352272727272727,0.8802395209580839,0.8571428571428571,0.4150000000000001,0.08499999999999991,0.32500000000000007
0.75,0.25,0.852,0.8299065420560747,0.8862275449101796,0.8571428571428571,0.4000000000000001,0.09999999999999992,0.25
0.8,0.19999999999999996,0.852,0.8299065420560747,0.8862275449101796,0.8571428571428571,0.4000000000000001,0.09999999999999992,0.30000000000000004
0.75,0.25,0.851,0.8247232472324724,0.8922155688622755,0.8571428571428571,0.38500000000000006,0.11499999999999994,0.25
0.025,0.975,0.841,0.7794117647058824,0.9520958083832335,0.8571428571428571,0.4100000000000001,0.08999999999999991,0.475
0.1,0.9,0.84,0.7754442649434572,0.9580838323353293,0.8571428571428571,0.3950000000000001,0.10499999999999993,0.4
0.2,0.8,0.839,0.7715654952076677,0.9640718562874252,0.8571428571428571,0.37000000000000005,0.12999999999999995,0.3
0.7250000000000001,0.2749999999999999,0.848,0.8110516934046346,0.908183632734531,0.8568738229755178,0.34500000000000003,0.15499999999999997,0.2250000000000001
0.7250000000000001,0.2749999999999999,0.848,0.8110516934046346,0.908183632734531,0.8568738229755178,0.34,0.15999999999999998,0.2250000000000001
0.775,0.22499999999999998,0.848,0.8110516934046346,0.908183632734531,0.8568738229755178,0.34,0.15999999999999998,0.275
0.8500000000000001,0.1499999999999999,0.848,0.8110516934046346,0.908183632734531,0.8568738229755178,0.32,0.18,0.3500000000000001
0.775,0.22499999999999998,0.85,0.8208409506398537,0.8962075848303394,0.8568702290076335,0.36500000000000005,0.13499999999999995,0.275
0.775,0.22499999999999998,0.851,0.825925925925926,0.8902195608782435,0.8568683957732949,0.39000000000000007,0.10999999999999993,0.275
0.8250000000000001,0.17499999999999993,0.853,0.8365019011406845,0.8782435129740519,0.8568646543330087,0.4250000000000001,0.0749999999999999,0.32500000000000007
0.8500000000000001,0.1499999999999999,0.853,0.8365019011406845,0.8782435129740519,0.8568646543330087,0.4250000000000001,0.0749999999999999,0.3500000000000001
0.8500000000000001,0.1499999999999999,0.854,0.8420038535645472,0.872255489021956,0.8568627450980392,0.46000000000000013,0.03999999999999987,0.3500000000000001
0.875,0.125,0.854,0.8420038535645472,0.872255489021956,0.8568627450980392,0.46000000000000013,0.03999999999999987,0.375
0.875,0.125,0.854,0.8420038535645472,0.872255489021956,0.8568627450980392,0.4550000000000001,0.04499999999999987,0.375
0.9,0.09999999999999998,0.854,0.8420038535645472,0.872255489021956,0.8568627450980392,0.4500000000000001,0.04999999999999988,0.4
0.8,0.19999999999999996,0.856,0.8534653465346534,0.8602794411177644,0.856858846918489,0.5100000000000002,0.010000000000000231,0.30000000000000004
0.8250000000000001,0.17499999999999993,0.856,0.8534653465346534,0.8602794411177644,0.856858846918489,0.5100000000000002,0.010000000000000231,0.32500000000000007
0.8500000000000001,0.1499999999999999,0.856,0.8534653465346534,0.8602794411177644,0.856858846918489,0.5100000000000002,0.010000000000000231,0.3500000000000001
0.875,0.125,0.856,0.8534653465346534,0.8602794411177644,0.856858846918489,0.5100000000000002,0.010000000000000231,0.375
0.7250000000000001,0.2749999999999999,0.857,0.8594377510040161,0.8542914171656687,0.8568568568568569,0.5300000000000002,0.03000000000000025,0.2250000000000001
0.75,0.25,0.857,0.8594377510040161,0.8542914171656687,0.8568568568568569,0.5350000000000001,0.03500000000000014,0.25
0.5750000000000001,0.42499999999999993,0.858,0.8655804480651731,0.8483033932135728,0.8568548387096774,0.5400000000000003,0.04000000000000026,0.07500000000000007
0.675,0.32499999999999996,0.858,0.8655804480651731,0.8483033932135728,0.8568548387096774,0.5400000000000003,0.04000000000000026,0.17500000000000004
0.6000000000000001,0.3999999999999999,0.859,0.871900826446281,0.8423153692614771,0.8568527918781725,0.5650000000000002,0.06500000000000017,0.10000000000000009
0.625,0.375,0.859,0.871900826446281,0.8423153692614771,0.8568527918781725,0.5700000000000003,0.07000000000000028,0.125
0.6000000000000001,0.3999999999999999,0.86,0.8784067085953878,0.8363273453093812,0.8568507157464212,0.5750000000000002,0.07500000000000018,0.10000000000000009
0.5,0.5,0.861,0.8851063829787233,0.8303393213572854,0.8568486096807415,0.5650000000000002,0.06500000000000017,0.0
0.55,0.44999999999999996,0.861,0.8851063829787233,0.8303393213572854,0.8568486096807415,0.5750000000000002,0.07500000000000018,0.050000000000000044
0.6000000000000001,0.3999999999999999,0.862,0.8920086393088553,0.8243512974051896,0.8568464730290456,0.6000000000000003,0.10000000000000031,0.10000000000000009
0.6000000000000001,0.3999999999999999,0.862,0.8920086393088553,0.8243512974051896,0.8568464730290456,0.6050000000000002,0.1050000000000002,0.10000000000000009
0.525,0.475,0.863,0.8991228070175439,0.8183632734530938,0.8568443051201672,0.6000000000000003,0.10000000000000031,0.025000000000000022
0.6000000000000001,0.3999999999999999,0.864,0.9064587973273942,0.812375249500998,0.8568421052631578,0.6250000000000002,0.12500000000000022,0.10000000000000009
0.07500000000000001,0.925,0.867,0.9299065420560748,0.7944111776447106,0.8568353067814855,0.5750000000000002,0.07500000000000018,0.425
0.45,0.55,0.868,0.9382422802850356,0.7884231536926147,0.8568329718004338,0.6300000000000003,0.13000000000000034,0.04999999999999999
0.75,0.25,0.848,0.8121645796064401,0.906187624750499,0.8566037735849057,0.34500000000000003,0.15499999999999997,0.25
0.8,0.19999999999999996,0.848,0.8121645796064401,0.906187624750499,0.8566037735849057,0.34,0.15999999999999998,0.30000000000000004
0.8250000000000001,0.17499999999999993,0.848,0.8121645796064401,0.906187624750499,0.8566037735849057,0.335,0.16499999999999998,0.32500000000000007
0.875,0.125,0.848,0.8121645796064401,0.906187624750499,0.8566037735849057,0.32,0.18,0.375
0.9,0.09999999999999998,0.848,0.8121645796064401,0.906187624750499,0.8566037735849057,0.31,0.19,0.4
0.775,0.22499999999999998,0.849,0.8170289855072463,0.9001996007984032,0.8566001899335233,0.36000000000000004,0.13999999999999996,0.275
0.775,0.22499999999999998,0.85,0.8220183486238533,0.8942115768463074,0.8565965583173997,0.37000000000000005,0.12999999999999995,0.275
0.8500000000000001,0.1499999999999999,0.851,0.8271375464684015,0.8882235528942116,0.8565928777670837,0.39000000000000007,0.10999999999999993,0.3500000000000001
0.8,0.19999999999999996,0.852,0.832391713747646,0.8822355289421158,0.8565891472868217,0.4100000000000001,0.08999999999999991,0.30000000000000004
0.875,0.125,0.853,0.8377862595419847,0.8762475049900199,0.8565853658536585,0.4350000000000001,0.06499999999999989,0.375
0.8500000000000001,0.1499999999999999,0.853,0.8377862595419847,0.8762475049900199,0.8565853658536585,0.4300000000000001,0.0699999999999999,0.3500000000000001
0.875,0.125,0.853,0.8377862595419847,0.8762475049900199,0.8565853658536585,0.4300000000000001,0.0699999999999999,0.375
0.8500000000000001,0.1499999999999999,0.854,0.8433268858800773,0.8702594810379242,0.8565815324165029,0.47000000000000014,0.02999999999999986,0.3500000000000001
0.7000000000000001,0.29999999999999993,0.856,0.8548707753479126,0.8582834331337326,0.8565737051792829,0.5100000000000002,0.010000000000000231,0.20000000000000007
0.8250000000000001,0.17499999999999993,0.856,0.8548707753479126,0.8582834331337326,0.8565737051792829,0.5150000000000001,0.015000000000000124,0.32500000000000007
0.8500000000000001,0.1499999999999999,0.856,0.8548707753479126,0.8582834331337326,0.8565737051792829,0.5150000000000001,0.015000000000000124,0.3500000000000001
0.8250000000000001,0.17499999999999993,0.856,0.8548707753479126,0.8582834331337326,0.8565737051792829,0.5200000000000002,0.02000000000000024,0.32500000000000007
0.8500000000000001,0.1499999999999999,0.856,0.8548707753479126,0.8582834331337326,0.8565737051792829,0.5200000000000002,0.02000000000000024,0.3500000000000001
0.9,0.09999999999999998,0.856,0.8548707753479126,0.8582834331337326,0.8565737051792829,0.5200000000000002,0.02000000000000024,0.4
0.8500000000000001,0.1499999999999999,0.856,0.8548707753479126,0.8582834331337326,0.8565737051792829,0.5250000000000001,0.025000000000000133,0.3500000000000001
0.675,0.32499999999999996,0.857,0.8608870967741935,0.8522954091816367,0.8565697091273822,0.5300000000000002,0.03000000000000025,0.17500000000000004
0.7250000000000001,0.2749999999999999,0.857,0.8608870967741935,0.8522954091816367,0.8565697091273822,0.5350000000000001,0.03500000000000014,0.2250000000000001
0.5750000000000001,0.42499999999999993,0.858,0.8670756646216768,0.846307385229541,0.8565656565656565,0.5450000000000002,0.04500000000000015,0.07500000000000007
0.55,0.44999999999999996,0.859,0.8734439834024896,0.8403193612774451,0.8565615462868769,0.5550000000000002,0.05500000000000016,0.050000000000000044
0.0,1.0,0.861,0.8867521367521367,0.8283433133732535,0.8565531475748194,0.5300000000000002,0.03000000000000025,0.5
0.6000000000000001,0.3999999999999999,0.861,0.8867521367521367,0.8283433133732535,0.8565531475748194,0.5900000000000003,0.0900000000000003,0.10000000000000009
0.5750000000000001,0.42499999999999993,0.863,0.9008810572687225,0.8163672654690619,0.856544502617801,0.6150000000000002,0.11500000000000021,0.07500000000000007
0.42500000000000004,0.575,0.868,0.9403341288782816,0.7864271457085829,0.8565217391304348,0.6300000000000003,0.13000000000000034,0.07499999999999996
0.25,0.75,0.837,0.7665615141955836,0.9700598802395209,0.8563876651982378,0.35000000000000003,0.14999999999999997,0.25
0.42500000000000004,0.575,0.837,0.7665615141955836,0.9700598802395209,0.8563876651982378,0.305,0.195,0.07499999999999996
0.07500000000000001,0.925,0.839,0.7741935483870968,0.9580838323353293,0.856378233719893,0.3950000000000001,0.10499999999999993,0.425
0.8,0.19999999999999996,0.849,0.8181818181818182,0.8982035928143712,0.8563273073263559,0.35500000000000004,0.14499999999999996,0.30000000000000004
0.775,0.22499999999999998,0.852,0.833648393194707,0.8802395209580839,0.8563106796116505,0.4150000000000001,0.08499999999999991,0.275
0.8,0.19999999999999996,0.852,0.833648393194707,0.8802395209580839,0.8563106796116505,0.4150000000000001,0.08499999999999991,0.30000000000000004
0.875,0.125,0.854,0.8446601941747572,0.8682634730538922,0.8562992125984252,0.48000000000000015,0.01999999999999985,0.375
0.8500000000000001,0.1499999999999999,0.856,0.8562874251497006,0.8562874251497006,0.8562874251497006,0.5300000000000002,0.03000000000000025,0.3500000000000001
0.7000000000000001,0.29999999999999993,0.857,0.8623481781376519,0.8502994011976048,0.8562814070351759,0.5350000000000001,0.03500000000000014,0.20000000000000007
0.55,0.44999999999999996,0.858,0.8685831622176592,0.844311377245509,0.8562753036437247,0.5500000000000003,0.050000000000000266,0.050000000000000044
0.5750000000000001,0.42499999999999993,0.858,0.8685831622176592,0.844311377245509,0.8562753036437247,0.5500000000000003,0.050000000000000266,0.07500000000000007
0.6000000000000001,0.3999999999999999,0.858,0.8685831622176592,0.844311377245509,0.8562753036437247,0.5550000000000002,0.05500000000000016,0.10000000000000009
0.5750000000000001,0.42499999999999993,0.861,0.8884120171673819,0.8263473053892215,0.8562564632885212,0.5900000000000003,0.0900000000000003,0.07500000000000007
0.6000000000000001,0.3999999999999999,0.861,0.8884120171673819,0.8263473053892215,0.8562564632885212,0.5950000000000002,0.0950000000000002,0.10000000000000009
0.45,0.55,0.837,0.7674050632911392,0.9680638722554891,0.8561341571050309,0.3,0.2,0.04999999999999999
0.1,0.9,0.838,0.7712,0.9620758483033932,0.8561278863232682,0.39000000000000007,0.10999999999999993,0.4
0.75,0.25,0.847,0.8096085409252669,0.908183632734531,0.8560677328316086,0.34,0.15999999999999998,0.25
0.8500000000000001,0.1499999999999999,0.852,0.8349146110056926,0.8782435129740519,0.8560311284046692,0.4200000000000001,0.0799999999999999,0.3500000000000001
0.9,0.09999999999999998,0.854,0.8460038986354775,0.8662674650698603,0.8560157790927022,0.49000000000000016,0.009999999999999842,0.4
0.8250000000000001,0.17499999999999993,0.854,0.8460038986354775,0.8662674650698603,0.8560157790927022,0.48500000000000015,0.014999999999999847,0.32500000000000007
0.875,0.125,0.854,0.8460038986354775,0.8662674650698603,0.8560157790927022,0.48500000000000015,0.014999999999999847,0.375
0.8500000000000001,0.1499999999999999,0.855,0.8517786561264822,0.8602794411177644,0.8560079443892751,0.5050000000000001,0.0050000000000001155,0.3500000000000001
0.875,0.125,0.855,0.8517786561264822,0.8602794411177644,0.8560079443892751,0.5050000000000001,0.0050000000000001155,0.375
0.9,0.09999999999999998,0.855,0.8517786561264822,0.8602794411177644,0.8560079443892751,0.5100000000000002,0.010000000000000231,0.4
0.675,0.32499999999999996,0.856,0.8577154308617234,0.8542914171656687,0.856,0.5250000000000001,0.025000000000000133,0.17500000000000004
0.7000000000000001,0.29999999999999993,0.856,0.8577154308617234,0.8542914171656687,0.856,0.5250000000000001,0.025000000000000133,0.20000000000000007
0.7250000000000001,0.2749999999999999,0.856,0.8577154308617234,0.8542914171656687,0.856,0.5250000000000001,0.025000000000000133,0.2250000000000001
0.75,0.25,0.856,0.8577154308617234,0.8542914171656687,0.856,0.5300000000000002,0.03000000000000025,0.25
0.775,0.22499999999999998,0.856,0.8577154308617234,0.8542914171656687,0.856,0.5350000000000001,0.03500000000000014,0.275
0.65,0.35,0.857,0.8638211382113821,0.8483033932135728,0.8559919436052367,0.5350000000000001,0.03500000000000014,0.15000000000000002
0.675,0.32499999999999996,0.857,0.8638211382113821,0.8483033932135728,0.8559919436052367,0.5350000000000001,0.03500000000000014,0.17500000000000004
0.6000000000000001,0.3999999999999999,0.857,0.8638211382113821,0.8483033932135728,0.8559919436052367,0.5400000000000003,0.04000000000000026,0.10000000000000009
0.6000000000000001,0.3999999999999999,0.858,0.8701030927835052,0.8423153692614771,0.8559837728194726,0.5600000000000003,0.060000000000000275,0.10000000000000009
0.625,0.375,0.858,0.8701030927835052,0.8423153692614771,0.8559837728194726,0.5650000000000002,0.06500000000000017,0.125
0.65,0.35,0.859,0.8765690376569037,0.8363273453093812,0.8559754851889684,0.5850000000000002,0.08500000000000019,0.15000000000000002
0.625,0.375,0.861,0.8900862068965517,0.8243512974051896,0.8559585492227979,0.6050000000000002,0.1050000000000002,0.125
0.5750000000000001,0.42499999999999993,0.862,0.8971553610503282,0.8183632734530938,0.8559498956158664,0.6100000000000003,0.11000000000000032,0.07500000000000007
0.65,0.35,0.862,0.8971553610503282,0.8183632734530938,0.8559498956158664,0.6200000000000003,0.12000000000000033,0.15000000000000002
0.42500000000000004,0.575,0.836,0.7645211930926217,0.9720558882235529,0.8558875219683656,0.3,0.2,0.07499999999999996
0.775,0.22499999999999998,0.847,0.8107142857142857,0.906187624750499,0.8557964184731386,0.34500000000000003,0.15499999999999997,0.275
0.8250000000000001,0.17499999999999993,0.847,0.8107142857142857,0.906187624750499,0.8557964184731386,0.33,0.16999999999999998,0.32500000000000007
0.875,0.125,0.847,0.8107142857142857,0.906187624750499,0.8557964184731386,0.315,0.185,0.375
0.8250000000000001,0.17499999999999993,0.85,0.8256029684601113,0.8882235528942116,0.8557692307692307,0.39000000000000007,0.10999999999999993,0.32500000000000007
0.8500000000000001,0.1499999999999999,0.85,0.8256029684601113,0.8882235528942116,0.8557692307692307,0.38500000000000006,0.11499999999999994,0.3500000000000001
0.8250000000000001,0.17499999999999993,0.851,0.8308270676691729,0.8822355289421158,0.8557599225556631,0.4100000000000001,0.08999999999999991,0.32500000000000007
0.925,0.07499999999999996,0.852,0.8361904761904762,0.8762475049900199,0.8557504873294347,0.4350000000000001,0.06499999999999989,0.42500000000000004
0.8250000000000001,0.17499999999999993,0.852,0.8361904761904762,0.8762475049900199,0.8557504873294347,0.4300000000000001,0.0699999999999999,0.32500000000000007
0.9500000000000001,0.04999999999999993,0.852,0.8361904761904762,0.8762475049900199,0.8557504873294347,0.4300000000000001,0.0699999999999999,0.45000000000000007
0.875,0.125,0.853,0.8416988416988417,0.8702594810379242,0.8557409224730128,0.47000000000000014,0.02999999999999986,0.375
0.875,0.125,0.853,0.8416988416988417,0.8702594810379242,0.8557409224730128,0.46500000000000014,0.034999999999999865,0.375
0.9,0.09999999999999998,0.853,0.8416988416988417,0.8702594810379242,0.8557409224730128,0.46500000000000014,0.034999999999999865,0.4
0.925,0.07499999999999996,0.853,0.8416988416988417,0.8702594810379242,0.8557409224730128,0.46500000000000014,0.034999999999999865,0.42500000000000004
0.9,0.09999999999999998,0.853,0.8416988416988417,0.8702594810379242,0.8557409224730128,0.46000000000000013,0.03999999999999987,0.4
0.925,0.07499999999999996,0.853,0.8416988416988417,0.8702594810379242,0.8557409224730128,0.46000000000000013,0.03999999999999987,0.42500000000000004
0.9,0.09999999999999998,0.853,0.8416988416988417,0.8702594810379242,0.8557409224730128,0.4550000000000001,0.04499999999999987,0.4
0.925,0.07499999999999996,0.853,0.8416988416988417,0.8702594810379242,0.8557409224730128,0.4550000000000001,0.04499999999999987,0.42500000000000004
0.925,0.07499999999999996,0.853,0.8416988416988417,0.8702594810379242,0.8557409224730128,0.4500000000000001,0.04999999999999988,0.42500000000000004
0.75,0.25,0.855,0.8531746031746031,0.8582834331337326,0.8557213930348259,0.5100000000000002,0.010000000000000231,0.25
0.775,0.22499999999999998,0.855,0.8531746031746031,0.8582834331337326,0.8557213930348259,0.5100000000000002,0.010000000000000231,0.275
0.875,0.125,0.855,0.8531746031746031,0.8582834331337326,0.8557213930348259,0.5150000000000001,0.015000000000000124,0.375
0.9,0.09999999999999998,0.855,0.8531746031746031,0.8582834331337326,0.8557213930348259,0.5150000000000001,0.015000000000000124,0.4
0.925,0.07499999999999996,0.855,0.8531746031746031,0.8582834331337326,0.8557213930348259,0.5150000000000001,0.015000000000000124,0.42500000000000004
0.875,0.125,0.855,0.8531746031746031,0.8582834331337326,0.8557213930348259,0.5200000000000002,0.02000000000000024,0.375
0.65,0.35,0.857,0.8653061224489796,0.846307385229541,0.8557013118062563,0.5450000000000002,0.04500000000000015,0.15000000000000002
0.675,0.32499999999999996,0.857,0.8653061224489796,0.846307385229541,0.8557013118062563,0.5450000000000002,0.04500000000000015,0.17500000000000004
0.675,0.32499999999999996,0.857,0.8653061224489796,0.846307385229541,0.8557013118062563,0.5500000000000003,0.050000000000000266,0.17500000000000004
0.7000000000000001,0.29999999999999993,0.857,0.8653061224489796,0.846307385229541,0.8557013118062563,0.5500000000000003,0.050000000000000266,0.20000000000000007
0.5750000000000001,0.42499999999999993,0.86,0.8848614072494669,0.8283433133732535,0.8556701030927835,0.5850000000000002,0.08500000000000019,0.07500000000000007
0.6000000000000001,0.3999999999999999,0.86,0.8848614072494669,0.8283433133732535,0.8556701030927835,0.5850000000000002,0.08500000000000019,0.10000000000000009
0.025,0.975,0.861,0.8917748917748918,0.8223552894211577,0.8556593977154725,0.5450000000000002,0.04500000000000015,0.475
0.625,0.375,0.861,0.8917748917748918,0.8223552894211577,0.8556593977154725,0.6100000000000003,0.11000000000000032,0.125
0.6000000000000001,0.3999999999999999,0.864,0.9138321995464853,0.8043912175648703,0.8556263269639066,0.6350000000000002,0.13500000000000023,0.10000000000000009
0.45,0.55,0.867,0.9380952380952381,0.7864271457085829,0.8555917480998915,0.6350000000000002,0.13500000000000023,0.04999999999999999
0.25,0.75,0.868,0.9467312348668281,0.780439121756487,0.8555798687089715,0.6100000000000003,0.11000000000000032,0.25
0.42500000000000004,0.575,0.868,0.9467312348668281,0.780439121756487,0.8555798687089715,0.6400000000000003,0.14000000000000035,0.07499999999999996
0.8500000000000001,0.1499999999999999,0.847,0.8118279569892473,0.9041916167664671,0.8555240793201133,0.33,0.16999999999999998,0.3500000000000001
0.8500000000000001,0.1499999999999999,0.847,0.8118279569892473,0.9041916167664671,0.8555240793201133,0.325,0.175,0.3500000000000001
0.9,0.09999999999999998,0.847,0.8118279569892473,0.9041916167664671,0.8555240793201133,0.32,0.18,0.4
0.9,0.09999999999999998,0.847,0.8118279569892473,0.9041916167664671,0.8555240793201133,0.315,0.185,0.4
0.925,0.07499999999999996,0.847,0.8118279569892473,0.9041916167664671,0.8555240793201133,0.31,0.19,0.42500000000000004
0.775,0.22499999999999998,0.849,0.8216911764705882,0.8922155688622755,0.8555023923444977,0.37500000000000006,0.12499999999999994,0.275
0.775,0.22499999999999998,0.85,0.8268156424581006,0.8862275449101796,0.8554913294797688,0.3950000000000001,0.10499999999999993,0.275
0.8,0.19999999999999996,0.85,0.8268156424581006,0.8862275449101796,0.8554913294797688,0.3950000000000001,0.10499999999999993,0.30000000000000004
0.875,0.125,0.85,0.8268156424581006,0.8862275449101796,0.8554913294797688,0.38500000000000006,0.11499999999999994,0.375
0.8500000000000001,0.1499999999999999,0.853,0.8430232558139535,0.8682634730538922,0.855457227138643,0.47500000000000014,0.024999999999999856,0.3500000000000001
0.875,0.125,0.853,0.8430232558139535,0.8682634730538922,0.855457227138643,0.47500000000000014,0.024999999999999856,0.375
0.8500000000000001,0.1499999999999999,0.854,0.8487229862475442,0.8622754491017964,0.8554455445544554,0.5000000000000002,2.220446049250313e-16,0.3500000000000001
0.8250000000000001,0.17499999999999993,0.854,0.8487229862475442,0.8622754491017964,0.8554455445544554,0.49500000000000016,0.004999999999999838,0.32500000000000007
0.7250000000000001,0.2749999999999999,0.855,0.8545816733067729,0.8562874251497006,0.8554336989032901,0.5150000000000001,0.015000000000000124,0.2250000000000001
0.75,0.25,0.855,0.8545816733067729,0.8562874251497006,0.8554336989032901,0.5150000000000001,0.015000000000000124,0.25
0.8,0.19999999999999996,0.855,0.8545816733067729,0.8562874251497006,0.8554336989032901,0.5200000000000002,0.02000000000000024,0.30000000000000004
0.8,0.19999999999999996,0.855,0.8545816733067729,0.8562874251497006,0.8554336989032901,0.5250000000000001,0.025000000000000133,0.30000000000000004
0.8250000000000001,0.17499999999999993,0.855,0.8545816733067729,0.8562874251497006,0.8554336989032901,0.5250000000000001,0.025000000000000133,0.32500000000000007
0.8250000000000001,0.17499999999999993,0.855,0.8545816733067729,0.8562874251497006,0.8554336989032901,0.5300000000000002,0.03000000000000025,0.32500000000000007
0.8,0.19999999999999996,0.856,0.8606060606060606,0.8502994011976048,0.8554216867469879,0.5400000000000003,0.04000000000000026,0.30000000000000004
0.625,0.375,0.857,0.8668032786885246,0.844311377245509,0.8554095045500506,0.5600000000000003,0.060000000000000275,0.125
0.6000000000000001,0.3999999999999999,0.858,0.8731808731808732,0.8383233532934131,0.8553971486761711,0.5700000000000003,0.07000000000000028,0.10000000000000009
0.625,0.375,0.858,0.8731808731808732,0.8383233532934131,0.8553971486761711,0.5750000000000002,0.07500000000000018,0.125
0.65,0.35,0.858,0.8731808731808732,0.8383233532934131,0.8553971486761711,0.5750000000000002,0.07500000000000018,0.15000000000000002
0.65,0.35,0.859,0.879746835443038,0.8323353293413174,0.8553846153846154,0.5900000000000003,0.0900000000000003,0.15000000000000002
0.17500000000000002,0.825,0.837,0.7699680511182109,0.9620758483033932,0.8553682342502218,0.38000000000000006,0.11999999999999994,0.32499999999999996
0.125,0.875,0.838,0.7738287560581584,0.9560878243512974,0.8553571428571428,0.3950000000000001,0.10499999999999993,0.375
0.6000000000000001,0.3999999999999999,0.863,0.9080717488789237,0.8083832335329342,0.8553326293558606,0.6300000000000003,0.13000000000000034,0.10000000000000009
0.1,0.9,0.866,0.9317647058823529,0.7904191616766467,0.8552915766738661,0.5800000000000003,0.0800000000000003,0.4
0.525,0.475,0.866,0.9317647058823529,0.7904191616766467,0.8552915766738661,0.6400000000000003,0.14000000000000035,0.025000000000000022
0.9,0.09999999999999998,0.846,0.8081705150976909,0.908183632734531,0.8552631578947368,0.3,0.2,0.4
0.9500000000000001,0.04999999999999993,0.847,0.8129496402877698,0.9021956087824351,0.8552507095553453,0.315,0.185,0.45000000000000007
0.775,0.22499999999999998,0.849,0.8228782287822878,0.8902195608782435,0.8552253116011506,0.38500000000000006,0.11499999999999994,0.275
0.8,0.19999999999999996,0.849,0.8228782287822878,0.8902195608782435,0.8552253116011506,0.38000000000000006,0.11999999999999994,0.30000000000000004
0.8250000000000001,0.17499999999999993,0.85,0.8280373831775701,0.8842315369261478,0.8552123552123552,0.4000000000000001,0.09999999999999992,0.32500000000000007
0.875,0.125,0.851,0.8333333333333334,0.8782435129740519,0.8551992225461613,0.4200000000000001,0.0799999999999999,0.375
0.9,0.09999999999999998,0.851,0.8333333333333334,0.8782435129740519,0.8551992225461613,0.4200000000000001,0.0799999999999999,0.4
0.8500000000000001,0.1499999999999999,0.851,0.8333333333333334,0.8782435129740519,0.8551992225461613,0.4150000000000001,0.08499999999999991,0.3500000000000001
0.925,0.07499999999999996,0.852,0.8387715930902111,0.872255489021956,0.8551859099804305,0.4450000000000001,0.05499999999999988,0.42500000000000004
0.925,0.07499999999999996,0.853,0.8443579766536965,0.8662674650698603,0.8551724137931035,0.49000000000000016,0.009999999999999842,0.42500000000000004
0.9500000000000001,0.04999999999999993,0.853,0.8443579766536965,0.8662674650698603,0.8551724137931035,0.49000000000000016,0.009999999999999842,0.45000000000000007
0.9750000000000001,0.02499999999999991,0.853,0.8443579766536965,0.8662674650698603,0.8551724137931035,0.49000000000000016,0.009999999999999842,0.4750000000000001
0.9,0.09999999999999998,0.853,0.8443579766536965,0.8662674650698603,0.8551724137931035,0.48500000000000015,0.014999999999999847,0.4
0.925,0.07499999999999996,0.853,0.8443579766536965,0.8662674650698603,0.8551724137931035,0.48500000000000015,0.014999999999999847,0.42500000000000004
1.0,0.0,0.853,0.8443579766536965,0.8662674650698603,0.8551724137931035,0.48500000000000015,0.014999999999999847,0.5
0.9,0.09999999999999998,0.853,0.8443579766536965,0.8662674650698603,0.8551724137931035,0.48000000000000015,0.01999999999999985,0.4
0.925,0.07499999999999996,0.854,0.8500986193293886,0.8602794411177644,0.8551587301587301,0.5100000000000002,0.010000000000000231,0.42500000000000004
0.9500000000000001,0.04999999999999993,0.854,0.8500986193293886,0.8602794411177644,0.8551587301587301,0.5100000000000002,0.010000000000000231,0.45000000000000007
0.7000000000000001,0.29999999999999993,0.855,0.856,0.8542914171656687,0.8551448551448552,0.5200000000000002,0.02000000000000024,0.20000000000000007
0.775,0.22499999999999998,0.855,0.856,0.8542914171656687,0.8551448551448552,0.5250000000000001,0.025000000000000133,0.275
0.775,0.22499999999999998,0.855,0.856,0.8542914171656687,0.8551448551448552,0.5300000000000002,0.03000000000000025,0.275
0.8,0.19999999999999996,0.855,0.856,0.8542914171656687,0.8551448551448552,0.5300000000000002,0.03000000000000025,0.30000000000000004
0.875,0.125,0.855,0.856,0.8542914171656687,0.8551448551448552,0.5300000000000002,0.03000000000000025,0.375
0.8,0.19999999999999996,0.855,0.856,0.8542914171656687,0.8551448551448552,0.5350000000000001,0.03500000000000014,0.30000000000000004
0.8250000000000001,0.17499999999999993,0.855,0.856,0.8542914171656687,0.8551448551448552,0.5350000000000001,0.03500000000000014,0.32500000000000007
0.875,0.125,0.855,0.856,0.8542914171656687,0.8551448551448552,0.5350000000000001,0.03500000000000014,0.375
0.7000000000000001,0.29999999999999993,0.856,0.8620689655172413,0.8483033932135728,0.8551307847082495,0.5400000000000003,0.04000000000000026,0.20000000000000007
0.7250000000000001,0.2749999999999999,0.856,0.8620689655172413,0.8483033932135728,0.8551307847082495,0.5450000000000002,0.04500000000000015,0.2250000000000001
0.5750000000000001,0.42499999999999993,0.857,0.8683127572016461,0.8423153692614771,0.8551165146909828,0.5550000000000002,0.05500000000000016,0.07500000000000007
0.5750000000000001,0.42499999999999993,0.858,0.8747390396659708,0.8363273453093812,0.8551020408163266,0.5650000000000002,0.06500000000000017,0.07500000000000007
0.65,0.35,0.858,0.8747390396659708,0.8363273453093812,0.8551020408163266,0.5800000000000003,0.0800000000000003,0.15000000000000002
0.0,1.0,0.86,0.8881720430107527,0.8243512974051896,0.855072463768116,0.5350000000000001,0.03500000000000014,0.5
0.025,0.975,0.862,0.9024390243902439,0.812375249500998,0.8550420168067226,0.5550000000000002,0.05500000000000016,0.475
0.875,0.125,0.846,0.8092691622103387,0.906187624750499,0.8549905838041432,0.31,0.19,0.375
0.9,0.09999999999999998,0.846,0.8092691622103387,0.906187624750499,0.8549905838041432,0.305,0.195,0.4
0.9,0.09999999999999998,0.847,0.8140794223826715,0.9001996007984032,0.8549763033175355,0.335,0.16499999999999998,0.4
0.225,0.775,0.867,0.9423076923076923,0.782435129740519,0.8549618320610687,0.6050000000000002,0.1050000000000002,0.275
0.4,0.6,0.867,0.9423076923076923,0.782435129740519,0.8549618320610687,0.6300000000000003,0.13000000000000034,0.09999999999999998
0.8,0.19999999999999996,0.849,0.8240740740740741,0.8882235528942116,0.8549471661863592,0.39000000000000007,0.10999999999999993,0.30000000000000004
0.8250000000000001,0.17499999999999993,0.849,0.8240740740740741,0.8882235528942116,0.8549471661863592,0.38500000000000006,0.11499999999999994,0.32500000000000007
0.8250000000000001,0.17499999999999993,0.85,0.8292682926829268,0.8822355289421158,0.8549323017408124,0.4050000000000001,0.09499999999999992,0.32500000000000007
0.8500000000000001,0.1499999999999999,0.85,0.8292682926829268,0.8822355289421158,0.8549323017408124,0.4050000000000001,0.09499999999999992,0.3500000000000001
0.9,0.09999999999999998,0.851,0.8346007604562737,0.8762475049900199,0.8549172346640701,0.4350000000000001,0.06499999999999989,0.4
0.9,0.09999999999999998,0.851,0.8346007604562737,0.8762475049900199,0.8549172346640701,0.4300000000000001,0.0699999999999999,0.4
0.925,0.07499999999999996,0.851,0.8346007604562737,0.8762475049900199,0.8549172346640701,0.4300000000000001,0.0699999999999999,0.42500000000000004
0.9500000000000001,0.04999999999999993,0.852,0.8400770712909441,0.8702594810379242,0.8549019607843137,0.46000000000000013,0.03999999999999987,0.45000000000000007
0.9500000000000001,0.04999999999999993,0.852,0.8400770712909441,0.8702594810379242,0.8549019607843137,0.4550000000000001,0.04499999999999987,0.45000000000000007
0.375,0.625,0.834,0.76049766718507,0.9760479041916168,0.8548951048951049,0.31,0.19,0.125
1.0,0.0,0.853,0.845703125,0.8642714570858283,0.8548864758144127,0.49500000000000016,0.004999999999999838,0.5
0.8250000000000001,0.17499999999999993,0.853,0.845703125,0.8642714570858283,0.8548864758144127,0.49000000000000016,0.009999999999999842,0.32500000000000007
0.8,0.19999999999999996,0.853,0.845703125,0.8642714570858283,0.8548864758144127,0.48500000000000015,0.014999999999999847,0.30000000000000004
0.7000000000000001,0.29999999999999993,0.855,0.857429718875502,0.8522954091816367,0.8548548548548549,0.5300000000000002,0.03000000000000025,0.20000000000000007
0.625,0.375,0.856,0.8635437881873728,0.846307385229541,0.8548387096774194,0.5400000000000003,0.04000000000000026,0.125
0.65,0.35,0.856,0.8635437881873728,0.846307385229541,0.8548387096774194,0.5400000000000003,0.04000000000000026,0.15000000000000002
0.7000000000000001,0.29999999999999993,0.856,0.8635437881873728,0.846307385229541,0.8548387096774194,0.5450000000000002,0.04500000000000015,0.20000000000000007
0.625,0.375,0.858,0.8763102725366876,0.8343313373253493,0.8548057259713702,0.5800000000000003,0.0800000000000003,0.125
0.675,0.32499999999999996,0.858,0.8763102725366876,0.8343313373253493,0.8548057259713702,0.5900000000000003,0.0900000000000003,0.17500000000000004
0.025,0.975,0.861,0.8969298245614035,0.8163672654690619,0.8547544409613375,0.5500000000000003,0.050000000000000266,0.475
0.6000000000000001,0.3999999999999999,0.861,0.8969298245614035,0.8163672654690619,0.8547544409613375,0.6150000000000002,0.11500000000000021,0.10000000000000009
0.625,0.375,0.861,0.8969298245614035,0.8163672654690619,0.8547544409613375,0.6200000000000003,0.12000000000000033,0.125
0.925,0.07499999999999996,0.846,0.8103756708407871,0.9041916167664671,0.8547169811320755,0.305,0.195,0.42500000000000004
0.9500000000000001,0.04999999999999993,0.846,0.8103756708407871,0.9041916167664671,0.8547169811320755,0.3,0.2,0.45000000000000007
0.8,0.19999999999999996,0.848,0.8201834862385321,0.8922155688622755,0.8546845124282982,0.37000000000000005,0.12999999999999995,0.30000000000000004
0.55,0.44999999999999996,0.865,0.927570093457944,0.7924151696606786,0.8546824542518837,0.6400000000000003,0.14000000000000035,0.050000000000000044
0.8250000000000001,0.17499999999999993,0.849,0.8252788104089219,0.8862275449101796,0.8546679499518768,0.3950000000000001,0.10499999999999993,0.32500000000000007
0.5,0.5,0.866,0.9358669833729216,0.7864271457085829,0.8546637744034707,0.6400000000000003,0.14000000000000035,0.0
0.8500000000000001,0.1499999999999999,0.85,0.8305084745762712,0.8802395209580839,0.8546511627906976,0.4100000000000001,0.08999999999999991,0.3500000000000001
0.35000000000000003,0.6499999999999999,0.834,0.7613104524180967,0.9740518962075848,0.8546409807355516,0.315,0.185,0.14999999999999997
0.9750000000000001,0.02499999999999991,0.851,0.8358778625954199,0.874251497005988,0.8546341463414634,0.4300000000000001,0.0699999999999999,0.4750000000000001
0.9,0.09999999999999998,0.852,0.8413926499032882,0.8682634730538922,0.8546168958742633,0.47500000000000014,0.024999999999999856,0.4
0.9,0.09999999999999998,0.852,0.8413926499032882,0.8682634730538922,0.8546168958742633,0.47000000000000014,0.02999999999999986,0.4
0.925,0.07499999999999996,0.852,0.8413926499032882,0.8682634730538922,0.8546168958742633,0.47000000000000014,0.02999999999999986,0.42500000000000004
0.9500000000000001,0.04999999999999993,0.852,0.8413926499032882,0.8682634730538922,0.8546168958742633,0.46500000000000014,0.034999999999999865,0.45000000000000007
0.925,0.07499999999999996,0.853,0.8470588235294118,0.8622754491017964,0.8545994065281899,0.49500000000000016,0.004999999999999838,0.42500000000000004
0.05,0.95,0.837,0.7725806451612903,0.9560878243512974,0.8545941123996432,0.4000000000000001,0.09999999999999992,0.45
0.15000000000000002,0.85,0.837,0.7725806451612903,0.9560878243512974,0.8545941123996432,0.39000000000000007,0.10999999999999993,0.35
0.775,0.22499999999999998,0.854,0.852882703777336,0.8562874251497006,0.8545816733067729,0.5150000000000001,0.015000000000000124,0.275
0.8,0.19999999999999996,0.854,0.852882703777336,0.8562874251497006,0.8545816733067729,0.5150000000000001,0.015000000000000124,0.30000000000000004
0.775,0.22499999999999998,0.854,0.852882703777336,0.8562874251497006,0.8545816733067729,0.5200000000000002,0.02000000000000024,0.275
0.6000000000000001,0.3999999999999999,0.856,0.8650306748466258,0.844311377245509,0.8545454545454545,0.5500000000000003,0.050000000000000266,0.10000000000000009
0.625,0.375,0.856,0.8650306748466258,0.844311377245509,0.8545454545454545,0.5500000000000003,0.050000000000000266,0.125
0.65,0.35,0.856,0.8650306748466258,0.844311377245509,0.8545454545454545,0.5500000000000003,0.050000000000000266,0.15000000000000002
0.625,0.375,0.856,0.8650306748466258,0.844311377245509,0.8545454545454545,0.5550000000000002,0.05500000000000016,0.125
0.65,0.35,0.856,0.8650306748466258,0.844311377245509,0.8545454545454545,0.5550000000000002,0.05500000000000016,0.15000000000000002
0.675,0.32499999999999996,0.856,0.8650306748466258,0.844311377245509,0.8545454545454545,0.5550000000000002,0.05500000000000016,0.17500000000000004
0.7000000000000001,0.29999999999999993,0.856,0.8650306748466258,0.844311377245509,0.8545454545454545,0.5550000000000002,0.05500000000000016,0.20000000000000007
0.65,0.35,0.856,0.8650306748466258,0.844311377245509,0.8545454545454545,0.5600000000000003,0.060000000000000275,0.15000000000000002
0.675,0.32499999999999996,0.856,0.8650306748466258,0.844311377245509,0.8545454545454545,0.5600000000000003,0.060000000000000275,0.17500000000000004
0.5750000000000001,0.42499999999999993,0.857,0.8713692946058091,0.8383233532934131,0.854526958290946,0.5600000000000003,0.060000000000000275,0.07500000000000007
0.8,0.19999999999999996,0.846,0.8114901256732495,0.9021956087824351,0.8544423440453687,0.34500000000000003,0.15499999999999997,0.30000000000000004
0.8250000000000001,0.17499999999999993,0.846,0.8114901256732495,0.9021956087824351,0.8544423440453687,0.34,0.15999999999999998,0.32500000000000007
0.8500000000000001,0.1499999999999999,0.846,0.8114901256732495,0.9021956087824351,0.8544423440453687,0.335,0.16499999999999998,0.3500000000000001
0.875,0.125,0.846,0.8114901256732495,0.9021956087824351,0.8544423440453687,0.33,0.16999999999999998,0.375
0.875,0.125,0.846,0.8114901256732495,0.9021956087824351,0.8544423440453687,0.325,0.175,0.375
0.925,0.07499999999999996,0.846,0.8114901256732495,0.9021956087824351,0.8544423440453687,0.315,0.185,0.42500000000000004
0.9500000000000001,0.04999999999999993,0.846,0.8114901256732495,0.9021956087824351,0.8544423440453687,0.31,0.19,0.45000000000000007
0.9750000000000001,0.02499999999999991,0.846,0.8114901256732495,0.9021956087824351,0.8544423440453687,0.31,0.19,0.4750000000000001
0.9750000000000001,0.02499999999999991,0.846,0.8114901256732495,0.9021956087824351,0.8544423440453687,0.305,0.195,0.4750000000000001
1.0,0.0,0.846,0.8114901256732495,0.9021956087824351,0.8544423440453687,0.3,0.2,0.5
0.775,0.22499999999999998,0.848,0.8213627992633518,0.8902195608782435,0.8544061302681992,0.38000000000000006,0.11999999999999994,0.275
0.8,0.19999999999999996,0.848,0.8213627992633518,0.8902195608782435,0.8544061302681992,0.37500000000000006,0.12499999999999994,0.30000000000000004
0.8500000000000001,0.1499999999999999,0.849,0.8264925373134329,0.8842315369261478,0.8543876567020251,0.3950000000000001,0.10499999999999993,0.3500000000000001
0.875,0.125,0.849,0.8264925373134329,0.8842315369261478,0.8543876567020251,0.39000000000000007,0.10999999999999993,0.375
0.9,0.09999999999999998,0.849,0.8264925373134329,0.8842315369261478,0.8543876567020251,0.39000000000000007,0.10999999999999993,0.4
0.275,0.725,0.834,0.7621283255086072,0.9720558882235529,0.8543859649122807,0.34,0.15999999999999998,0.22499999999999998
0.4,0.6,0.834,0.7621283255086072,0.9720558882235529,0.8543859649122807,0.305,0.195,0.09999999999999998
0.875,0.125,0.85,0.831758034026465,0.8782435129740519,0.8543689320388349,0.4150000000000001,0.08499999999999991,0.375
0.9,0.09999999999999998,0.85,0.831758034026465,0.8782435129740519,0.8543689320388349,0.4150000000000001,0.08499999999999991,0.4
0.0,1.0,0.836,0.7696,0.9600798403193613,0.8543516873889876,0.4050000000000001,0.09499999999999992,0.5
0.925,0.07499999999999996,0.851,0.8371647509578544,0.872255489021956,0.8543499511241447,0.4400000000000001,0.05999999999999989,0.42500000000000004
0.9500000000000001,0.04999999999999993,0.851,0.8371647509578544,0.872255489021956,0.8543499511241447,0.4400000000000001,0.05999999999999989,0.45000000000000007
0.9500000000000001,0.04999999999999993,0.852,0.8427184466019417,0.8662674650698603,0.8543307086614174,0.48500000000000015,0.014999999999999847,0.45000000000000007
0.9750000000000001,0.02499999999999991,0.852,0.8427184466019417,0.8662674650698603,0.8543307086614174,0.48500000000000015,0.014999999999999847,0.4750000000000001
0.925,0.07499999999999996,0.852,0.8427184466019417,0.8662674650698603,0.8543307086614174,0.48000000000000015,0.01999999999999985,0.42500000000000004
0.9500000000000001,0.04999999999999993,0.852,0.8427184466019417,0.8662674650698603,0.8543307086614174,0.48000000000000015,0.01999999999999985,0.45000000000000007
0.9750000000000001,0.02499999999999991,0.852,0.8427184466019417,0.8662674650698603,0.8543307086614174,0.48000000000000015,0.01999999999999985,0.4750000000000001
0.925,0.07499999999999996,0.852,0.8427184466019417,0.8662674650698603,0.8543307086614174,0.47500000000000014,0.024999999999999856,0.42500000000000004
0.9500000000000001,0.04999999999999993,0.852,0.8427184466019417,0.8662674650698603,0.8543307086614174,0.47500000000000014,0.024999999999999856,0.45000000000000007
0.9750000000000001,0.02499999999999991,0.852,0.8427184466019417,0.8662674650698603,0.8543307086614174,0.47500000000000014,0.024999999999999856,0.4750000000000001
0.275,0.725,0.867,0.9466019417475728,0.7784431137724551,0.8543263964950711,0.6150000000000002,0.11500000000000021,0.22499999999999998
0.30000000000000004,0.7,0.867,0.9466019417475728,0.7784431137724551,0.8543263964950711,0.6200000000000003,0.12000000000000033,0.19999999999999996
0.35000000000000003,0.6499999999999999,0.867,0.9466019417475728,0.7784431137724551,0.8543263964950711,0.6250000000000002,0.12500000000000022,0.14999999999999997
0.9500000000000001,0.04999999999999993,0.853,0.8484251968503937,0.8602794411177644,0.8543111992071358,0.5050000000000001,0.0050000000000001155,0.45000000000000007
0.9750000000000001,0.02499999999999991,0.853,0.8484251968503937,0.8602794411177644,0.8543111992071358,0.5050000000000001,0.0050000000000001155,0.4750000000000001
0.7250000000000001,0.2749999999999999,0.854,0.8542914171656687,0.8542914171656687,0.8542914171656687,0.5200000000000002,0.02000000000000024,0.2250000000000001
0.75,0.25,0.854,0.8542914171656687,0.8542914171656687,0.8542914171656687,0.5200000000000002,0.02000000000000024,0.25
0.75,0.25,0.854,0.8542914171656687,0.8542914171656687,0.8542914171656687,0.5250000000000001,0.025000000000000133,0.25
0.9,0.09999999999999998,0.854,0.8542914171656687,0.8542914171656687,0.8542914171656687,0.5250000000000001,0.025000000000000133,0.4
0.925,0.07499999999999996,0.854,0.8542914171656687,0.8542914171656687,0.8542914171656687,0.5250000000000001,0.025000000000000133,0.42500000000000004
0.9,0.09999999999999998,0.854,0.8542914171656687,0.8542914171656687,0.8542914171656687,0.5300000000000002,0.03000000000000025,0.4
0.7250000000000001,0.2749999999999999,0.855,0.8603238866396761,0.8483033932135728,0.8542713567839196,0.5400000000000003,0.04000000000000026,0.2250000000000001
0.75,0.25,0.855,0.8603238866396761,0.8483033932135728,0.8542713567839196,0.5400000000000003,0.04000000000000026,0.25
0.75,0.25,0.855,0.8603238866396761,0.8483033932135728,0.8542713567839196,0.5450000000000002,0.04500000000000015,0.25
0.675,0.32499999999999996,0.857,0.8729166666666667,0.8363273453093812,0.854230377166157,0.5850000000000002,0.08500000000000019,0.17500000000000004
0.6000000000000001,0.3999999999999999,0.858,0.879492600422833,0.8303393213572854,0.8542094455852156,0.5800000000000003,0.0800000000000003,0.10000000000000009
0.625,0.375,0.858,0.879492600422833,0.8303393213572854,0.8542094455852156,0.5850000000000002,0.08500000000000019,0.125
0.625,0.375,0.859,0.8862660944206009,0.8243512974051896,0.8541882109617374,0.6000000000000003,0.10000000000000031,0.125
0.925,0.07499999999999996,0.845,0.8078291814946619,0.906187624750499,0.8541862652869238,0.3,0.2,0.42500000000000004
0.625,0.375,0.86,0.8932461873638344,0.8183632734530938,0.8541666666666666,0.6150000000000002,0.11500000000000021,0.125
0.8,0.19999999999999996,0.846,0.8126126126126126,0.9001996007984032,0.8541666666666666,0.35000000000000003,0.14999999999999997,0.30000000000000004
0.8250000000000001,0.17499999999999993,0.846,0.8126126126126126,0.9001996007984032,0.8541666666666666,0.34500000000000003,0.15499999999999997,0.32500000000000007
0.8500000000000001,0.1499999999999999,0.846,0.8126126126126126,0.9001996007984032,0.8541666666666666,0.34,0.15999999999999998,0.3500000000000001
0.875,0.125,0.846,0.8126126126126126,0.9001996007984032,0.8541666666666666,0.335,0.16499999999999998,0.375
0.9,0.09999999999999998,0.846,0.8126126126126126,0.9001996007984032,0.8541666666666666,0.33,0.16999999999999998,0.4
0.925,0.07499999999999996,0.846,0.8126126126126126,0.9001996007984032,0.8541666666666666,0.33,0.16999999999999998,0.42500000000000004
0.9,0.09999999999999998,0.846,0.8126126126126126,0.9001996007984032,0.8541666666666666,0.325,0.175,0.4
0.925,0.07499999999999996,0.846,0.8126126126126126,0.9001996007984032,0.8541666666666666,0.325,0.175,0.42500000000000004
0.925,0.07499999999999996,0.846,0.8126126126126126,0.9001996007984032,0.8541666666666666,0.32,0.18,0.42500000000000004
0.9500000000000001,0.04999999999999993,0.846,0.8126126126126126,0.9001996007984032,0.8541666666666666,0.32,0.18,0.45000000000000007
0.8,0.19999999999999996,0.847,0.8175182481751825,0.8942115768463074,0.8541468064823642,0.36000000000000004,0.13999999999999996,0.30000000000000004
0.6000000000000001,0.3999999999999999,0.861,0.9004424778761062,0.812375249500998,0.8541448058761805,0.6200000000000003,0.12000000000000033,0.10000000000000009
0.8,0.19999999999999996,0.848,0.822550831792976,0.8882235528942116,0.8541266794625719,0.38500000000000006,0.11499999999999994,0.30000000000000004
0.8250000000000001,0.17499999999999993,0.848,0.822550831792976,0.8882235528942116,0.8541266794625719,0.38000000000000006,0.11999999999999994,0.32500000000000007
0.8500000000000001,0.1499999999999999,0.848,0.822550831792976,0.8882235528942116,0.8541266794625719,0.38000000000000006,0.11999999999999994,0.3500000000000001
0.875,0.125,0.848,0.822550831792976,0.8882235528942116,0.8541266794625719,0.38000000000000006,0.11999999999999994,0.375
0.9,0.09999999999999998,0.848,0.822550831792976,0.8882235528942116,0.8541266794625719,0.37500000000000006,0.12499999999999994,0.4
0.925,0.07499999999999996,0.848,0.822550831792976,0.8882235528942116,0.8541266794625719,0.37000000000000005,0.12999999999999995,0.42500000000000004
0.9500000000000001,0.04999999999999993,0.848,0.822550831792976,0.8882235528942116,0.8541266794625719,0.36500000000000005,0.13499999999999995,0.45000000000000007
0.07500000000000001,0.925,0.835,0.7666666666666667,0.9640718562874252,0.8541114058355438,0.39000000000000007,0.10999999999999993,0.425
0.225,0.775,0.835,0.7666666666666667,0.9640718562874252,0.8541114058355438,0.36000000000000004,0.13999999999999996,0.275
0.875,0.125,0.849,0.8277153558052435,0.8822355289421158,0.8541062801932368,0.4000000000000001,0.09999999999999992,0.375
0.125,0.875,0.836,0.7704654895666132,0.9580838323353293,0.8540925266903915,0.39000000000000007,0.10999999999999993,0.375
0.875,0.125,0.85,0.8330170777988615,0.8762475049900199,0.8540856031128404,0.4250000000000001,0.0749999999999999,0.375
0.9,0.09999999999999998,0.85,0.8330170777988615,0.8762475049900199,0.8540856031128404,0.4250000000000001,0.0749999999999999,0.4
0.925,0.07499999999999996,0.85,0.8330170777988615,0.8762475049900199,0.8540856031128404,0.4250000000000001,0.0749999999999999,0.42500000000000004
0.9500000000000001,0.04999999999999993,0.85,0.8330170777988615,0.8762475049900199,0.8540856031128404,0.4250000000000001,0.0749999999999999,0.45000000000000007
0.9750000000000001,0.02499999999999991,0.851,0.8384615384615385,0.8702594810379242,0.8540646425073457,0.46000000000000013,0.03999999999999987,0.4750000000000001
0.9750000000000001,0.02499999999999991,0.851,0.8384615384615385,0.8702594810379242,0.8540646425073457,0.4550000000000001,0.04499999999999987,0.4750000000000001
0.9500000000000001,0.04999999999999993,0.851,0.8384615384615385,0.8702594810379242,0.8540646425073457,0.4500000000000001,0.04999999999999988,0.45000000000000007
0.9750000000000001,0.02499999999999991,0.851,0.8384615384615385,0.8702594810379242,0.8540646425073457,0.4500000000000001,0.04999999999999988,0.4750000000000001
1.0,0.0,0.851,0.8384615384615385,0.8702594810379242,0.8540646425073457,0.4500000000000001,0.04999999999999988,0.5
0.9750000000000001,0.02499999999999991,0.851,0.8384615384615385,0.8702594810379242,0.8540646425073457,0.4450000000000001,0.05499999999999988,0.4750000000000001
1.0,0.0,0.851,0.8384615384615385,0.8702594810379242,0.8540646425073457,0.4450000000000001,0.05499999999999988,0.5
0.9750000000000001,0.02499999999999991,0.852,0.8440545808966862,0.8642714570858283,0.854043392504931,0.49500000000000016,0.004999999999999838,0.4750000000000001
1.0,0.0,0.852,0.8440545808966862,0.8642714570858283,0.854043392504931,0.49000000000000016,0.009999999999999842,0.5
0.42500000000000004,0.575,0.866,0.9400479616306955,0.782435129740519,0.8540305010893247,0.6350000000000002,0.13500000000000023,0.07499999999999996
0.275,0.725,0.867,0.948780487804878,0.7764471057884231,0.854006586169045,0.6200000000000003,0.12000000000000033,0.22499999999999998
0.4,0.6,0.867,0.948780487804878,0.7764471057884231,0.854006586169045,0.6350000000000002,0.13500000000000023,0.09999999999999998
0.8500000000000001,0.1499999999999999,0.854,0.8557114228456913,0.8522954091816367,0.854,0.5350000000000001,0.03500000000000014,0.3500000000000001
0.775,0.22499999999999998,0.855,0.8617886178861789,0.846307385229541,0.8539778449144008,0.5450000000000002,0.04500000000000015,0.275
0.7250000000000001,0.2749999999999999,0.855,0.8617886178861789,0.846307385229541,0.8539778449144008,0.5500000000000003,0.050000000000000266,0.2250000000000001
0.65,0.35,0.856,0.8680412371134021,0.8403193612774451,0.8539553752535497,0.5700000000000003,0.07000000000000028,0.15000000000000002
0.625,0.375,0.858,0.881104033970276,0.8283433133732535,0.8539094650205762,0.5900000000000003,0.0900000000000003,0.125
0.8250000000000001,0.17499999999999993,0.846,0.8137432188065099,0.8982035928143712,0.8538899430740038,0.35000000000000003,0.14999999999999997,0.32500000000000007
0.8500000000000001,0.1499999999999999,0.846,0.8137432188065099,0.8982035928143712,0.8538899430740038,0.34500000000000003,0.15499999999999997,0.3500000000000001
0.875,0.125,0.846,0.8137432188065099,0.8982035928143712,0.8538899430740038,0.34,0.15999999999999998,0.375
0.8,0.19999999999999996,0.847,0.8186813186813187,0.8922155688622755,0.8538681948424068,0.36500000000000005,0.13499999999999995,0.30000000000000004
0.1,0.9,0.835,0.767515923566879,0.9620758483033932,0.853852967227635,0.38500000000000006,0.11499999999999994,0.4
0.9,0.09999999999999998,0.848,0.8237476808905381,0.8862275449101796,0.8538461538461538,0.38000000000000006,0.11999999999999994,0.4
0.875,0.125,0.849,0.8289473684210527,0.8802395209580839,0.8538238141335914,0.4050000000000001,0.09499999999999992,0.375
0.875,0.125,0.852,0.8454011741682974,0.8622754491017964,0.8537549407114624,0.5000000000000002,2.220446049250313e-16,0.375
0.8500000000000001,0.1499999999999999,0.852,0.8454011741682974,0.8622754491017964,0.8537549407114624,0.49500000000000016,0.004999999999999838,0.3500000000000001
0.875,0.125,0.852,0.8454011741682974,0.8622754491017964,0.8537549407114624,0.49500000000000016,0.004999999999999838,0.375
0.9,0.09999999999999998,0.852,0.8454011741682974,0.8622754491017964,0.8537549407114624,0.49500000000000016,0.004999999999999838,0.4
0.9500000000000001,0.04999999999999993,0.852,0.8454011741682974,0.8622754491017964,0.8537549407114624,0.49500000000000016,0.004999999999999838,0.45000000000000007
0.8500000000000001,0.1499999999999999,0.852,0.8454011741682974,0.8622754491017964,0.8537549407114624,0.49000000000000016,0.009999999999999842,0.3500000000000001
0.875,0.125,0.852,0.8454011741682974,0.8622754491017964,0.8537549407114624,0.49000000000000016,0.009999999999999842,0.375
0.125,0.875,0.865,0.933649289099526,0.7864271457085829,0.8537378114842904,0.5800000000000003,0.0800000000000003,0.375
0.225,0.775,0.867,0.9509803921568627,0.7744510978043913,0.8536853685368537,0.6100000000000003,0.11000000000000032,0.275
0.6000000000000001,0.3999999999999999,0.855,0.863265306122449,0.844311377245509,0.8536831483350151,0.5450000000000002,0.04500000000000015,0.10000000000000009
0.625,0.375,0.855,0.863265306122449,0.844311377245509,0.8536831483350151,0.5450000000000002,0.04500000000000015,0.125
0.675,0.32499999999999996,0.856,0.8695652173913043,0.8383233532934131,0.8536585365853658,0.5800000000000003,0.0800000000000003,0.17500000000000004
0.9500000000000001,0.04999999999999993,0.845,0.8100358422939068,0.9021956087824351,0.8536355051935789,0.305,0.195,0.45000000000000007
0.9750000000000001,0.02499999999999991,0.845,0.8100358422939068,0.9021956087824351,0.8536355051935789,0.3,0.2,0.4750000000000001
0.625,0.375,0.858,0.8827292110874201,0.8263473053892215,0.8536082474226804,0.5950000000000002,0.0950000000000002,0.125
0.9,0.09999999999999998,0.848,0.8249534450651769,0.8842315369261478,0.8535645472061657,0.38500000000000006,0.11499999999999994,0.4
0.925,0.07499999999999996,0.849,0.8301886792452831,0.8782435129740519,0.8535402521823472,0.4150000000000001,0.08499999999999991,0.42500000000000004
0.875,0.125,0.849,0.8301886792452831,0.8782435129740519,0.8535402521823472,0.4100000000000001,0.08999999999999991,0.375
0.625,0.375,0.861,0.9040178571428571,0.8083832335329342,0.8535300316122234,0.6300000000000003,0.13000000000000034,0.125
0.9500000000000001,0.04999999999999993,0.85,0.8355640535372849,0.872255489021956,0.853515625,0.4350000000000001,0.06499999999999989,0.45000000000000007
1.0,0.0,0.851,0.8410852713178295,0.8662674650698603,0.8534906588003933,0.48000000000000015,0.01999999999999985,0.5
1.0,0.0,0.851,0.8410852713178295,0.8662674650698603,0.8534906588003933,0.47500000000000014,0.024999999999999856,0.5
0.9500000000000001,0.04999999999999993,0.851,0.8410852713178295,0.8662674650698603,0.8534906588003933,0.47000000000000014,0.02999999999999986,0.45000000000000007
0.9,0.09999999999999998,0.852,0.8467583497053045,0.8602794411177644,0.8534653465346534,0.5000000000000002,2.220446049250313e-16,0.4
0.925,0.07499999999999996,0.852,0.8467583497053045,0.8602794411177644,0.8534653465346534,0.5000000000000002,2.220446049250313e-16,0.42500000000000004
0.9500000000000001,0.04999999999999993,0.852,0.8467583497053045,0.8602794411177644,0.8534653465346534,0.5000000000000002,2.220446049250313e-16,0.45000000000000007
0.9750000000000001,0.02499999999999991,0.852,0.8467583497053045,0.8602794411177644,0.8534653465346534,0.5000000000000002,2.220446049250313e-16,0.4750000000000001
0.9,0.09999999999999998,0.852,0.8467583497053045,0.8602794411177644,0.8534653465346534,0.5050000000000001,0.0050000000000001155,0.4
0.925,0.07499999999999996,0.852,0.8467583497053045,0.8602794411177644,0.8534653465346534,0.5050000000000001,0.0050000000000001155,0.42500000000000004
0.925,0.07499999999999996,0.853,0.852589641434263,0.8542914171656687,0.8534396809571286,0.5200000000000002,0.02000000000000024,0.42500000000000004
0.775,0.22499999999999998,0.854,0.8585858585858586,0.8483033932135728,0.8534136546184738,0.5400000000000003,0.04000000000000026,0.275
0.8250000000000001,0.17499999999999993,0.854,0.8585858585858586,0.8483033932135728,0.8534136546184738,0.5400000000000003,0.04000000000000026,0.32500000000000007
0.7000000000000001,0.29999999999999993,0.855,0.8647540983606558,0.8423153692614771,0.8533872598584429,0.5600000000000003,0.060000000000000275,0.20000000000000007
0.65,0.35,0.855,0.8647540983606558,0.8423153692614771,0.8533872598584429,0.5650000000000002,0.06500000000000017,0.15000000000000002
0.25,0.75,0.867,0.9532019704433498,0.7724550898203593,0.8533627342888643,0.6150000000000002,0.11500000000000021,0.25
0.9750000000000001,0.02499999999999991,0.845,0.8111510791366906,0.9001996007984032,0.8533585619678334,0.315,0.185,0.4750000000000001
1.0,0.0,0.845,0.8111510791366906,0.9001996007984032,0.8533585619678334,0.31,0.19,0.5
1.0,0.0,0.845,0.8111510791366906,0.9001996007984032,0.8533585619678334,0.305,0.195,0.5
0.675,0.32499999999999996,0.857,0.8776371308016878,0.8303393213572854,0.8533333333333334,0.5950000000000002,0.0950000000000002,0.17500000000000004
0.8500000000000001,0.1499999999999999,0.848,0.8261682242990654,0.8822355289421158,0.8532818532818532,0.4000000000000001,0.09999999999999992,0.3500000000000001
0.875,0.125,0.848,0.8261682242990654,0.8822355289421158,0.8532818532818532,0.3950000000000001,0.10499999999999993,0.375
0.925,0.07499999999999996,0.848,0.8261682242990654,0.8822355289421158,0.8532818532818532,0.39000000000000007,0.10999999999999993,0.42500000000000004
0.0,1.0,0.859,0.8913043478260869,0.8183632734530938,0.8532778355879292,0.5450000000000002,0.04500000000000015,0.5
0.9750000000000001,0.02499999999999991,0.849,0.8314393939393939,0.8762475049900199,0.8532555879494655,0.4250000000000001,0.0749999999999999,0.4750000000000001
0.925,0.07499999999999996,0.849,0.8314393939393939,0.8762475049900199,0.8532555879494655,0.4200000000000001,0.0799999999999999,0.42500000000000004
0.9750000000000001,0.02499999999999991,0.849,0.8314393939393939,0.8762475049900199,0.8532555879494655,0.4200000000000001,0.0799999999999999,0.4750000000000001
0.9500000000000001,0.04999999999999993,0.85,0.836852207293666,0.8702594810379242,0.8532289628180039,0.4450000000000001,0.05499999999999988,0.45000000000000007
0.9750000000000001,0.02499999999999991,0.85,0.836852207293666,0.8702594810379242,0.8532289628180039,0.4400000000000001,0.05999999999999989,0.4750000000000001
0.6000000000000001,0.3999999999999999,0.863,0.9212962962962963,0.7944111776447106,0.8531618435155413,0.6450000000000002,0.14500000000000024,0.10000000000000009
0.925,0.07499999999999996,0.853,0.854,0.8522954091816367,0.8531468531468531,0.5300000000000002,0.03000000000000025,0.42500000000000004
0.9500000000000001,0.04999999999999993,0.853,0.854,0.8522954091816367,0.8531468531468531,0.5300000000000002,0.03000000000000025,0.45000000000000007
0.9,0.09999999999999998,0.853,0.854,0.8522954091816367,0.8531468531468531,0.5350000000000001,0.03500000000000014,0.4
0.925,0.07499999999999996,0.853,0.854,0.8522954091816367,0.8531468531468531,0.5350000000000001,0.03500000000000014,0.42500000000000004
0.30000000000000004,0.7,0.832,0.7589424572317263,0.9740518962075848,0.8531468531468531,0.33,0.16999999999999998,0.19999999999999996
0.8250000000000001,0.17499999999999993,0.854,0.8600405679513184,0.846307385229541,0.8531187122736419,0.5450000000000002,0.04500000000000015,0.32500000000000007
0.47500000000000003,0.5249999999999999,0.865,0.937799043062201,0.782435129740519,0.85310119695321,0.6400000000000003,0.14000000000000035,0.024999999999999967
0.7250000000000001,0.2749999999999999,0.855,0.8662551440329218,0.8403193612774451,0.8530901722391084,0.5600000000000003,0.060000000000000275,0.2250000000000001
0.7000000000000001,0.29999999999999993,0.855,0.8662551440329218,0.8403193612774451,0.8530901722391084,0.5650000000000002,0.06500000000000017,0.20000000000000007
0.7250000000000001,0.2749999999999999,0.855,0.8662551440329218,0.8403193612774451,0.8530901722391084,0.5650000000000002,0.06500000000000017,0.2250000000000001
0.9500000000000001,0.04999999999999993,0.845,0.8122743682310469,0.8982035928143712,0.8530805687203792,0.325,0.175,0.45000000000000007
0.9750000000000001,0.02499999999999991,0.845,0.8122743682310469,0.8982035928143712,0.8530805687203792,0.32,0.18,0.4750000000000001
0.2,0.8,0.866,0.9464720194647201,0.7764471057884231,0.8530701754385965,0.6050000000000002,0.1050000000000002,0.3
0.325,0.675,0.866,0.9464720194647201,0.7764471057884231,0.8530701754385965,0.6250000000000002,0.12500000000000022,0.175
0.8250000000000001,0.17499999999999993,0.846,0.8171846435100548,0.8922155688622755,0.8530534351145038,0.36000000000000004,0.13999999999999996,0.32500000000000007
0.65,0.35,0.857,0.8792372881355932,0.8283433133732535,0.8530318602261048,0.5950000000000002,0.0950000000000002,0.15000000000000002
0.925,0.07499999999999996,0.847,0.8222222222222222,0.8862275449101796,0.8530259365994236,0.37500000000000006,0.12499999999999994,0.42500000000000004
0.9500000000000001,0.04999999999999993,0.847,0.8222222222222222,0.8862275449101796,0.8530259365994236,0.37000000000000005,0.12999999999999995,0.45000000000000007
0.9,0.09999999999999998,0.848,0.8273921200750469,0.8802395209580839,0.8529980657640233,0.4050000000000001,0.09499999999999992,0.4
0.925,0.07499999999999996,0.848,0.8273921200750469,0.8802395209580839,0.8529980657640233,0.4050000000000001,0.09499999999999992,0.42500000000000004
0.9500000000000001,0.04999999999999993,0.848,0.8273921200750469,0.8802395209580839,0.8529980657640233,0.4050000000000001,0.09499999999999992,0.45000000000000007
0.9750000000000001,0.02499999999999991,0.848,0.8273921200750469,0.8802395209580839,0.8529980657640233,0.4050000000000001,0.09499999999999992,0.4750000000000001
0.9,0.09999999999999998,0.848,0.8273921200750469,0.8802395209580839,0.8529980657640233,0.4000000000000001,0.09999999999999992,0.4
0.925,0.07499999999999996,0.848,0.8273921200750469,0.8802395209580839,0.8529980657640233,0.4000000000000001,0.09999999999999992,0.42500000000000004
0.9500000000000001,0.04999999999999993,0.848,0.8273921200750469,0.8802395209580839,0.8529980657640233,0.4000000000000001,0.09999999999999992,0.45000000000000007
0.9750000000000001,0.02499999999999991,0.848,0.8273921200750469,0.8802395209580839,0.8529980657640233,0.4000000000000001,0.09999999999999992,0.4750000000000001
0.9,0.09999999999999998,0.848,0.8273921200750469,0.8802395209580839,0.8529980657640233,0.3950000000000001,0.10499999999999993,0.4
0.925,0.07499999999999996,0.848,0.8273921200750469,0.8802395209580839,0.8529980657640233,0.3950000000000001,0.10499999999999993,0.42500000000000004
0.9500000000000001,0.04999999999999993,0.848,0.8273921200750469,0.8802395209580839,0.8529980657640233,0.3950000000000001,0.10499999999999993,0.45000000000000007
0.625,0.375,0.86,0.9002217294900222,0.810379241516966,0.8529411764705882,0.6250000000000002,0.12500000000000022,0.125
0.65,0.35,0.86,0.9002217294900222,0.810379241516966,0.8529411764705882,0.6300000000000003,0.13000000000000034,0.15000000000000002
1.0,0.0,0.85,0.838150289017341,0.8682634730538922,0.8529411764705882,0.4550000000000001,0.04499999999999987,0.5
0.875,0.125,0.853,0.8554216867469879,0.8502994011976048,0.8528528528528528,0.5400000000000003,0.04000000000000026,0.375
0.9,0.09999999999999998,0.853,0.8554216867469879,0.8502994011976048,0.8528528528528528,0.5400000000000003,0.04000000000000026,0.4
0.5750000000000001,0.42499999999999993,0.863,0.9232558139534883,0.7924151696606786,0.8528464017185822,0.6400000000000003,0.14000000000000035,0.07500000000000007
0.15000000000000002,0.85,0.834,0.7671451355661882,0.9600798403193613,0.8528368794326241,0.38500000000000006,0.11499999999999994,0.35
0.775,0.22499999999999998,0.854,0.8615071283095723,0.844311377245509,0.8528225806451613,0.5500000000000003,0.050000000000000266,0.275
0.7250000000000001,0.2749999999999999,0.854,0.8615071283095723,0.844311377245509,0.8528225806451613,0.5550000000000002,0.05500000000000016,0.2250000000000001
0.875,0.125,0.845,0.8134057971014492,0.8962075848303394,0.8528015194681862,0.34500000000000003,0.15499999999999997,0.375
0.9,0.09999999999999998,0.845,0.8134057971014492,0.8962075848303394,0.8528015194681862,0.34,0.15999999999999998,0.4
0.675,0.32499999999999996,0.855,0.8677685950413223,0.8383233532934131,0.8527918781725888,0.5700000000000003,0.07000000000000028,0.17500000000000004
0.7000000000000001,0.29999999999999993,0.855,0.8677685950413223,0.8383233532934131,0.8527918781725888,0.5700000000000003,0.07000000000000028,0.20000000000000007
0.7250000000000001,0.2749999999999999,0.855,0.8677685950413223,0.8383233532934131,0.8527918781725888,0.5700000000000003,0.07000000000000028,0.2250000000000001
0.675,0.32499999999999996,0.855,0.8677685950413223,0.8383233532934131,0.8527918781725888,0.5750000000000002,0.07500000000000018,0.17500000000000004
0.7000000000000001,0.29999999999999993,0.855,0.8677685950413223,0.8383233532934131,0.8527918781725888,0.5750000000000002,0.07500000000000018,0.20000000000000007
0.7250000000000001,0.2749999999999999,0.855,0.8677685950413223,0.8383233532934131,0.8527918781725888,0.5750000000000002,0.07500000000000018,0.2250000000000001
0.7000000000000001,0.29999999999999993,0.855,0.8677685950413223,0.8383233532934131,0.8527918781725888,0.5800000000000003,0.0800000000000003,0.20000000000000007
0.7250000000000001,0.2749999999999999,0.855,0.8677685950413223,0.8383233532934131,0.8527918781725888,0.5800000000000003,0.0800000000000003,0.2250000000000001
0.7000000000000001,0.29999999999999993,0.855,0.8677685950413223,0.8383233532934131,0.8527918781725888,0.5850000000000002,0.08500000000000019,0.20000000000000007
0.17500000000000002,0.825,0.865,0.9399038461538461,0.780439121756487,0.8527808069792803,0.6000000000000003,0.10000000000000031,0.32499999999999996
0.8250000000000001,0.17499999999999993,0.846,0.818348623853211,0.8902195608782435,0.8527724665391969,0.37000000000000005,0.12999999999999995,0.32500000000000007
0.8250000000000001,0.17499999999999993,0.846,0.818348623853211,0.8902195608782435,0.8527724665391969,0.36500000000000005,0.13499999999999995,0.32500000000000007
0.9750000000000001,0.02499999999999991,0.846,0.818348623853211,0.8902195608782435,0.8527724665391969,0.35500000000000004,0.14499999999999996,0.4750000000000001
0.65,0.35,0.857,0.8808510638297873,0.8263473053892215,0.8527291452111225,0.6000000000000003,0.10000000000000031,0.15000000000000002
0.9,0.09999999999999998,0.848,0.8286252354048964,0.8782435129740519,0.8527131782945736,0.4100000000000001,0.08999999999999991,0.4
0.925,0.07499999999999996,0.848,0.8286252354048964,0.8782435129740519,0.8527131782945736,0.4100000000000001,0.08999999999999991,0.42500000000000004
0.0,1.0,0.858,0.8876889848812095,0.8203592814371258,0.8526970954356846,0.5400000000000003,0.04000000000000026,0.5
0.65,0.35,0.858,0.8876889848812095,0.8203592814371258,0.8526970954356846,0.6100000000000003,0.11000000000000032,0.15000000000000002
0.9750000000000001,0.02499999999999991,0.85,0.839458413926499,0.8662674650698603,0.8526522593320236,0.47000000000000014,0.02999999999999986,0.4750000000000001
1.0,0.0,0.85,0.839458413926499,0.8662674650698603,0.8526522593320236,0.47000000000000014,0.02999999999999986,0.5
0.9750000000000001,0.02499999999999991,0.85,0.839458413926499,0.8662674650698603,0.8526522593320236,0.46500000000000014,0.034999999999999865,0.4750000000000001
1.0,0.0,0.851,0.8450980392156863,0.8602794411177644,0.8526211671612265,0.5000000000000002,2.220446049250313e-16,0.5
0.15000000000000002,0.85,0.833,0.7642405063291139,0.9640718562874252,0.852603706972639,0.38000000000000006,0.11999999999999994,0.35
0.17500000000000002,0.825,0.833,0.7642405063291139,0.9640718562874252,0.852603706972639,0.37500000000000006,0.12499999999999994,0.32499999999999996
0.9500000000000001,0.04999999999999993,0.852,0.8508946322067594,0.8542914171656687,0.852589641434263,0.5150000000000001,0.015000000000000124,0.45000000000000007
0.5750000000000001,0.42499999999999993,0.863,0.9252336448598131,0.7904191616766467,0.852529601722282,0.6450000000000002,0.14500000000000024,0.07500000000000007
0.75,0.25,0.854,0.8629856850715747,0.8423153692614771,0.8525252525252526,0.5550000000000002,0.05500000000000016,0.25
0.75,0.25,0.854,0.8629856850715747,0.8423153692614771,0.8525252525252526,0.5600000000000003,0.060000000000000275,0.25
0.775,0.22499999999999998,0.854,0.8629856850715747,0.8423153692614771,0.8525252525252526,0.5600000000000003,0.060000000000000275,0.275
0.775,0.22499999999999998,0.854,0.8629856850715747,0.8423153692614771,0.8525252525252526,0.5650000000000002,0.06500000000000017,0.275
0.8250000000000001,0.17499999999999993,0.846,0.8195211786372008,0.8882235528942116,0.8524904214559387,0.37500000000000006,0.12499999999999994,0.32500000000000007
0.8500000000000001,0.1499999999999999,0.846,0.8195211786372008,0.8882235528942116,0.8524904214559387,0.37500000000000006,0.12499999999999994,0.3500000000000001
0.875,0.125,0.846,0.8195211786372008,0.8882235528942116,0.8524904214559387,0.37500000000000006,0.12499999999999994,0.375
0.9500000000000001,0.04999999999999993,0.846,0.8195211786372008,0.8882235528942116,0.8524904214559387,0.36000000000000004,0.13999999999999996,0.45000000000000007
0.9500000000000001,0.04999999999999993,0.847,0.8246268656716418,0.8822355289421158,0.8524590163934426,0.39000000000000007,0.10999999999999993,0.45000000000000007
0.9500000000000001,0.04999999999999993,0.848,0.8298676748582231,0.8762475049900199,0.8524271844660194,0.4200000000000001,0.0799999999999999,0.45000000000000007
0.9500000000000001,0.04999999999999993,0.848,0.8298676748582231,0.8762475049900199,0.8524271844660194,0.4150000000000001,0.08499999999999991,0.45000000000000007
0.9750000000000001,0.02499999999999991,0.848,0.8298676748582231,0.8762475049900199,0.8524271844660194,0.4150000000000001,0.08499999999999991,0.4750000000000001
1.0,0.0,0.848,0.8298676748582231,0.8762475049900199,0.8524271844660194,0.4150000000000001,0.08499999999999991,0.5
1.0,0.0,0.849,0.8352490421455939,0.8702594810379242,0.852394916911046,0.4400000000000001,0.05999999999999989,0.5
0.9750000000000001,0.02499999999999991,0.849,0.8352490421455939,0.8702594810379242,0.852394916911046,0.4350000000000001,0.06499999999999989,0.4750000000000001
1.0,0.0,0.849,0.8352490421455939,0.8702594810379242,0.852394916911046,0.4350000000000001,0.06499999999999989,0.5
0.65,0.35,0.858,0.8893709327548807,0.8183632734530938,0.8523908523908524,0.6150000000000002,0.11500000000000021,0.15000000000000002
0.65,0.35,0.859,0.8964757709251101,0.812375249500998,0.8523560209424084,0.6250000000000002,0.12500000000000022,0.15000000000000002
0.675,0.32499999999999996,0.859,0.8964757709251101,0.812375249500998,0.8523560209424084,0.6300000000000003,0.13000000000000034,0.17500000000000004
0.9500000000000001,0.04999999999999993,0.852,0.8522954091816367,0.8522954091816367,0.8522954091816367,0.5200000000000002,0.02000000000000024,0.45000000000000007
0.9500000000000001,0.04999999999999993,0.852,0.8522954091816367,0.8522954091816367,0.8522954091816367,0.5250000000000001,0.025000000000000133,0.45000000000000007
0.9750000000000001,0.02499999999999991,0.852,0.8522954091816367,0.8522954091816367,0.8522954091816367,0.5250000000000001,0.025000000000000133,0.4750000000000001
1.0,0.0,0.844,0.8108108108108109,0.8982035928143712,0.8522727272727273,0.315,0.185,0.5
0.8500000000000001,0.1499999999999999,0.853,0.8582995951417004,0.846307385229541,0.8522613065326633,0.5450000000000002,0.04500000000000015,0.3500000000000001
0.8250000000000001,0.17499999999999993,0.845,0.8156934306569343,0.8922155688622755,0.8522402287893232,0.35500000000000004,0.14499999999999996,0.32500000000000007
0.8500000000000001,0.1499999999999999,0.845,0.8156934306569343,0.8922155688622755,0.8522402287893232,0.35500000000000004,0.14499999999999996,0.3500000000000001
0.675,0.32499999999999996,0.854,0.864476386036961,0.8403193612774451,0.8522267206477733,0.5650000000000002,0.06500000000000017,0.17500000000000004
0.9750000000000001,0.02499999999999991,0.846,0.8207024029574861,0.8862275449101796,0.8522072936660269,0.36000000000000004,0.13999999999999996,0.4750000000000001
0.15000000000000002,0.85,0.864,0.9355608591885441,0.782435129740519,0.8521739130434782,0.5900000000000003,0.0900000000000003,0.35
1.0,0.0,0.848,0.8311195445920304,0.874251497005988,0.8521400778210116,0.4250000000000001,0.0749999999999999,0.5
1.0,0.0,0.848,0.8311195445920304,0.874251497005988,0.8521400778210116,0.4200000000000001,0.0799999999999999,0.5
0.65,0.35,0.857,0.8841201716738197,0.8223552894211577,0.8521199586349535,0.6050000000000002,0.1050000000000002,0.15000000000000002
0.675,0.32499999999999996,0.857,0.8841201716738197,0.8223552894211577,0.8521199586349535,0.6150000000000002,0.11500000000000021,0.17500000000000004
0.675,0.32499999999999996,0.858,0.8910675381263616,0.8163672654690619,0.8520833333333333,0.6200000000000003,0.12000000000000033,0.17500000000000004
0.125,0.875,0.833,0.7659235668789809,0.9600798403193613,0.8520814880425155,0.38500000000000006,0.11499999999999994,0.375
0.9750000000000001,0.02499999999999991,0.851,0.8478260869565217,0.8562874251497006,0.8520357497517378,0.5100000000000002,0.010000000000000231,0.4750000000000001
0.0,1.0,0.835,0.7736156351791531,0.9481037924151696,0.852017937219731,0.4150000000000001,0.08499999999999991,0.5
0.9500000000000001,0.04999999999999993,0.852,0.8537074148296593,0.8502994011976048,0.852,0.5350000000000001,0.03500000000000014,0.45000000000000007
0.8,0.19999999999999996,0.853,0.8597560975609756,0.844311377245509,0.851963746223565,0.5450000000000002,0.04500000000000015,0.30000000000000004
0.75,0.25,0.853,0.8597560975609756,0.844311377245509,0.851963746223565,0.5500000000000003,0.050000000000000266,0.25
0.8,0.19999999999999996,0.853,0.8597560975609756,0.844311377245509,0.851963746223565,0.5500000000000003,0.050000000000000266,0.30000000000000004
0.8250000000000001,0.17499999999999993,0.853,0.8597560975609756,0.844311377245509,0.851963746223565,0.5500000000000003,0.050000000000000266,0.32500000000000007
0.8500000000000001,0.1499999999999999,0.845,0.8168498168498168,0.8902195608782435,0.8519579751671442,0.36000000000000004,0.13999999999999996,0.3500000000000001
0.75,0.25,0.854,0.865979381443299,0.8383233532934131,0.8519269776876268,0.5750000000000002,0.07500000000000018,0.25
0.925,0.07499999999999996,0.846,0.8218923933209648,0.8842315369261478,0.8519230769230769,0.38000000000000006,0.11999999999999994,0.42500000000000004
0.9750000000000001,0.02499999999999991,0.846,0.8218923933209648,0.8842315369261478,0.8519230769230769,0.36500000000000005,0.13499999999999995,0.4750000000000001
0.4,0.6,0.83,0.7557959814528593,0.9760479041916168,0.8519163763066202,0.3,0.2,0.09999999999999998
0.55,0.44999999999999996,0.863,0.9292452830188679,0.7864271457085829,0.8518918918918919,0.6450000000000002,0.14500000000000024,0.050000000000000044
0.9500000000000001,0.04999999999999993,0.847,0.8270676691729323,0.8782435129740519,0.8518877057115198,0.4100000000000001,0.08999999999999991,0.45000000000000007
0.9750000000000001,0.02499999999999991,0.847,0.8270676691729323,0.8782435129740519,0.8518877057115198,0.4100000000000001,0.08999999999999991,0.4750000000000001
1.0,0.0,0.847,0.8270676691729323,0.8782435129740519,0.8518877057115198,0.4050000000000001,0.09499999999999992,0.5
0.45,0.55,0.864,0.9376498800959233,0.780439121756487,0.8518518518518519,0.6400000000000003,0.14000000000000035,0.04999999999999999
0.675,0.32499999999999996,0.856,0.8789808917197452,0.8263473053892215,0.8518518518518519,0.6000000000000003,0.10000000000000031,0.17500000000000004
0.7250000000000001,0.2749999999999999,0.856,0.8789808917197452,0.8263473053892215,0.8518518518518519,0.6100000000000003,0.11000000000000032,0.2250000000000001
0.15000000000000002,0.85,0.832,0.7630331753554502,0.9640718562874252,0.8518518518518519,0.37500000000000006,0.12499999999999994,0.35
1.0,0.0,0.849,0.8378378378378378,0.8662674650698603,0.8518155053974484,0.46500000000000014,0.034999999999999865,0.5
1.0,0.0,0.849,0.8378378378378378,0.8662674650698603,0.8518155053974484,0.46000000000000013,0.03999999999999987,0.5
0.7000000000000001,0.29999999999999993,0.857,0.8857758620689655,0.8203592814371258,0.8518134715025907,0.6200000000000003,0.12000000000000033,0.20000000000000007
0.30000000000000004,0.7,0.865,0.9463414634146341,0.7744510978043913,0.8518111964873765,0.6250000000000002,0.12500000000000022,0.19999999999999996
0.375,0.625,0.865,0.9463414634146341,0.7744510978043913,0.8518111964873765,0.6300000000000003,0.13000000000000034,0.125
0.42500000000000004,0.575,0.865,0.9463414634146341,0.7744510978043913,0.8518111964873765,0.6450000000000002,0.14500000000000024,0.07499999999999996
0.8500000000000001,0.1499999999999999,0.844,0.8130671506352087,0.8942115768463074,0.8517110266159695,0.35000000000000003,0.14999999999999997,0.3500000000000001
0.925,0.07499999999999996,0.844,0.8130671506352087,0.8942115768463074,0.8517110266159695,0.335,0.16499999999999998,0.42500000000000004
0.9500000000000001,0.04999999999999993,0.844,0.8130671506352087,0.8942115768463074,0.8517110266159695,0.335,0.16499999999999998,0.45000000000000007
0.9500000000000001,0.04999999999999993,0.844,0.8130671506352087,0.8942115768463074,0.8517110266159695,0.33,0.16999999999999998,0.45000000000000007
0.9750000000000001,0.02499999999999991,0.844,0.8130671506352087,0.8942115768463074,0.8517110266159695,0.33,0.16999999999999998,0.4750000000000001
1.0,0.0,0.844,0.8130671506352087,0.8942115768463074,0.8517110266159695,0.33,0.16999999999999998,0.5
1.0,0.0,0.844,0.8130671506352087,0.8942115768463074,0.8517110266159695,0.325,0.175,0.5
0.8500000000000001,0.1499999999999999,0.852,0.8551307847082495,0.8483033932135728,0.8517034068136272,0.5400000000000003,0.04000000000000026,0.3500000000000001
0.8500000000000001,0.1499999999999999,0.845,0.8180147058823529,0.8882235528942116,0.8516746411483254,0.37000000000000005,0.12999999999999995,0.3500000000000001
0.875,0.125,0.845,0.8180147058823529,0.8882235528942116,0.8516746411483254,0.37000000000000005,0.12999999999999995,0.375
0.9,0.09999999999999998,0.845,0.8180147058823529,0.8882235528942116,0.8516746411483254,0.37000000000000005,0.12999999999999995,0.4
0.9,0.09999999999999998,0.845,0.8180147058823529,0.8882235528942116,0.8516746411483254,0.36500000000000005,0.13499999999999995,0.4
0.925,0.07499999999999996,0.845,0.8180147058823529,0.8882235528942116,0.8516746411483254,0.36500000000000005,0.13499999999999995,0.42500000000000004
0.775,0.22499999999999998,0.853,0.8612244897959184,0.8423153692614771,0.851664984863774,0.5550000000000002,0.05500000000000016,0.275
0.8,0.19999999999999996,0.853,0.8612244897959184,0.8423153692614771,0.851664984863774,0.5550000000000002,0.05500000000000016,0.30000000000000004
0.8,0.19999999999999996,0.853,0.8612244897959184,0.8423153692614771,0.851664984863774,0.5600000000000003,0.060000000000000275,0.30000000000000004
0.325,0.675,0.83,0.7565891472868217,0.9740518962075848,0.8516579406631762,0.32,0.18,0.175
0.6000000000000001,0.3999999999999999,0.861,0.9151376146788991,0.7964071856287425,0.8516542155816436,0.6400000000000003,0.14000000000000035,0.10000000000000009
0.9750000000000001,0.02499999999999991,0.846,0.8230912476722533,0.8822355289421158,0.8516377649325626,0.39000000000000007,0.10999999999999993,0.4750000000000001
1.0,0.0,0.846,0.8230912476722533,0.8822355289421158,0.8516377649325626,0.39000000000000007,0.10999999999999993,0.5
0.925,0.07499999999999996,0.846,0.8230912476722533,0.8822355289421158,0.8516377649325626,0.38500000000000006,0.11499999999999994,0.42500000000000004
0.9500000000000001,0.04999999999999993,0.846,0.8230912476722533,0.8822355289421158,0.8516377649325626,0.38500000000000006,0.11499999999999994,0.45000000000000007
0.9750000000000001,0.02499999999999991,0.846,0.8230912476722533,0.8822355289421158,0.8516377649325626,0.38500000000000006,0.11499999999999994,0.4750000000000001
1.0,0.0,0.846,0.8230912476722533,0.8822355289421158,0.8516377649325626,0.38500000000000006,0.11499999999999994,0.5
0.9500000000000001,0.04999999999999993,0.846,0.8230912476722533,0.8822355289421158,0.8516377649325626,0.38000000000000006,0.11999999999999994,0.45000000000000007
0.9750000000000001,0.02499999999999991,0.846,0.8230912476722533,0.8822355289421158,0.8516377649325626,0.38000000000000006,0.11999999999999994,0.4750000000000001
1.0,0.0,0.846,0.8230912476722533,0.8822355289421158,0.8516377649325626,0.38000000000000006,0.11999999999999994,0.5
0.9750000000000001,0.02499999999999991,0.846,0.8230912476722533,0.8822355289421158,0.8516377649325626,0.37500000000000006,0.12499999999999994,0.4750000000000001
1.0,0.0,0.846,0.8230912476722533,0.8822355289421158,0.8516377649325626,0.37500000000000006,0.12499999999999994,0.5
1.0,0.0,0.846,0.8230912476722533,0.8822355289421158,0.8516377649325626,0.37000000000000005,0.12999999999999995,0.5
0.6000000000000001,0.3999999999999999,0.862,0.9230769230769231,0.7904191616766467,0.8516129032258064,0.6500000000000004,0.15000000000000036,0.10000000000000009
0.7000000000000001,0.29999999999999993,0.855,0.8739495798319328,0.8303393213572854,0.8515864892528148,0.5950000000000002,0.0950000000000002,0.20000000000000007
0.525,0.475,0.863,0.9312796208530806,0.7844311377245509,0.8515709642470206,0.6450000000000002,0.14500000000000024,0.025000000000000022
1.0,0.0,0.848,0.8336520076481836,0.8702594810379242,0.8515625,0.4300000000000001,0.0699999999999999,0.5
0.675,0.32499999999999996,0.856,0.8805970149253731,0.8243512974051896,0.8515463917525773,0.6050000000000002,0.1050000000000002,0.17500000000000004
0.7000000000000001,0.29999999999999993,0.856,0.8805970149253731,0.8243512974051896,0.8515463917525773,0.6100000000000003,0.11000000000000032,0.20000000000000007
0.45,0.55,0.864,0.9397590361445783,0.7784431137724551,0.851528384279476,0.6450000000000002,0.14500000000000024,0.04999999999999999
0.4,0.6,0.865,0.9485294117647058,0.7724550898203593,0.8514851485148515,0.6400000000000003,0.14000000000000035,0.09999999999999998
0.9750000000000001,0.02499999999999991,0.851,0.850597609561753,0.8522954091816367,0.8514456630109671,0.5200000000000002,0.02000000000000024,0.4750000000000001
1.0,0.0,0.845,0.8191881918819188,0.8862275449101796,0.8513902205177373,0.35500000000000004,0.14499999999999996,0.5
0.625,0.375,0.86,0.909297052154195,0.8003992015968064,0.851380042462845,0.6400000000000003,0.14000000000000035,0.125
0.75,0.25,0.853,0.8627049180327869,0.8403193612774451,0.8513650151668352,0.5650000000000002,0.06500000000000017,0.25
0.025,0.975,0.833,0.7684887459807074,0.9540918163672655,0.8512911843276937,0.4050000000000001,0.09499999999999992,0.475
0.7250000000000001,0.2749999999999999,0.855,0.8755274261603375,0.8283433133732535,0.8512820512820513,0.6050000000000002,0.1050000000000002,0.2250000000000001
0.125,0.875,0.863,0.9333333333333333,0.782435129740519,0.8512486427795874,0.5850000000000002,0.08500000000000019,0.375
0.675,0.32499999999999996,0.856,0.8822269807280514,0.8223552894211577,0.8512396694214877,0.6100000000000003,0.11000000000000032,0.17500000000000004
1.0,0.0,0.85,0.8461538461538461,0.8562874251497006,0.8511904761904762,0.5050000000000001,0.0050000000000001155,0.5
0.375,0.625,0.829,0.7546296296296297,0.9760479041916168,0.8511749347258486,0.305,0.195,0.125
0.4,0.6,0.865,0.9507389162561576,0.7704590818363274,0.8511576626240352,0.6450000000000002,0.14500000000000024,0.09999999999999998
0.9750000000000001,0.02499999999999991,0.851,0.852,0.8502994011976048,0.8511488511488512,0.5300000000000002,0.03000000000000025,0.4750000000000001
1.0,0.0,0.851,0.852,0.8502994011976048,0.8511488511488512,0.5300000000000002,0.03000000000000025,0.5
0.9750000000000001,0.02499999999999991,0.851,0.852,0.8502994011976048,0.8511488511488512,0.5350000000000001,0.03500000000000014,0.4750000000000001
1.0,0.0,0.851,0.852,0.8502994011976048,0.8511488511488512,0.5350000000000001,0.03500000000000014,0.5
1.0,0.0,0.844,0.8153564899451554,0.8902195608782435,0.851145038167939,0.35000000000000003,0.14999999999999997,0.5
0.875,0.125,0.852,0.8580121703853956,0.844311377245509,0.8511066398390342,0.5500000000000003,0.050000000000000266,0.375
1.0,0.0,0.845,0.8203703703703704,0.8842315369261478,0.851104707012488,0.36000000000000004,0.13999999999999996,0.5
0.125,0.875,0.831,0.7618296529968455,0.9640718562874252,0.8511013215859031,0.38000000000000006,0.11999999999999994,0.375
0.625,0.375,0.86,0.9111617312072893,0.7984031936127745,0.851063829787234,0.6450000000000002,0.14500000000000024,0.125
0.75,0.25,0.853,0.8641975308641975,0.8383233532934131,0.851063829787234,0.5700000000000003,0.07000000000000028,0.25
0.025,0.975,0.832,0.7655502392344498,0.9580838323353293,0.851063829787234,0.4000000000000001,0.09999999999999992,0.475
0.0,1.0,0.833,0.7693548387096775,0.9520958083832335,0.8510258697591436,0.4100000000000001,0.08999999999999991,0.5
0.05,0.95,0.861,0.9189814814814815,0.7924151696606786,0.8510182207931404,0.5700000000000003,0.07000000000000028,0.45
0.7000000000000001,0.29999999999999993,0.855,0.8771186440677966,0.8263473053892215,0.8509763617677287,0.6050000000000002,0.1050000000000002,0.20000000000000007
0.5750000000000001,0.42499999999999993,0.862,0.9270588235294117,0.7864271457085829,0.8509719222462203,0.6500000000000004,0.15000000000000036,0.07500000000000007
0.7250000000000001,0.2749999999999999,0.856,0.8838709677419355,0.8203592814371258,0.8509316770186336,0.6200000000000003,0.12000000000000033,0.2250000000000001
0.9750000000000001,0.02499999999999991,0.843,0.8115942028985508,0.8942115768463074,0.8509021842355176,0.325,0.175,0.4750000000000001
1.0,0.0,0.843,0.8115942028985508,0.8942115768463074,0.8509021842355176,0.32,0.18,0.5
1.0,0.0,0.85,0.8475247524752475,0.8542914171656687,0.8508946322067594,0.5100000000000002,0.010000000000000231,0.5
0.675,0.32499999999999996,0.857,0.8908296943231441,0.8143712574850299,0.8508863399374348,0.6250000000000002,0.12500000000000022,0.17500000000000004
0.225,0.775,0.83,0.758998435054773,0.9680638722554891,0.8508771929824561,0.35500000000000004,0.14499999999999996,0.275
0.8500000000000001,0.1499999999999999,0.844,0.8165137614678899,0.8882235528942116,0.8508604206500956,0.36500000000000005,0.13499999999999995,0.3500000000000001
0.875,0.125,0.844,0.8165137614678899,0.8882235528942116,0.8508604206500956,0.36500000000000005,0.13499999999999995,0.375
0.875,0.125,0.844,0.8165137614678899,0.8882235528942116,0.8508604206500956,0.36000000000000004,0.13999999999999996,0.375
0.9,0.09999999999999998,0.844,0.8165137614678899,0.8882235528942116,0.8508604206500956,0.36000000000000004,0.13999999999999996,0.4
0.925,0.07499999999999996,0.844,0.8165137614678899,0.8882235528942116,0.8508604206500956,0.36000000000000004,0.13999999999999996,0.42500000000000004
0.925,0.07499999999999996,0.851,0.8534136546184738,0.8483033932135728,0.8508508508508509,0.5400000000000003,0.04000000000000026,0.42500000000000004
0.9500000000000001,0.04999999999999993,0.851,0.8534136546184738,0.8483033932135728,0.8508508508508509,0.5400000000000003,0.04000000000000026,0.45000000000000007
0.9750000000000001,0.02499999999999991,0.851,0.8534136546184738,0.8483033932135728,0.8508508508508509,0.5400000000000003,0.04000000000000026,0.4750000000000001
0.925,0.07499999999999996,0.851,0.8534136546184738,0.8483033932135728,0.8508508508508509,0.5450000000000002,0.04500000000000015,0.42500000000000004
0.9500000000000001,0.04999999999999993,0.851,0.8534136546184738,0.8483033932135728,0.8508508508508509,0.5450000000000002,0.04500000000000015,0.45000000000000007
0.9750000000000001,0.02499999999999991,0.851,0.8534136546184738,0.8483033932135728,0.8508508508508509,0.5450000000000002,0.04500000000000015,0.4750000000000001
1.0,0.0,0.851,0.8534136546184738,0.8483033932135728,0.8508508508508509,0.5450000000000002,0.04500000000000015,0.5
1.0,0.0,0.851,0.8534136546184738,0.8483033932135728,0.8508508508508509,0.5500000000000003,0.050000000000000266,0.5
0.025,0.975,0.831,0.7626582278481012,0.9620758483033932,0.8508384819064431,0.3950000000000001,0.10499999999999993,0.475
0.9500000000000001,0.04999999999999993,0.845,0.8215613382899628,0.8822355289421158,0.8508180943214629,0.37500000000000006,0.12499999999999994,0.45000000000000007
0.9750000000000001,0.02499999999999991,0.845,0.8215613382899628,0.8822355289421158,0.8508180943214629,0.37000000000000005,0.12999999999999995,0.4750000000000001
1.0,0.0,0.845,0.8215613382899628,0.8822355289421158,0.8508180943214629,0.36500000000000005,0.13499999999999995,0.5
0.8500000000000001,0.1499999999999999,0.852,0.8594704684317719,0.8423153692614771,0.8508064516129032,0.5500000000000003,0.050000000000000266,0.3500000000000001
0.8250000000000001,0.17499999999999993,0.852,0.8594704684317719,0.8423153692614771,0.8508064516129032,0.5550000000000002,0.05500000000000016,0.32500000000000007
0.8500000000000001,0.1499999999999999,0.852,0.8594704684317719,0.8423153692614771,0.8508064516129032,0.5550000000000002,0.05500000000000016,0.3500000000000001
0.625,0.375,0.859,0.9054054054054054,0.8023952095808383,0.8507936507936508,0.6350000000000002,0.13500000000000023,0.125
0.65,0.35,0.859,0.9054054054054054,0.8023952095808383,0.8507936507936508,0.6400000000000003,0.14000000000000035,0.15000000000000002
1.0,0.0,0.846,0.8267419962335216,0.8762475049900199,0.8507751937984496,0.4100000000000001,0.08999999999999991,0.5
0.7250000000000001,0.2749999999999999,0.855,0.8787234042553191,0.8243512974051896,0.850669412976313,0.6150000000000002,0.11500000000000021,0.2250000000000001
0.925,0.07499999999999996,0.843,0.8127272727272727,0.8922155688622755,0.8506184586108468,0.34,0.15999999999999998,0.42500000000000004
0.9750000000000001,0.02499999999999991,0.843,0.8127272727272727,0.8922155688622755,0.8506184586108468,0.335,0.16499999999999998,0.4750000000000001
1.0,0.0,0.843,0.8127272727272727,0.8922155688622755,0.8506184586108468,0.335,0.16499999999999998,0.5
0.125,0.875,0.83,0.7598116169544741,0.9660678642714571,0.8506151142355008,0.37500000000000006,0.12499999999999994,0.375
0.15000000000000002,0.85,0.83,0.7598116169544741,0.9660678642714571,0.8506151142355008,0.37000000000000005,0.12999999999999995,0.35
0.5,0.5,0.863,0.9375,0.7784431137724551,0.8505997818974919,0.6450000000000002,0.14500000000000024,0.0
0.47500000000000003,0.5249999999999999,0.863,0.9375,0.7784431137724551,0.8505997818974919,0.6450000000000002,0.14500000000000024,0.024999999999999967
0.9750000000000001,0.02499999999999991,0.85,0.8489065606361829,0.8522954091816367,0.850597609561753,0.5150000000000001,0.015000000000000124,0.4750000000000001
1.0,0.0,0.85,0.8489065606361829,0.8522954091816367,0.850597609561753,0.5150000000000001,0.015000000000000124,0.5
1.0,0.0,0.85,0.8489065606361829,0.8522954091816367,0.850597609561753,0.5200000000000002,0.02000000000000024,0.5
0.9500000000000001,0.04999999999999993,0.851,0.8548387096774194,0.846307385229541,0.8505516549648947,0.5500000000000003,0.050000000000000266,0.45000000000000007
0.9750000000000001,0.02499999999999991,0.851,0.8548387096774194,0.846307385229541,0.8505516549648947,0.5500000000000003,0.050000000000000266,0.4750000000000001
0.9750000000000001,0.02499999999999991,0.851,0.8548387096774194,0.846307385229541,0.8505516549648947,0.5550000000000002,0.05500000000000016,0.4750000000000001
1.0,0.0,0.851,0.8548387096774194,0.846307385229541,0.8505516549648947,0.5550000000000002,0.05500000000000016,0.5
0.375,0.625,0.864,0.9462102689486552,0.7724550898203593,0.8505494505494505,0.6350000000000002,0.13500000000000023,0.125
1.0,0.0,0.845,0.8227611940298507,0.8802395209580839,0.8505303760848602,0.4000000000000001,0.09999999999999992,0.5
0.9750000000000001,0.02499999999999991,0.845,0.8227611940298507,0.8802395209580839,0.8505303760848602,0.3950000000000001,0.10499999999999993,0.4750000000000001
1.0,0.0,0.845,0.8227611940298507,0.8802395209580839,0.8505303760848602,0.3950000000000001,0.10499999999999993,0.5
0.675,0.32499999999999996,0.858,0.8997772828507795,0.8063872255489022,0.8505263157894737,0.6350000000000002,0.13500000000000023,0.17500000000000004
0.8,0.19999999999999996,0.852,0.8609406952965235,0.8403193612774451,0.8505050505050505,0.5650000000000002,0.06500000000000017,0.30000000000000004
0.275,0.725,0.865,0.9552238805970149,0.7664670658682635,0.8504983388704319,0.6250000000000002,0.12500000000000022,0.22499999999999998
0.75,0.25,0.853,0.8672199170124482,0.8343313373253493,0.8504577822990844,0.5800000000000003,0.0800000000000003,0.25
0.05,0.95,0.861,0.9228971962616822,0.7884231536926147,0.8503767491926802,0.5750000000000002,0.07500000000000018,0.45
0.7000000000000001,0.29999999999999993,0.855,0.8803418803418803,0.8223552894211577,0.8503611971104231,0.6150000000000002,0.11500000000000021,0.20000000000000007
0.75,0.25,0.855,0.8803418803418803,0.8223552894211577,0.8503611971104231,0.6200000000000003,0.12000000000000033,0.25
0.17500000000000002,0.825,0.83,0.7606299212598425,0.9640718562874252,0.8503521126760564,0.37000000000000005,0.12999999999999995,0.32499999999999996
1.0,0.0,0.843,0.8138686131386861,0.8902195608782435,0.8503336510962822,0.34500000000000003,0.15499999999999997,0.5
0.7000000000000001,0.29999999999999993,0.856,0.8872017353579176,0.8163672654690619,0.8503118503118503,0.6250000000000002,0.12500000000000022,0.20000000000000007
1.0,0.0,0.85,0.8502994011976048,0.8502994011976048,0.8502994011976048,0.5250000000000001,0.025000000000000133,0.5
0.0,1.0,0.857,0.8942731277533039,0.810379241516966,0.8502617801047121,0.5500000000000003,0.050000000000000266,0.5
0.875,0.125,0.851,0.8562753036437247,0.844311377245509,0.8502512562814071,0.5450000000000002,0.04500000000000015,0.375
0.9,0.09999999999999998,0.851,0.8562753036437247,0.844311377245509,0.8502512562814071,0.5450000000000002,0.04500000000000015,0.4
0.775,0.22499999999999998,0.852,0.8624229979466119,0.8383233532934131,0.8502024291497976,0.5700000000000003,0.07000000000000028,0.275
0.7000000000000001,0.29999999999999993,0.853,0.86875,0.8323353293413174,0.8501529051987767,0.5900000000000003,0.0900000000000003,0.20000000000000007
0.7000000000000001,0.29999999999999993,0.854,0.8752642706131079,0.8263473053892215,0.8501026694045175,0.6000000000000003,0.10000000000000031,0.20000000000000007
0.875,0.125,0.843,0.815018315018315,0.8882235528942116,0.8500477554918816,0.35500000000000004,0.14499999999999996,0.375
1.0,0.0,0.85,0.8517034068136272,0.8483033932135728,0.85,0.5400000000000003,0.04000000000000026,0.5
0.9,0.09999999999999998,0.851,0.8577235772357723,0.8423153692614771,0.8499496475327291,0.5550000000000002,0.05500000000000016,0.4
0.925,0.07499999999999996,0.851,0.8577235772357723,0.8423153692614771,0.8499496475327291,0.5550000000000002,0.05500000000000016,0.42500000000000004
0.9500000000000001,0.04999999999999993,0.851,0.8577235772357723,0.8423153692614771,0.8499496475327291,0.5600000000000003,0.060000000000000275,0.45000000000000007
0.1,0.9,0.829,0.7586206896551724,0.9660678642714571,0.8498683055311677,0.38000000000000006,0.11999999999999994,0.4
0.05,0.95,0.83,0.7622820919175911,0.9600798403193613,0.8498233215547704,0.3950000000000001,0.10499999999999993,0.45
0.75,0.25,0.854,0.8768577494692145,0.8243512974051896,0.8497942386831275,0.6150000000000002,0.11500000000000021,0.25
0.775,0.22499999999999998,0.854,0.8768577494692145,0.8243512974051896,0.8497942386831275,0.6200000000000003,0.12000000000000033,0.275
0.7250000000000001,0.2749999999999999,0.855,0.8836206896551724,0.8183632734530938,0.8497409326424871,0.6250000000000002,0.12500000000000022,0.2250000000000001
0.05,0.95,0.861,0.9268867924528302,0.7844311377245509,0.8497297297297297,0.5800000000000003,0.0800000000000003,0.45
0.8250000000000001,0.17499999999999993,0.851,0.8591836734693877,0.8403193612774451,0.8496468213925328,0.5600000000000003,0.060000000000000275,0.32500000000000007
0.2,0.8,0.829,0.7594339622641509,0.9640718562874252,0.8496042216358839,0.36500000000000005,0.13499999999999995,0.3
0.30000000000000004,0.7,0.864,0.9528535980148883,0.7664670658682635,0.8495575221238938,0.6300000000000003,0.13000000000000034,0.19999999999999996
0.875,0.125,0.842,0.8123861566484517,0.8902195608782435,0.8495238095238096,0.35000000000000003,0.14999999999999997,0.375
0.9,0.09999999999999998,0.842,0.8123861566484517,0.8902195608782435,0.8495238095238096,0.35000000000000003,0.14999999999999997,0.4
0.925,0.07499999999999996,0.842,0.8123861566484517,0.8902195608782435,0.8495238095238096,0.35000000000000003,0.14999999999999997,0.42500000000000004
0.9500000000000001,0.04999999999999993,0.842,0.8123861566484517,0.8902195608782435,0.8495238095238096,0.35000000000000003,0.14999999999999997,0.45000000000000007
0.9750000000000001,0.02499999999999991,0.842,0.8123861566484517,0.8902195608782435,0.8495238095238096,0.35000000000000003,0.14999999999999997,0.4750000000000001
0.9,0.09999999999999998,0.842,0.8123861566484517,0.8902195608782435,0.8495238095238096,0.34500000000000003,0.15499999999999997,0.4
0.925,0.07499999999999996,0.842,0.8123861566484517,0.8902195608782435,0.8495238095238096,0.34500000000000003,0.15499999999999997,0.42500000000000004
0.9500000000000001,0.04999999999999993,0.842,0.8123861566484517,0.8902195608782435,0.8495238095238096,0.34500000000000003,0.15499999999999997,0.45000000000000007
0.9750000000000001,0.02499999999999991,0.842,0.8123861566484517,0.8902195608782435,0.8495238095238096,0.34500000000000003,0.15499999999999997,0.4750000000000001
0.9500000000000001,0.04999999999999993,0.842,0.8123861566484517,0.8902195608782435,0.8495238095238096,0.34,0.15999999999999998,0.45000000000000007
0.9750000000000001,0.02499999999999991,0.842,0.8123861566484517,0.8902195608782435,0.8495238095238096,0.34,0.15999999999999998,0.4750000000000001
1.0,0.0,0.842,0.8123861566484517,0.8902195608782435,0.8495238095238096,0.34,0.15999999999999998,0.5
0.9500000000000001,0.04999999999999993,0.85,0.8545454545454545,0.844311377245509,0.8493975903614458,0.5550000000000002,0.05500000000000016,0.45000000000000007
1.0,0.0,0.85,0.8545454545454545,0.844311377245509,0.8493975903614458,0.5600000000000003,0.060000000000000275,0.5
0.7000000000000001,0.29999999999999993,0.856,0.8923076923076924,0.810379241516966,0.8493723849372385,0.6350000000000002,0.13500000000000023,0.20000000000000007
0.8250000000000001,0.17499999999999993,0.851,0.860655737704918,0.8383233532934131,0.8493427704752275,0.5650000000000002,0.06500000000000017,0.32500000000000007
0.8250000000000001,0.17499999999999993,0.851,0.860655737704918,0.8383233532934131,0.8493427704752275,0.5700000000000003,0.07000000000000028,0.32500000000000007
0.7250000000000001,0.2749999999999999,0.852,0.8669438669438669,0.8323353293413174,0.8492871690427699,0.5850000000000002,0.08500000000000019,0.2250000000000001
0.75,0.25,0.852,0.8669438669438669,0.8323353293413174,0.8492871690427699,0.5850000000000002,0.08500000000000019,0.25
0.7250000000000001,0.2749999999999999,0.852,0.8669438669438669,0.8323353293413174,0.8492871690427699,0.5900000000000003,0.0900000000000003,0.2250000000000001
0.75,0.25,0.852,0.8669438669438669,0.8323353293413174,0.8492871690427699,0.5900000000000003,0.0900000000000003,0.25
0.7250000000000001,0.2749999999999999,0.852,0.8669438669438669,0.8323353293413174,0.8492871690427699,0.5950000000000002,0.0950000000000002,0.2250000000000001
0.75,0.25,0.852,0.8669438669438669,0.8323353293413174,0.8492871690427699,0.5950000000000002,0.0950000000000002,0.25
0.775,0.22499999999999998,0.852,0.8669438669438669,0.8323353293413174,0.8492871690427699,0.5950000000000002,0.0950000000000002,0.275
0.75,0.25,0.852,0.8669438669438669,0.8323353293413174,0.8492871690427699,0.6000000000000003,0.10000000000000031,0.25
0.775,0.22499999999999998,0.852,0.8669438669438669,0.8323353293413174,0.8492871690427699,0.6000000000000003,0.10000000000000031,0.275
0.35000000000000003,0.6499999999999999,0.863,0.946078431372549,0.7704590818363274,0.8492849284928493,0.6300000000000003,0.13000000000000034,0.14999999999999997
0.45,0.55,0.863,0.946078431372549,0.7704590818363274,0.8492849284928493,0.6500000000000004,0.15000000000000036,0.04999999999999999
0.9,0.09999999999999998,0.842,0.8135283363802559,0.8882235528942116,0.8492366412213741,0.35500000000000004,0.14499999999999996,0.4
0.9500000000000001,0.04999999999999993,0.842,0.8135283363802559,0.8882235528942116,0.8492366412213741,0.35500000000000004,0.14499999999999996,0.45000000000000007
0.775,0.22499999999999998,0.853,0.8734177215189873,0.8263473053892215,0.8492307692307692,0.6150000000000002,0.11500000000000021,0.275
0.025,0.975,0.859,0.9147465437788018,0.7924151696606786,0.8491978609625669,0.5700000000000003,0.07000000000000028,0.475
0.625,0.375,0.859,0.9147465437788018,0.7924151696606786,0.8491978609625669,0.6500000000000004,0.15000000000000036,0.125
0.0,1.0,0.828,0.7574334898278561,0.9660678642714571,0.8491228070175438,0.3950000000000001,0.10499999999999993,0.5
0.7250000000000001,0.2749999999999999,0.855,0.8869565217391304,0.8143712574850299,0.8491155046826223,0.6300000000000003,0.13000000000000034,0.2250000000000001
0.7250000000000001,0.2749999999999999,0.855,0.8869565217391304,0.8143712574850299,0.8491155046826223,0.6350000000000002,0.13500000000000023,0.2250000000000001
0.9,0.09999999999999998,0.85,0.8559837728194726,0.8423153692614771,0.8490945674044266,0.5500000000000003,0.050000000000000266,0.4
0.925,0.07499999999999996,0.85,0.8559837728194726,0.8423153692614771,0.8490945674044266,0.5500000000000003,0.050000000000000266,0.42500000000000004
0.0,1.0,0.829,0.7610759493670886,0.9600798403193613,0.8490732568402471,0.4000000000000001,0.09999999999999992,0.5
0.8,0.19999999999999996,0.851,0.8621399176954733,0.8363273453093812,0.8490374873353597,0.5700000000000003,0.07000000000000028,0.30000000000000004
0.8500000000000001,0.1499999999999999,0.851,0.8621399176954733,0.8363273453093812,0.8490374873353597,0.5750000000000002,0.07500000000000018,0.3500000000000001
0.35000000000000003,0.6499999999999999,0.826,0.7511520737327189,0.9760479041916168,0.8489583333333334,0.31,0.19,0.14999999999999997
0.375,0.625,0.863,0.9482758620689655,0.7684630738522954,0.8489525909592062,0.6400000000000003,0.14000000000000035,0.125
0.07500000000000001,0.925,0.828,0.7582417582417582,0.9640718562874252,0.8488576449912126,0.38500000000000006,0.11499999999999994,0.425
0.17500000000000002,0.825,0.828,0.7582417582417582,0.9640718562874252,0.8488576449912126,0.36500000000000005,0.13499999999999995,0.32499999999999996
0.875,0.125,0.85,0.8574338085539714,0.8403193612774451,0.8487903225806451,0.5550000000000002,0.05500000000000016,0.375
0.9,0.09999999999999998,0.85,0.8574338085539714,0.8403193612774451,0.8487903225806451,0.5600000000000003,0.060000000000000275,0.4
0.925,0.07499999999999996,0.85,0.8574338085539714,0.8403193612774451,0.8487903225806451,0.5600000000000003,0.060000000000000275,0.42500000000000004
0.125,0.875,0.861,0.9330143540669856,0.7784431137724551,0.8487486398258978,0.5900000000000003,0.0900000000000003,0.375
0.775,0.22499999999999998,0.851,0.8636363636363636,0.8343313373253493,0.848730964467005,0.5750000000000002,0.07500000000000018,0.275
0.8,0.19999999999999996,0.851,0.8636363636363636,0.8343313373253493,0.848730964467005,0.5750000000000002,0.07500000000000018,0.30000000000000004
0.675,0.32499999999999996,0.857,0.9031531531531531,0.8003992015968064,0.8486772486772487,0.6450000000000002,0.14500000000000024,0.17500000000000004
0.7250000000000001,0.2749999999999999,0.852,0.870020964360587,0.8283433133732535,0.8486707566462167,0.6000000000000003,0.10000000000000031,0.2250000000000001
0.42500000000000004,0.575,0.863,0.9504950495049505,0.7664670658682635,0.8486187845303867,0.6500000000000004,0.15000000000000036,0.07499999999999996
0.8500000000000001,0.1499999999999999,0.85,0.8588957055214724,0.8383233532934131,0.8484848484848485,0.5600000000000003,0.060000000000000275,0.3500000000000001
0.875,0.125,0.85,0.8588957055214724,0.8383233532934131,0.8484848484848485,0.5600000000000003,0.060000000000000275,0.375
0.8500000000000001,0.1499999999999999,0.85,0.8588957055214724,0.8383233532934131,0.8484848484848485,0.5650000000000002,0.06500000000000017,0.3500000000000001
0.875,0.125,0.85,0.8588957055214724,0.8383233532934131,0.8484848484848485,0.5650000000000002,0.06500000000000017,0.375
0.9,0.09999999999999998,0.85,0.8588957055214724,0.8383233532934131,0.8484848484848485,0.5650000000000002,0.06500000000000017,0.4
0.8500000000000001,0.1499999999999999,0.85,0.8588957055214724,0.8383233532934131,0.8484848484848485,0.5700000000000003,0.07000000000000028,0.3500000000000001
0.05,0.95,0.826,0.7527047913446677,0.9720558882235529,0.8484320557491289,0.38000000000000006,0.11999999999999994,0.45
0.25,0.75,0.826,0.7527047913446677,0.9720558882235529,0.8484320557491289,0.34500000000000003,0.15499999999999997,0.25
0.925,0.07499999999999996,0.841,0.8120437956204379,0.8882235528942116,0.8484270734032412,0.35500000000000004,0.14499999999999996,0.42500000000000004
0.775,0.22499999999999998,0.851,0.8651452282157677,0.8323353293413174,0.8484231943031536,0.5850000000000002,0.08500000000000019,0.275
0.775,0.22499999999999998,0.851,0.8651452282157677,0.8323353293413174,0.8484231943031536,0.5900000000000003,0.0900000000000003,0.275
0.8,0.19999999999999996,0.851,0.8651452282157677,0.8323353293413174,0.8484231943031536,0.5950000000000002,0.0950000000000002,0.30000000000000004
0.05,0.95,0.827,0.75625,0.9660678642714571,0.8483786152497809,0.38500000000000006,0.11499999999999994,0.45
0.75,0.25,0.852,0.871578947368421,0.8263473053892215,0.8483606557377049,0.6100000000000003,0.11000000000000032,0.25
0.025,0.975,0.858,0.9126436781609195,0.7924151696606786,0.8482905982905983,0.5650000000000002,0.06500000000000017,0.475
0.25,0.75,0.863,0.9527363184079602,0.7644710578842315,0.8482834994462901,0.6200000000000003,0.12000000000000033,0.25
0.9750000000000001,0.02499999999999991,0.849,0.854251012145749,0.8423153692614771,0.8482412060301507,0.5600000000000003,0.060000000000000275,0.4750000000000001
0.75,0.25,0.854,0.8850325379609545,0.8143712574850299,0.8482328482328483,0.6350000000000002,0.13500000000000023,0.25
0.025,0.975,0.859,0.9205607476635514,0.7864271457085829,0.8482238966630786,0.5750000000000002,0.07500000000000018,0.475
0.875,0.125,0.85,0.8603696098562629,0.8363273453093812,0.8481781376518218,0.5750000000000002,0.07500000000000018,0.375
0.9,0.09999999999999998,0.85,0.8603696098562629,0.8363273453093812,0.8481781376518218,0.5750000000000002,0.07500000000000018,0.4
0.025,0.975,0.826,0.7534883720930232,0.9700598802395209,0.8481675392670157,0.38500000000000006,0.11499999999999994,0.475
0.225,0.775,0.826,0.7534883720930232,0.9700598802395209,0.8481675392670157,0.35000000000000003,0.14999999999999997,0.275
0.07500000000000001,0.925,0.86,0.9287410926365796,0.780439121756487,0.8481561822125814,0.5800000000000003,0.0800000000000003,0.425
0.55,0.44999999999999996,0.86,0.9287410926365796,0.780439121756487,0.8481561822125814,0.6500000000000004,0.15000000000000036,0.050000000000000044
0.775,0.22499999999999998,0.851,0.8666666666666667,0.8303393213572854,0.8481141692150866,0.6050000000000002,0.1050000000000002,0.275
0.8,0.19999999999999996,0.851,0.8666666666666667,0.8303393213572854,0.8481141692150866,0.6100000000000003,0.11000000000000032,0.30000000000000004
0.65,0.35,0.856,0.8993288590604027,0.8023952095808383,0.8481012658227848,0.6350000000000002,0.13500000000000023,0.15000000000000002
0.675,0.32499999999999996,0.856,0.8993288590604027,0.8023952095808383,0.8481012658227848,0.6400000000000003,0.14000000000000035,0.17500000000000004
0.15000000000000002,0.85,0.861,0.9371980676328503,0.7744510978043913,0.848087431693989,0.5950000000000002,0.0950000000000002,0.35
0.15000000000000002,0.85,0.861,0.9371980676328503,0.7744510978043913,0.848087431693989,0.6000000000000003,0.10000000000000031,0.35
0.65,0.35,0.857,0.9068181818181819,0.7964071856287425,0.8480340063761955,0.6500000000000004,0.15000000000000036,0.15000000000000002
0.17500000000000002,0.825,0.862,0.9459459459459459,0.7684630738522954,0.8480176211453745,0.6050000000000002,0.1050000000000002,0.32499999999999996
0.775,0.22499999999999998,0.853,0.8798283261802575,0.8183632734530938,0.8479834539813857,0.6250000000000002,0.12500000000000022,0.275
0.9750000000000001,0.02499999999999991,0.849,0.8556910569105691,0.8403193612774451,0.8479355488418933,0.5650000000000002,0.06500000000000017,0.4750000000000001
0.07500000000000001,0.925,0.826,0.7542768273716952,0.9680638722554891,0.8479020979020979,0.38000000000000006,0.11999999999999994,0.425
0.6000000000000001,0.3999999999999999,0.859,0.9225352112676056,0.7844311377245509,0.8478964401294499,0.6550000000000002,0.15500000000000025,0.10000000000000009
0.1,0.9,0.86,0.9307875894988067,0.7784431137724551,0.8478260869565217,0.5850000000000002,0.08500000000000019,0.4
0.75,0.25,0.851,0.8682008368200836,0.8283433133732535,0.8478038815117467,0.6050000000000002,0.1050000000000002,0.25
0.8,0.19999999999999996,0.851,0.8682008368200836,0.8283433133732535,0.8478038815117467,0.6150000000000002,0.11500000000000021,0.30000000000000004
0.2,0.8,0.825,0.7515432098765432,0.9720558882235529,0.8476936466492603,0.35000000000000003,0.14999999999999997,0.3
0.75,0.25,0.853,0.8814655172413793,0.8163672654690619,0.8476683937823835,0.6250000000000002,0.12500000000000022,0.25
0.17500000000000002,0.825,0.826,0.7550702028081123,0.9660678642714571,0.8476357267950964,0.36000000000000004,0.13999999999999996,0.32499999999999996
0.9500000000000001,0.04999999999999993,0.849,0.8571428571428571,0.8383233532934131,0.8476286579212916,0.5650000000000002,0.06500000000000017,0.45000000000000007
0.7000000000000001,0.29999999999999993,0.854,0.888402625820569,0.810379241516966,0.8475991649269311,0.6300000000000003,0.13000000000000034,0.20000000000000007
0.05,0.95,0.827,0.7586750788643533,0.9600798403193613,0.8475770925110132,0.39000000000000007,0.10999999999999993,0.45
0.8250000000000001,0.17499999999999993,0.85,0.8633540372670807,0.8323353293413174,0.8475609756097561,0.5750000000000002,0.07500000000000018,0.32500000000000007
0.775,0.22499999999999998,0.85,0.8633540372670807,0.8323353293413174,0.8475609756097561,0.5800000000000003,0.0800000000000003,0.275
0.8,0.19999999999999996,0.85,0.8633540372670807,0.8323353293413174,0.8475609756097561,0.5800000000000003,0.0800000000000003,0.30000000000000004
0.8250000000000001,0.17499999999999993,0.85,0.8633540372670807,0.8323353293413174,0.8475609756097561,0.5800000000000003,0.0800000000000003,0.32500000000000007
0.8,0.19999999999999996,0.85,0.8633540372670807,0.8323353293413174,0.8475609756097561,0.5850000000000002,0.08500000000000019,0.30000000000000004
0.8250000000000001,0.17499999999999993,0.85,0.8633540372670807,0.8323353293413174,0.8475609756097561,0.5850000000000002,0.08500000000000019,0.32500000000000007
0.8500000000000001,0.1499999999999999,0.85,0.8633540372670807,0.8323353293413174,0.8475609756097561,0.5850000000000002,0.08500000000000019,0.3500000000000001
0.8,0.19999999999999996,0.85,0.8633540372670807,0.8323353293413174,0.8475609756097561,0.5900000000000003,0.0900000000000003,0.30000000000000004
0.8250000000000001,0.17499999999999993,0.85,0.8633540372670807,0.8323353293413174,0.8475609756097561,0.5900000000000003,0.0900000000000003,0.32500000000000007
0.7000000000000001,0.29999999999999993,0.855,0.8955555555555555,0.8043912175648703,0.8475289169295478,0.6400000000000003,0.14000000000000035,0.20000000000000007
0.025,0.975,0.856,0.9029345372460497,0.7984031936127745,0.847457627118644,0.5600000000000003,0.060000000000000275,0.475
0.025,0.975,0.826,0.755868544600939,0.9640718562874252,0.8473684210526315,0.39000000000000007,0.10999999999999993,0.475
0.2,0.8,0.826,0.755868544600939,0.9640718562874252,0.8473684210526315,0.36000000000000004,0.13999999999999996,0.3
0.75,0.25,0.853,0.8831168831168831,0.8143712574850299,0.8473520249221184,0.6300000000000003,0.13000000000000034,0.25
0.225,0.775,0.862,0.9503722084367245,0.7644710578842315,0.8473451327433629,0.6150000000000002,0.11500000000000021,0.275
0.375,0.625,0.862,0.9503722084367245,0.7644710578842315,0.8473451327433629,0.6450000000000002,0.14500000000000024,0.125
0.4,0.6,0.862,0.9503722084367245,0.7644710578842315,0.8473451327433629,0.6500000000000004,0.15000000000000036,0.09999999999999998
0.875,0.125,0.849,0.8586065573770492,0.8363273453093812,0.8473205257836198,0.5700000000000003,0.07000000000000028,0.375
0.9,0.09999999999999998,0.849,0.8586065573770492,0.8363273453093812,0.8473205257836198,0.5700000000000003,0.07000000000000028,0.4
0.925,0.07499999999999996,0.849,0.8586065573770492,0.8363273453093812,0.8473205257836198,0.5750000000000002,0.07500000000000018,0.42500000000000004
0.625,0.375,0.858,0.9184149184149184,0.7864271457085829,0.8473118279569892,0.6550000000000002,0.15500000000000025,0.125
0.8,0.19999999999999996,0.85,0.8648648648648649,0.8303393213572854,0.8472505091649695,0.6000000000000003,0.10000000000000031,0.30000000000000004
0.8,0.19999999999999996,0.85,0.8648648648648649,0.8303393213572854,0.8472505091649695,0.6050000000000002,0.1050000000000002,0.30000000000000004
0.8250000000000001,0.17499999999999993,0.85,0.8648648648648649,0.8303393213572854,0.8472505091649695,0.6100000000000003,0.11000000000000032,0.32500000000000007
0.8250000000000001,0.17499999999999993,0.85,0.8648648648648649,0.8303393213572854,0.8472505091649695,0.6150000000000002,0.11500000000000021,0.32500000000000007
0.5750000000000001,0.42499999999999993,0.859,0.9265402843601895,0.780439121756487,0.847237269772481,0.6550000000000002,0.15500000000000025,0.07500000000000007
0.525,0.475,0.86,0.9349397590361446,0.7744510978043913,0.8471615720524017,0.6500000000000004,0.15000000000000036,0.025000000000000022
0.15000000000000002,0.85,0.825,0.7531055900621118,0.9680638722554891,0.8471615720524017,0.36500000000000005,0.13499999999999995,0.35
0.65,0.35,0.856,0.9047619047619048,0.7964071856287425,0.8471337579617835,0.6450000000000002,0.14500000000000024,0.15000000000000002
0.675,0.32499999999999996,0.856,0.9047619047619048,0.7964071856287425,0.8471337579617835,0.6500000000000004,0.15000000000000036,0.17500000000000004
1.0,0.0,0.848,0.8539553752535497,0.8403193612774451,0.8470824949698189,0.5650000000000002,0.06500000000000017,0.5
0.925,0.07499999999999996,0.849,0.8600823045267489,0.8343313373253493,0.8470111448834853,0.5800000000000003,0.0800000000000003,0.42500000000000004
0.7000000000000001,0.29999999999999993,0.855,0.899103139013453,0.8003992015968064,0.8468848996832101,0.6450000000000002,0.14500000000000024,0.20000000000000007
0.5,0.5,0.86,0.937046004842615,0.7724550898203593,0.8468271334792122,0.6500000000000004,0.15000000000000036,0.0
0.47500000000000003,0.5249999999999999,0.86,0.937046004842615,0.7724550898203593,0.8468271334792122,0.6500000000000004,0.15000000000000036,0.024999999999999967
0.325,0.675,0.861,0.9458128078817734,0.7664670658682635,0.8467475192943771,0.6300000000000003,0.13000000000000034,0.175
0.35000000000000003,0.6499999999999999,0.861,0.9458128078817734,0.7664670658682635,0.8467475192943771,0.6350000000000002,0.13500000000000023,0.14999999999999997
0.75,0.25,0.853,0.8864628820960698,0.810379241516966,0.8467153284671532,0.6400000000000003,0.14000000000000035,0.25
0.8500000000000001,0.1499999999999999,0.849,0.8615702479338843,0.8323353293413174,0.8467005076142132,0.5800000000000003,0.0800000000000003,0.3500000000000001
0.225,0.775,0.823,0.7484662576687117,0.9740518962075848,0.8464874241110147,0.34,0.15999999999999998,0.275
0.775,0.22499999999999998,0.852,0.8812095032397408,0.8143712574850299,0.8464730290456431,0.6300000000000003,0.13000000000000034,0.275
0.925,0.07499999999999996,0.848,0.8568507157464212,0.8363273453093812,0.8464646464646465,0.5650000000000002,0.06500000000000017,0.42500000000000004
0.925,0.07499999999999996,0.848,0.8568507157464212,0.8363273453093812,0.8464646464646465,0.5700000000000003,0.07000000000000028,0.42500000000000004
0.9500000000000001,0.04999999999999993,0.848,0.8568507157464212,0.8363273453093812,0.8464646464646465,0.5700000000000003,0.07000000000000028,0.45000000000000007
0.325,0.675,0.861,0.948019801980198,0.7644710578842315,0.8464088397790055,0.6350000000000002,0.13500000000000023,0.175
0.35000000000000003,0.6499999999999999,0.861,0.948019801980198,0.7644710578842315,0.8464088397790055,0.6400000000000003,0.14000000000000035,0.14999999999999997
0.8500000000000001,0.1499999999999999,0.849,0.8630705394190872,0.8303393213572854,0.8463886063072228,0.5900000000000003,0.0900000000000003,0.3500000000000001
0.8250000000000001,0.17499999999999993,0.849,0.8630705394190872,0.8303393213572854,0.8463886063072228,0.5950000000000002,0.0950000000000002,0.32500000000000007
0.8500000000000001,0.1499999999999999,0.849,0.8630705394190872,0.8303393213572854,0.8463886063072228,0.5950000000000002,0.0950000000000002,0.3500000000000001
0.875,0.125,0.849,0.8630705394190872,0.8303393213572854,0.8463886063072228,0.5950000000000002,0.0950000000000002,0.375
0.8250000000000001,0.17499999999999993,0.849,0.8630705394190872,0.8303393213572854,0.8463886063072228,0.6000000000000003,0.10000000000000031,0.32500000000000007
0.8500000000000001,0.1499999999999999,0.849,0.8630705394190872,0.8303393213572854,0.8463886063072228,0.6000000000000003,0.10000000000000031,0.3500000000000001
0.875,0.125,0.849,0.8630705394190872,0.8303393213572854,0.8463886063072228,0.6000000000000003,0.10000000000000031,0.375
0.9,0.09999999999999998,0.849,0.8630705394190872,0.8303393213572854,0.8463886063072228,0.6000000000000003,0.10000000000000031,0.4
0.8250000000000001,0.17499999999999993,0.849,0.8630705394190872,0.8303393213572854,0.8463886063072228,0.6050000000000002,0.1050000000000002,0.32500000000000007
0.8500000000000001,0.1499999999999999,0.849,0.8630705394190872,0.8303393213572854,0.8463886063072228,0.6050000000000002,0.1050000000000002,0.3500000000000001
0.875,0.125,0.849,0.8630705394190872,0.8303393213572854,0.8463886063072228,0.6050000000000002,0.1050000000000002,0.375
0.9,0.09999999999999998,0.849,0.8630705394190872,0.8303393213572854,0.8463886063072228,0.6050000000000002,0.1050000000000002,0.4
0.8500000000000001,0.1499999999999999,0.849,0.8630705394190872,0.8303393213572854,0.8463886063072228,0.6100000000000003,0.11000000000000032,0.3500000000000001
0.875,0.125,0.849,0.8630705394190872,0.8303393213572854,0.8463886063072228,0.6100000000000003,0.11000000000000032,0.375
0.9,0.09999999999999998,0.849,0.8630705394190872,0.8303393213572854,0.8463886063072228,0.6100000000000003,0.11000000000000032,0.4
0.8500000000000001,0.1499999999999999,0.849,0.8630705394190872,0.8303393213572854,0.8463886063072228,0.6150000000000002,0.11500000000000021,0.3500000000000001
0.8,0.19999999999999996,0.85,0.8694736842105263,0.8243512974051896,0.8463114754098361,0.6200000000000003,0.12000000000000033,0.30000000000000004
0.55,0.44999999999999996,0.859,0.9326923076923077,0.7744510978043913,0.8462377317339149,0.6550000000000002,0.15500000000000025,0.050000000000000044
0.8,0.19999999999999996,0.851,0.8760683760683761,0.8183632734530938,0.846233230134159,0.6250000000000002,0.12500000000000022,0.30000000000000004
0.25,0.75,0.823,0.7492307692307693,0.9720558882235529,0.8462206776715899,0.34,0.15999999999999998,0.25
0.775,0.22499999999999998,0.852,0.8828633405639913,0.812375249500998,0.8461538461538461,0.6350000000000002,0.13500000000000023,0.275
0.9500000000000001,0.04999999999999993,0.848,0.8583162217659137,0.8343313373253493,0.8461538461538461,0.5800000000000003,0.0800000000000003,0.45000000000000007
0.9750000000000001,0.02499999999999991,0.848,0.8583162217659137,0.8343313373253493,0.8461538461538461,0.5800000000000003,0.0800000000000003,0.4750000000000001
1.0,0.0,0.848,0.8583162217659137,0.8343313373253493,0.8461538461538461,0.5850000000000002,0.08500000000000019,0.5
0.375,0.625,0.822,0.7465648854961832,0.9760479041916168,0.8460207612456747,0.3,0.2,0.125
0.225,0.775,0.823,0.75,0.9700598802395209,0.8459530026109661,0.34500000000000003,0.15499999999999997,0.275
0.2,0.8,0.824,0.7535101404056163,0.9640718562874252,0.8458844133099825,0.35500000000000004,0.14499999999999996,0.3
0.875,0.125,0.848,0.8597938144329897,0.8323353293413174,0.845841784989858,0.5800000000000003,0.0800000000000003,0.375
0.9,0.09999999999999998,0.848,0.8597938144329897,0.8323353293413174,0.845841784989858,0.5800000000000003,0.0800000000000003,0.4
0.925,0.07499999999999996,0.848,0.8597938144329897,0.8323353293413174,0.845841784989858,0.5850000000000002,0.08500000000000019,0.42500000000000004
0.9500000000000001,0.04999999999999993,0.848,0.8597938144329897,0.8323353293413174,0.845841784989858,0.5850000000000002,0.08500000000000019,0.45000000000000007
0.9750000000000001,0.02499999999999991,0.848,0.8597938144329897,0.8323353293413174,0.845841784989858,0.5900000000000003,0.0900000000000003,0.4750000000000001
0.65,0.35,0.856,0.9122401847575058,0.7884231536926147,0.8458244111349036,0.6550000000000002,0.15500000000000025,0.15000000000000002
0.775,0.22499999999999998,0.849,0.8661087866108786,0.8263473053892215,0.8457609805924413,0.6100000000000003,0.11000000000000032,0.275
0.05,0.95,0.822,0.7473200612557427,0.9740518962075848,0.8457538994800693,0.37500000000000006,0.12499999999999994,0.45
0.25,0.75,0.822,0.7473200612557427,0.9740518962075848,0.8457538994800693,0.335,0.16499999999999998,0.25
0.30000000000000004,0.7,0.822,0.7473200612557427,0.9740518962075848,0.8457538994800693,0.325,0.175,0.19999999999999996
1.0,0.0,0.847,0.8551020408163266,0.8363273453093812,0.8456104944500504,0.5700000000000003,0.07000000000000028,0.5
0.8,0.19999999999999996,0.851,0.8793103448275862,0.8143712574850299,0.8455958549222798,0.6300000000000003,0.13000000000000034,0.30000000000000004
0.8,0.19999999999999996,0.851,0.8793103448275862,0.8143712574850299,0.8455958549222798,0.6350000000000002,0.13500000000000023,0.30000000000000004
0.875,0.125,0.848,0.8612836438923396,0.8303393213572854,0.8455284552845529,0.5850000000000002,0.08500000000000019,0.375
0.875,0.125,0.848,0.8612836438923396,0.8303393213572854,0.8455284552845529,0.5900000000000003,0.0900000000000003,0.375
0.9,0.09999999999999998,0.848,0.8612836438923396,0.8303393213572854,0.8455284552845529,0.5950000000000002,0.0950000000000002,0.4
0.925,0.07499999999999996,0.848,0.8612836438923396,0.8303393213572854,0.8455284552845529,0.6050000000000002,0.1050000000000002,0.42500000000000004
0.75,0.25,0.852,0.8862144420131292,0.8083832335329342,0.8455114822546973,0.6450000000000002,0.14500000000000024,0.25
0.275,0.725,0.822,0.7480798771121352,0.9720558882235529,0.8454861111111112,0.335,0.16499999999999998,0.22499999999999998
0.15000000000000002,0.85,0.86,0.945679012345679,0.7644710578842315,0.8454746136865342,0.6050000000000002,0.1050000000000002,0.35
0.0,1.0,0.823,0.7515527950310559,0.9660678642714571,0.845414847161572,0.39000000000000007,0.10999999999999993,0.5
0.125,0.875,0.823,0.7515527950310559,0.9660678642714571,0.845414847161572,0.37000000000000005,0.12999999999999995,0.375
0.025,0.975,0.857,0.9221698113207547,0.780439121756487,0.8454054054054054,0.5800000000000003,0.0800000000000003,0.475
0.625,0.375,0.857,0.9221698113207547,0.780439121756487,0.8454054054054054,0.6600000000000004,0.16000000000000036,0.125
0.025,0.975,0.858,0.9304556354916067,0.7744510978043913,0.8453159041394336,0.5850000000000002,0.08500000000000019,0.475
0.9750000000000001,0.02499999999999991,0.847,0.8565573770491803,0.8343313373253493,0.8452982810920121,0.5700000000000003,0.07000000000000028,0.4750000000000001
0.9500000000000001,0.04999999999999993,0.847,0.8565573770491803,0.8343313373253493,0.8452982810920121,0.5750000000000002,0.07500000000000018,0.45000000000000007
0.9750000000000001,0.02499999999999991,0.847,0.8565573770491803,0.8343313373253493,0.8452982810920121,0.5750000000000002,0.07500000000000018,0.4750000000000001
1.0,0.0,0.847,0.8565573770491803,0.8343313373253493,0.8452982810920121,0.5800000000000003,0.0800000000000003,0.5
0.925,0.07499999999999996,0.848,0.8627858627858628,0.8283433133732535,0.845213849287169,0.6100000000000003,0.11000000000000032,0.42500000000000004
0.875,0.125,0.848,0.8627858627858628,0.8283433133732535,0.845213849287169,0.6150000000000002,0.11500000000000021,0.375
0.7250000000000001,0.2749999999999999,0.852,0.8879120879120879,0.8063872255489022,0.8451882845188284,0.6400000000000003,0.14000000000000035,0.2250000000000001
0.45,0.55,0.86,0.9478908188585607,0.7624750499001997,0.8451327433628318,0.6550000000000002,0.15500000000000025,0.04999999999999999
0.0,1.0,0.857,0.9241706161137441,0.7784431137724551,0.8450704225352113,0.5800000000000003,0.0800000000000003,0.5
0.8250000000000001,0.17499999999999993,0.85,0.8758029978586723,0.8163672654690619,0.8450413223140496,0.6350000000000002,0.13500000000000023,0.32500000000000007
0.025,0.975,0.821,0.746177370030581,0.9740518962075848,0.845021645021645,0.37500000000000006,0.12499999999999994,0.475
0.9750000000000001,0.02499999999999991,0.847,0.8580246913580247,0.8323353293413174,0.8449848024316109,0.5850000000000002,0.08500000000000019,0.4750000000000001
1.0,0.0,0.847,0.8580246913580247,0.8323353293413174,0.8449848024316109,0.5900000000000003,0.0900000000000003,0.5
1.0,0.0,0.847,0.8580246913580247,0.8323353293413174,0.8449848024316109,0.5950000000000002,0.0950000000000002,0.5
0.5750000000000001,0.42499999999999993,0.858,0.9325301204819277,0.7724550898203593,0.8449781659388647,0.6600000000000004,0.16000000000000036,0.07500000000000007
0.775,0.22499999999999998,0.851,0.8826086956521739,0.810379241516966,0.8449531737773153,0.6400000000000003,0.14000000000000035,0.275
0.15000000000000002,0.85,0.822,0.749613601236476,0.9680638722554891,0.8449477351916377,0.36000000000000004,0.13999999999999996,0.35
0.17500000000000002,0.825,0.822,0.749613601236476,0.9680638722554891,0.8449477351916377,0.35500000000000004,0.14499999999999996,0.32499999999999996
0.025,0.975,0.821,0.7469325153374233,0.9720558882235529,0.8447528187337381,0.38000000000000006,0.11999999999999994,0.475
0.0,1.0,0.821,0.7469325153374233,0.9720558882235529,0.8447528187337381,0.38000000000000006,0.11999999999999994,0.5
0.9,0.09999999999999998,0.847,0.859504132231405,0.8303393213572854,0.8446700507614213,0.5850000000000002,0.08500000000000019,0.4
0.9,0.09999999999999998,0.847,0.859504132231405,0.8303393213572854,0.8446700507614213,0.5900000000000003,0.0900000000000003,0.4
0.925,0.07499999999999996,0.847,0.859504132231405,0.8303393213572854,0.8446700507614213,0.5900000000000003,0.0900000000000003,0.42500000000000004
0.9500000000000001,0.04999999999999993,0.847,0.859504132231405,0.8303393213572854,0.8446700507614213,0.5900000000000003,0.0900000000000003,0.45000000000000007
0.925,0.07499999999999996,0.847,0.859504132231405,0.8303393213572854,0.8446700507614213,0.5950000000000002,0.0950000000000002,0.42500000000000004
0.9500000000000001,0.04999999999999993,0.847,0.859504132231405,0.8303393213572854,0.8446700507614213,0.5950000000000002,0.0950000000000002,0.45000000000000007
0.9750000000000001,0.02499999999999991,0.847,0.859504132231405,0.8303393213572854,0.8446700507614213,0.5950000000000002,0.0950000000000002,0.4750000000000001
0.925,0.07499999999999996,0.847,0.859504132231405,0.8303393213572854,0.8446700507614213,0.6000000000000003,0.10000000000000031,0.42500000000000004
0.9500000000000001,0.04999999999999993,0.847,0.859504132231405,0.8303393213572854,0.8446700507614213,0.6000000000000003,0.10000000000000031,0.45000000000000007
0.9750000000000001,0.02499999999999991,0.847,0.859504132231405,0.8303393213572854,0.8446700507614213,0.6000000000000003,0.10000000000000031,0.4750000000000001
0.9500000000000001,0.04999999999999993,0.847,0.859504132231405,0.8303393213572854,0.8446700507614213,0.6050000000000002,0.1050000000000002,0.45000000000000007
0.125,0.875,0.858,0.9346246973365617,0.7704590818363274,0.8446389496717724,0.5950000000000002,0.0950000000000002,0.375
0.8250000000000001,0.17499999999999993,0.848,0.8658280922431866,0.8243512974051896,0.8445807770961146,0.6200000000000003,0.12000000000000033,0.32500000000000007
0.8500000000000001,0.1499999999999999,0.848,0.8658280922431866,0.8243512974051896,0.8445807770961146,0.6200000000000003,0.12000000000000033,0.3500000000000001
0.225,0.775,0.82,0.7442922374429224,0.9760479041916168,0.844559585492228,0.335,0.16499999999999998,0.275
0.7000000000000001,0.29999999999999993,0.853,0.8986486486486487,0.7964071856287425,0.8444444444444444,0.6500000000000004,0.15000000000000036,0.20000000000000007
1.0,0.0,0.846,0.8548057259713702,0.8343313373253493,0.8444444444444444,0.5750000000000002,0.07500000000000018,0.5
0.7000000000000001,0.29999999999999993,0.854,0.9061784897025171,0.7904191616766467,0.8443496801705757,0.6550000000000002,0.15500000000000025,0.20000000000000007
0.525,0.475,0.858,0.9367396593673966,0.7684630738522954,0.8442982456140351,0.6550000000000002,0.15500000000000025,0.025000000000000022
0.7250000000000001,0.2749999999999999,0.852,0.8930957683741648,0.8003992015968064,0.8442105263157895,0.6450000000000002,0.14500000000000024,0.2250000000000001
0.8250000000000001,0.17499999999999993,0.849,0.8739316239316239,0.8163672654690619,0.8441692466460269,0.6300000000000003,0.13000000000000034,0.32500000000000007
0.30000000000000004,0.7,0.86,0.9546599496221663,0.7564870259481038,0.844097995545657,0.6350000000000002,0.13500000000000023,0.19999999999999996
0.8,0.19999999999999996,0.85,0.8806941431670282,0.810379241516966,0.8440748440748441,0.6400000000000003,0.14000000000000035,0.30000000000000004
0.9,0.09999999999999998,0.847,0.8625,0.8263473053892215,0.8440366972477065,0.6150000000000002,0.11500000000000021,0.4
0.925,0.07499999999999996,0.847,0.8625,0.8263473053892215,0.8440366972477065,0.6150000000000002,0.11500000000000021,0.42500000000000004
0.2,0.8,0.82,0.7457886676875957,0.9720558882235529,0.8440207972270364,0.34500000000000003,0.15499999999999997,0.3
0.675,0.32499999999999996,0.854,0.9080459770114943,0.7884231536926147,0.844017094017094,0.6550000000000002,0.15500000000000025,0.17500000000000004
0.0,1.0,0.852,0.8948545861297539,0.7984031936127745,0.8438818565400844,0.5550000000000002,0.05500000000000016,0.5
0.2,0.8,0.859,0.9477611940298507,0.7604790419161677,0.8438538205980066,0.6100000000000003,0.11000000000000032,0.3
0.17500000000000002,0.825,0.859,0.9477611940298507,0.7604790419161677,0.8438538205980066,0.6100000000000003,0.11000000000000032,0.32499999999999996
0.25,0.75,0.819,0.743161094224924,0.9760479041916168,0.8438308886971527,0.33,0.16999999999999998,0.25
0.275,0.725,0.819,0.743161094224924,0.9760479041916168,0.8438308886971527,0.325,0.175,0.22499999999999998
0.30000000000000004,0.7,0.819,0.743161094224924,0.9760479041916168,0.8438308886971527,0.32,0.18,0.19999999999999996
0.375,0.625,0.859,0.95,0.7584830339321357,0.8435072142064373,0.6500000000000004,0.15000000000000036,0.125
0.42500000000000004,0.575,0.859,0.95,0.7584830339321357,0.8435072142064373,0.6550000000000002,0.15500000000000025,0.07499999999999996
0.47500000000000003,0.5249999999999999,0.859,0.95,0.7584830339321357,0.8435072142064373,0.6600000000000004,0.16000000000000036,0.024999999999999967
1.0,0.0,0.846,0.8592132505175983,0.8283433133732535,0.8434959349593496,0.6000000000000003,0.10000000000000031,0.5
0.9750000000000001,0.02499999999999991,0.846,0.8592132505175983,0.8283433133732535,0.8434959349593496,0.6050000000000002,0.1050000000000002,0.4750000000000001
0.6000000000000001,0.3999999999999999,0.856,0.9260143198090692,0.7744510978043913,0.8434782608695652,0.6600000000000004,0.16000000000000036,0.10000000000000009
0.07500000000000001,0.925,0.82,0.7473035439137135,0.9680638722554891,0.8434782608695652,0.37500000000000006,0.12499999999999994,0.425
0.1,0.9,0.82,0.7473035439137135,0.9680638722554891,0.8434782608695652,0.37000000000000005,0.12999999999999995,0.4
0.775,0.22499999999999998,0.85,0.8840262582056893,0.8063872255489022,0.8434237995824635,0.6450000000000002,0.14500000000000024,0.275
0.07500000000000001,0.925,0.819,0.7446483180428135,0.9720558882235529,0.8432900432900433,0.37000000000000005,0.12999999999999995,0.425
0.1,0.9,0.82,0.7480680061823802,0.9660678642714571,0.8432055749128919,0.37500000000000006,0.12499999999999994,0.4
0.8250000000000001,0.17499999999999993,0.849,0.8787878787878788,0.810379241516966,0.8431983385254413,0.6400000000000003,0.14000000000000035,0.32500000000000007
0.275,0.725,0.818,0.7420333839150227,0.9760479041916168,0.843103448275862,0.32,0.18,0.22499999999999998
0.9,0.09999999999999998,0.847,0.8670886075949367,0.8203592814371258,0.8430769230769231,0.6250000000000002,0.12500000000000022,0.4
0.5,0.5,0.857,0.9365853658536586,0.7664670658682635,0.8430296377607025,0.6550000000000002,0.15500000000000025,0.0
0.0,1.0,0.854,0.9137529137529138,0.782435129740519,0.843010752688172,0.5750000000000002,0.07500000000000018,0.5
0.9500000000000001,0.04999999999999993,0.846,0.8622129436325678,0.8243512974051896,0.8428571428571429,0.6150000000000002,0.11500000000000021,0.45000000000000007
0.05,0.95,0.818,0.7427701674277016,0.9740518962075848,0.842832469775475,0.37000000000000005,0.12999999999999995,0.45
0.275,0.725,0.818,0.7427701674277016,0.9740518962075848,0.842832469775475,0.33,0.16999999999999998,0.22499999999999998
0.325,0.675,0.818,0.7427701674277016,0.9740518962075848,0.842832469775475,0.315,0.185,0.175
0.275,0.725,0.859,0.9545454545454546,0.7544910179640718,0.842809364548495,0.6300000000000003,0.13000000000000034,0.22499999999999998
0.325,0.675,0.859,0.9545454545454546,0.7544910179640718,0.842809364548495,0.6400000000000003,0.14000000000000035,0.175
0.775,0.22499999999999998,0.85,0.8874172185430463,0.8023952095808383,0.8427672955974843,0.6500000000000004,0.15000000000000036,0.275
0.8500000000000001,0.1499999999999999,0.847,0.8686440677966102,0.8183632734530938,0.8427543679342241,0.6250000000000002,0.12500000000000022,0.3500000000000001
0.625,0.375,0.855,0.9238095238095239,0.7744510978043913,0.8425624321389794,0.6650000000000003,0.16500000000000026,0.125
0.8,0.19999999999999996,0.849,0.8820960698689956,0.8063872255489022,0.8425443169968717,0.6450000000000002,0.14500000000000024,0.30000000000000004
0.0,1.0,0.819,0.7469135802469136,0.9660678642714571,0.8424717145343777,0.38500000000000006,0.11499999999999994,0.5
0.1,0.9,0.856,0.9322033898305084,0.7684630738522954,0.8424507658643327,0.5900000000000003,0.0900000000000003,0.4
0.75,0.25,0.85,0.8891352549889135,0.8003992015968064,0.842436974789916,0.6500000000000004,0.15000000000000036,0.25
0.8250000000000001,0.17499999999999993,0.847,0.8702127659574468,0.8163672654690619,0.8424304840370752,0.6250000000000002,0.12500000000000022,0.32500000000000007
0.47500000000000003,0.5249999999999999,0.857,0.9408866995073891,0.7624750499001997,0.8423373759647188,0.6550000000000002,0.15500000000000025,0.024999999999999967
0.0,1.0,0.851,0.8963963963963963,0.7944111776447106,0.8423280423280424,0.5600000000000003,0.060000000000000275,0.5
0.7250000000000001,0.2749999999999999,0.851,0.8963963963963963,0.7944111776447106,0.8423280423280424,0.6500000000000004,0.15000000000000036,0.2250000000000001
1.0,0.0,0.845,0.8589211618257261,0.8263473053892215,0.8423194303153612,0.6050000000000002,0.1050000000000002,0.5
0.9500000000000001,0.04999999999999993,0.845,0.8589211618257261,0.8263473053892215,0.8423194303153612,0.6100000000000003,0.11000000000000032,0.45000000000000007
0.9750000000000001,0.02499999999999991,0.845,0.8589211618257261,0.8263473053892215,0.8423194303153612,0.6100000000000003,0.11000000000000032,0.4750000000000001
1.0,0.0,0.845,0.8589211618257261,0.8263473053892215,0.8423194303153612,0.6100000000000003,0.11000000000000032,0.5
0.125,0.875,0.818,0.7442572741194488,0.9700598802395209,0.8422876949740035,0.36000000000000004,0.13999999999999996,0.375
0.17500000000000002,0.825,0.818,0.7442572741194488,0.9700598802395209,0.8422876949740035,0.35000000000000003,0.14999999999999997,0.32499999999999996
0.35000000000000003,0.6499999999999999,0.858,0.949874686716792,0.7564870259481038,0.8422222222222222,0.6450000000000002,0.14500000000000024,0.14999999999999997
0.4,0.6,0.858,0.949874686716792,0.7564870259481038,0.8422222222222222,0.6550000000000002,0.15500000000000025,0.09999999999999998
0.05,0.95,0.855,0.9258373205741627,0.7724550898203593,0.8422198041349293,0.5850000000000002,0.08500000000000019,0.45
0.925,0.07499999999999996,0.846,0.8652631578947368,0.8203592814371258,0.8422131147540983,0.6250000000000002,0.12500000000000022,0.42500000000000004
0.8500000000000001,0.1499999999999999,0.847,0.8717948717948718,0.8143712574850299,0.8421052631578947,0.6350000000000002,0.13500000000000023,0.3500000000000001
0.25,0.75,0.816,0.7390648567119156,0.9780439121756487,0.8419243986254296,0.325,0.175,0.25
0.875,0.125,0.846,0.8668076109936576,0.8183632734530938,0.8418891170431212,0.6250000000000002,0.12500000000000022,0.375
0.875,0.125,0.846,0.8668076109936576,0.8183632734530938,0.8418891170431212,0.6300000000000003,0.13000000000000034,0.375
0.9,0.09999999999999998,0.846,0.8668076109936576,0.8183632734530938,0.8418891170431212,0.6300000000000003,0.13000000000000034,0.4
0.925,0.07499999999999996,0.846,0.8668076109936576,0.8183632734530938,0.8418891170431212,0.6300000000000003,0.13000000000000034,0.42500000000000004
0.07500000000000001,0.925,0.855,0.9278846153846154,0.7704590818363274,0.8418756815703381,0.5850000000000002,0.08500000000000019,0.425
0.6000000000000001,0.3999999999999999,0.855,0.9278846153846154,0.7704590818363274,0.8418756815703381,0.6650000000000003,0.16500000000000026,0.10000000000000009
0.2,0.8,0.817,0.7423780487804879,0.9720558882235529,0.8418323249783924,0.34,0.15999999999999998,0.3
0.8500000000000001,0.1499999999999999,0.847,0.8733905579399142,0.812375249500998,0.8417786970010341,0.6400000000000003,0.14000000000000035,0.3500000000000001
0.65,0.35,0.853,0.9135514018691588,0.780439121756487,0.8417653390742734,0.6600000000000004,0.16000000000000036,0.15000000000000002
0.55,0.44999999999999996,0.856,0.9364303178484108,0.7644710578842315,0.8417582417582418,0.6600000000000004,0.16000000000000036,0.050000000000000044
0.55,0.44999999999999996,0.856,0.9364303178484108,0.7644710578842315,0.8417582417582418,0.6650000000000003,0.16500000000000026,0.050000000000000044
0.875,0.125,0.845,0.8619246861924686,0.8223552894211577,0.8416751787538305,0.6200000000000003,0.12000000000000033,0.375
0.8500000000000001,0.1499999999999999,0.846,0.8683651804670913,0.8163672654690619,0.8415637860082305,0.6300000000000003,0.13000000000000034,0.3500000000000001
0.675,0.32499999999999996,0.852,0.9076212471131639,0.7844311377245509,0.841541755888651,0.6600000000000004,0.16000000000000036,0.17500000000000004
0.25,0.75,0.858,0.9544303797468354,0.7524950099800399,0.8415178571428571,0.6250000000000002,0.12500000000000022,0.25
0.525,0.475,0.856,0.9385749385749386,0.7624750499001997,0.8414096916299559,0.6600000000000004,0.16000000000000036,0.025000000000000022
0.9500000000000001,0.04999999999999993,0.845,0.8634453781512605,0.8203592814371258,0.8413510747185261,0.6250000000000002,0.12500000000000022,0.45000000000000007
0.775,0.22499999999999998,0.849,0.8888888888888888,0.7984031936127745,0.8412197686645636,0.6550000000000002,0.15500000000000025,0.275
0.225,0.775,0.815,0.7379518072289156,0.9780439121756487,0.8412017167381974,0.33,0.16999999999999998,0.275
0.35000000000000003,0.6499999999999999,0.815,0.7379518072289156,0.9780439121756487,0.8412017167381974,0.305,0.195,0.14999999999999997
0.07500000000000001,0.925,0.855,0.9320388349514563,0.7664670658682635,0.8411829134720701,0.5900000000000003,0.0900000000000003,0.425
0.9750000000000001,0.02499999999999991,0.844,0.8586278586278586,0.8243512974051896,0.8411405295315683,0.6150000000000002,0.11500000000000021,0.4750000000000001
1.0,0.0,0.844,0.8586278586278586,0.8243512974051896,0.8411405295315683,0.6150000000000002,0.11500000000000021,0.5
0.8500000000000001,0.1499999999999999,0.847,0.8766233766233766,0.8083832335329342,0.8411214953271028,0.6450000000000002,0.14500000000000024,0.3500000000000001
0.0,1.0,0.816,0.741248097412481,0.9720558882235529,0.8411053540587219,0.37500000000000006,0.12499999999999994,0.5
0.65,0.35,0.853,0.9174528301886793,0.7764471057884231,0.841081081081081,0.6650000000000003,0.16500000000000026,0.15000000000000002
0.525,0.475,0.856,0.9407407407407408,0.7604790419161677,0.8410596026490066,0.6650000000000003,0.16500000000000026,0.025000000000000022
0.125,0.875,0.817,0.7446153846153846,0.9660678642714571,0.8410078192875761,0.36500000000000005,0.13499999999999995,0.375
0.8,0.19999999999999996,0.848,0.8835164835164835,0.8023952095808383,0.8410041841004184,0.6500000000000004,0.15000000000000036,0.30000000000000004
0.7250000000000001,0.2749999999999999,0.851,0.9036697247706422,0.7864271457085829,0.8409818569903948,0.6600000000000004,0.16000000000000036,0.2250000000000001
0.45,0.55,0.857,0.949748743718593,0.7544910179640718,0.8409343715239155,0.6600000000000004,0.16000000000000036,0.04999999999999999
0.7250000000000001,0.2749999999999999,0.85,0.8979591836734694,0.7904191616766467,0.8407643312101911,0.6550000000000002,0.15500000000000025,0.2250000000000001
0.5,0.5,0.856,0.9429280397022333,0.7584830339321357,0.8407079646017699,0.6650000000000003,0.16500000000000026,0.0
0.9500000000000001,0.04999999999999993,0.845,0.8665254237288136,0.8163672654690619,0.8406988694758479,0.6300000000000003,0.13000000000000034,0.45000000000000007
0.025,0.975,0.815,0.7393939393939394,0.9740518962075848,0.8406546080964685,0.37000000000000005,0.12999999999999995,0.475
0.07500000000000001,0.925,0.815,0.7393939393939394,0.9740518962075848,0.8406546080964685,0.36500000000000005,0.13499999999999995,0.425
0.7000000000000001,0.29999999999999993,0.851,0.9055299539170507,0.7844311377245509,0.8406417112299466,0.6600000000000004,0.16000000000000036,0.20000000000000007
0.7250000000000001,0.2749999999999999,0.851,0.9055299539170507,0.7844311377245509,0.8406417112299466,0.6650000000000003,0.16500000000000026,0.2250000000000001
0.42500000000000004,0.575,0.857,0.952020202020202,0.7524950099800399,0.8405797101449275,0.6600000000000004,0.16000000000000036,0.07499999999999996
0.9,0.09999999999999998,0.844,0.8616352201257862,0.8203592814371258,0.8404907975460123,0.6200000000000003,0.12000000000000033,0.4
0.925,0.07499999999999996,0.844,0.8616352201257862,0.8203592814371258,0.8404907975460123,0.6200000000000003,0.12000000000000033,0.42500000000000004
0.9500000000000001,0.04999999999999993,0.844,0.8616352201257862,0.8203592814371258,0.8404907975460123,0.6200000000000003,0.12000000000000033,0.45000000000000007
0.05,0.95,0.855,0.9362745098039216,0.7624750499001997,0.8404840484048405,0.5900000000000003,0.0900000000000003,0.45
0.125,0.875,0.855,0.9362745098039216,0.7624750499001997,0.8404840484048405,0.6000000000000003,0.10000000000000031,0.375
0.0,1.0,0.85,0.8997722095671982,0.7884231536926147,0.8404255319148937,0.5650000000000002,0.06500000000000017,0.5
0.8,0.19999999999999996,0.848,0.8869179600886918,0.7984031936127745,0.8403361344537815,0.6550000000000002,0.15500000000000025,0.30000000000000004
0.225,0.775,0.857,0.9543147208121827,0.7504990019960079,0.8402234636871508,0.6200000000000003,0.12000000000000033,0.275
0.30000000000000004,0.7,0.814,0.7375565610859729,0.9760479041916168,0.8402061855670103,0.315,0.185,0.19999999999999996
0.325,0.675,0.814,0.7375565610859729,0.9760479041916168,0.8402061855670103,0.31,0.19,0.175
0.9750000000000001,0.02499999999999991,0.844,0.8631578947368421,0.8183632734530938,0.8401639344262295,0.6250000000000002,0.12500000000000022,0.4750000000000001
0.5,0.5,0.855,0.9384236453201971,0.7604790419161677,0.8401323042998897,0.6600000000000004,0.16000000000000036,0.0
0.8,0.19999999999999996,0.848,0.888641425389755,0.7964071856287425,0.84,0.6600000000000004,0.16000000000000036,0.30000000000000004
1.0,0.0,0.843,0.8583333333333333,0.8223552894211577,0.8399592252803262,0.6200000000000003,0.12000000000000033,0.5
0.5750000000000001,0.42499999999999993,0.854,0.9318734793187348,0.7644710578842315,0.8399122807017544,0.6650000000000003,0.16500000000000026,0.07500000000000007
0.75,0.25,0.849,0.8959276018099548,0.7904191616766467,0.8398727465535525,0.6550000000000002,0.15500000000000025,0.25
0.15000000000000002,0.85,0.815,0.7415902140672783,0.9680638722554891,0.8398268398268398,0.35500000000000004,0.14499999999999996,0.35
0.875,0.125,0.845,0.871244635193133,0.810379241516966,0.8397104446742503,0.6450000000000002,0.14500000000000024,0.375
0.0,1.0,0.853,0.9254807692307693,0.7684630738522954,0.8396946564885496,0.5850000000000002,0.08500000000000019,0.5
0.125,0.875,0.814,0.7389984825493171,0.9720558882235529,0.8396551724137931,0.35500000000000004,0.14499999999999996,0.375
0.2,0.8,0.856,0.9496221662468514,0.7524950099800399,0.8396436525612472,0.6150000000000002,0.11500000000000021,0.3
0.47500000000000003,0.5249999999999999,0.856,0.9496221662468514,0.7524950099800399,0.8396436525612472,0.6650000000000003,0.16500000000000026,0.024999999999999967
0.8250000000000001,0.17499999999999993,0.846,0.8779956427015251,0.8043912175648703,0.8395833333333333,0.6450000000000002,0.14500000000000024,0.32500000000000007
0.8500000000000001,0.1499999999999999,0.846,0.8779956427015251,0.8043912175648703,0.8395833333333333,0.6500000000000004,0.15000000000000036,0.3500000000000001
0.025,0.975,0.854,0.9339853300733496,0.7624750499001997,0.8395604395604396,0.5900000000000003,0.0900000000000003,0.475
0.75,0.25,0.849,0.8977272727272727,0.7884231536926147,0.8395324123273114,0.6600000000000004,0.16000000000000036,0.25
0.9750000000000001,0.02499999999999991,0.844,0.8662420382165605,0.8143712574850299,0.8395061728395061,0.6300000000000003,0.13000000000000034,0.4750000000000001
0.9,0.09999999999999998,0.844,0.8662420382165605,0.8143712574850299,0.8395061728395061,0.6350000000000002,0.13500000000000023,0.4
0.9500000000000001,0.04999999999999993,0.844,0.8662420382165605,0.8143712574850299,0.8395061728395061,0.6350000000000002,0.13500000000000023,0.45000000000000007
0.9750000000000001,0.02499999999999991,0.844,0.8662420382165605,0.8143712574850299,0.8395061728395061,0.6350000000000002,0.13500000000000023,0.4750000000000001
1.0,0.0,0.844,0.8662420382165605,0.8143712574850299,0.8395061728395061,0.6350000000000002,0.13500000000000023,0.5
0.1,0.9,0.813,0.7364457831325302,0.9760479041916168,0.8394849785407725,0.35500000000000004,0.14499999999999996,0.4
0.0,1.0,0.85,0.9053117782909931,0.782435129740519,0.8394004282655246,0.5700000000000003,0.07000000000000028,0.5
0.05,0.95,0.813,0.7371601208459214,0.9740518962075848,0.8392089423903697,0.36500000000000005,0.13499999999999995,0.45
0.875,0.125,0.844,0.8678038379530917,0.812375249500998,0.8391752577319588,0.6350000000000002,0.13500000000000023,0.375
0.8250000000000001,0.17499999999999993,0.847,0.8866666666666667,0.7964071856287425,0.8391167192429022,0.6600000000000004,0.16000000000000036,0.32500000000000007
0.8250000000000001,0.17499999999999993,0.847,0.8866666666666667,0.7964071856287425,0.8391167192429022,0.6650000000000003,0.16500000000000026,0.32500000000000007
0.8500000000000001,0.1499999999999999,0.847,0.8866666666666667,0.7964071856287425,0.8391167192429022,0.6650000000000003,0.16500000000000026,0.3500000000000001
0.1,0.9,0.814,0.7404580152671756,0.9680638722554891,0.8391003460207612,0.36500000000000005,0.13499999999999995,0.4
0.325,0.675,0.812,0.7346326836581709,0.9780439121756487,0.839041095890411,0.305,0.195,0.175
0.35000000000000003,0.6499999999999999,0.812,0.7346326836581709,0.9780439121756487,0.839041095890411,0.3,0.2,0.14999999999999997
0.15000000000000002,0.85,0.813,0.7378787878787879,0.9720558882235529,0.8389319552110249,0.35000000000000003,0.14999999999999997,0.35
0.35000000000000003,0.6499999999999999,0.856,0.9541984732824428,0.7485029940119761,0.8389261744966443,0.6500000000000004,0.15000000000000036,0.14999999999999997
0.875,0.125,0.844,0.8693790149892934,0.810379241516966,0.8388429752066116,0.6400000000000003,0.14000000000000035,0.375
0.9,0.09999999999999998,0.844,0.8693790149892934,0.810379241516966,0.8388429752066116,0.6450000000000002,0.14500000000000024,0.4
0.9750000000000001,0.02499999999999991,0.842,0.8580375782881002,0.8203592814371258,0.8387755102040816,0.6200000000000003,0.12000000000000033,0.4750000000000001
0.5,0.5,0.855,0.9472361809045227,0.7524950099800399,0.8387096774193549,0.6700000000000004,0.17000000000000037,0.0
0.8250000000000001,0.17499999999999993,0.846,0.8830022075055187,0.7984031936127745,0.8385744234800838,0.6550000000000002,0.15500000000000025,0.32500000000000007
1.0,0.0,0.842,0.859538784067086,0.8183632734530938,0.8384458077709611,0.6250000000000002,0.12500000000000022,0.5
0.8250000000000001,0.17499999999999993,0.845,0.8777292576419214,0.8023952095808383,0.8383733055265902,0.6500000000000004,0.15000000000000036,0.32500000000000007
0.675,0.32499999999999996,0.85,0.9110070257611241,0.7764471057884231,0.8383620689655172,0.6650000000000003,0.16500000000000026,0.17500000000000004
0.15000000000000002,0.85,0.855,0.9494949494949495,0.7504990019960079,0.8383500557413601,0.6100000000000003,0.11000000000000032,0.35
0.275,0.725,0.811,0.7335329341317365,0.9780439121756487,0.8383233532934131,0.315,0.185,0.22499999999999998
0.925,0.07499999999999996,0.843,0.8659574468085106,0.812375249500998,0.8383110195674562,0.6350000000000002,0.13500000000000023,0.42500000000000004
0.9,0.09999999999999998,0.843,0.8659574468085106,0.812375249500998,0.8383110195674562,0.6400000000000003,0.14000000000000035,0.4
0.925,0.07499999999999996,0.843,0.8659574468085106,0.812375249500998,0.8383110195674562,0.6400000000000003,0.14000000000000035,0.42500000000000004
0.9500000000000001,0.04999999999999993,0.843,0.8659574468085106,0.812375249500998,0.8383110195674562,0.6400000000000003,0.14000000000000035,0.45000000000000007
1.0,0.0,0.843,0.8659574468085106,0.812375249500998,0.8383110195674562,0.6400000000000003,0.14000000000000035,0.5
0.1,0.9,0.812,0.7367624810892587,0.9720558882235529,0.8382099827882961,0.36000000000000004,0.13999999999999996,0.4
0.775,0.22499999999999998,0.847,0.8918918918918919,0.7904191616766467,0.8380952380952381,0.6600000000000004,0.16000000000000036,0.275
0.30000000000000004,0.7,0.811,0.7342342342342343,0.9760479041916168,0.8380462724935732,0.31,0.19,0.19999999999999996
0.75,0.25,0.848,0.8993135011441648,0.7844311377245509,0.837953091684435,0.6650000000000003,0.16500000000000026,0.25
0.17500000000000002,0.825,0.812,0.7374810318664643,0.9700598802395209,0.8379310344827586,0.34500000000000003,0.15499999999999997,0.32499999999999996
0.65,0.35,0.851,0.9210526315789473,0.7684630738522954,0.8378672470076169,0.6700000000000004,0.17000000000000037,0.15000000000000002
0.65,0.35,0.851,0.9210526315789473,0.7684630738522954,0.8378672470076169,0.6750000000000003,0.17500000000000027,0.15000000000000002
0.7000000000000001,0.29999999999999993,0.849,0.9069767441860465,0.7784431137724551,0.8378088077336198,0.6650000000000003,0.16500000000000026,0.20000000000000007
0.775,0.22499999999999998,0.847,0.8936651583710408,0.7884231536926147,0.8377518557794273,0.6650000000000003,0.16500000000000026,0.275
0.125,0.875,0.81,0.7324364723467862,0.9780439121756487,0.8376068376068376,0.35000000000000003,0.14999999999999997,0.375
0.625,0.375,0.851,0.9230769230769231,0.7664670658682635,0.8375136314067612,0.6700000000000004,0.17000000000000037,0.125
0.2,0.8,0.81,0.7331334332833583,0.9760479041916168,0.8373287671232876,0.335,0.16499999999999998,0.3
0.55,0.44999999999999996,0.853,0.9402985074626866,0.7544910179640718,0.8372093023255814,0.6700000000000004,0.17000000000000037,0.050000000000000044
0.225,0.775,0.809,0.7306547619047619,0.9800399201596807,0.8371696504688833,0.325,0.175,0.275
0.9750000000000001,0.02499999999999991,0.842,0.8656716417910447,0.810379241516966,0.8371134020618557,0.6400000000000003,0.14000000000000035,0.4750000000000001
0.025,0.975,0.81,0.7338345864661654,0.9740518962075848,0.8370497427101201,0.36500000000000005,0.13499999999999995,0.475
0.07500000000000001,0.925,0.81,0.7338345864661654,0.9740518962075848,0.8370497427101201,0.36000000000000004,0.13999999999999996,0.425
0.17500000000000002,0.825,0.81,0.7338345864661654,0.9740518962075848,0.8370497427101201,0.34,0.15999999999999998,0.32499999999999996
0.1,0.9,0.852,0.9336609336609336,0.7584830339321357,0.8370044052863436,0.5950000000000002,0.0950000000000002,0.4
0.07500000000000001,0.925,0.852,0.9336609336609336,0.7584830339321357,0.8370044052863436,0.5950000000000002,0.0950000000000002,0.425
0.5750000000000001,0.42499999999999993,0.852,0.9336609336609336,0.7584830339321357,0.8370044052863436,0.6700000000000004,0.17000000000000037,0.07500000000000007
1.0,0.0,0.841,0.8607594936708861,0.8143712574850299,0.8369230769230769,0.6300000000000003,0.13000000000000034,0.5
0.25,0.75,0.809,0.7313432835820896,0.9780439121756487,0.8368915456874466,0.32,0.18,0.25
0.525,0.475,0.853,0.9425,0.7524950099800399,0.8368479467258602,0.6700000000000004,0.17000000000000037,0.025000000000000022
0.8500000000000001,0.1499999999999999,0.844,0.8791208791208791,0.7984031936127745,0.8368200836820083,0.6550000000000002,0.15500000000000025,0.3500000000000001
0.875,0.125,0.844,0.8791208791208791,0.7984031936127745,0.8368200836820083,0.6600000000000004,0.16000000000000036,0.375
0.625,0.375,0.851,0.9271844660194175,0.7624750499001997,0.836801752464403,0.6750000000000003,0.17500000000000027,0.125
0.45,0.55,0.854,0.9516539440203562,0.7465069860279441,0.8366890380313199,0.6650000000000003,0.16500000000000026,0.04999999999999999
0.8500000000000001,0.1499999999999999,0.845,0.8861607142857143,0.7924151696606786,0.8366701791359326,0.6700000000000004,0.17000000000000037,0.3500000000000001
0.875,0.125,0.843,0.8739130434782608,0.8023952095808383,0.8366285119667014,0.6500000000000004,0.15000000000000036,0.375
0.07500000000000001,0.925,0.809,0.7320359281437125,0.9760479041916168,0.8366124893071001,0.35500000000000004,0.14499999999999996,0.425
0.30000000000000004,0.7,0.808,0.7295690936106983,0.9800399201596807,0.8364565587734242,0.305,0.195,0.19999999999999996
0.6000000000000001,0.3999999999999999,0.851,0.9292682926829269,0.7604790419161677,0.8364434687156971,0.6700000000000004,0.17000000000000037,0.10000000000000009
0.675,0.32499999999999996,0.849,0.9146919431279621,0.7704590818363274,0.8364030335861322,0.6750000000000003,0.17500000000000027,0.17500000000000004
0.75,0.25,0.847,0.9009216589861752,0.780439121756487,0.8363636363636363,0.6700000000000004,0.17000000000000037,0.25
0.875,0.125,0.843,0.8755458515283843,0.8003992015968064,0.8362877997914494,0.6550000000000002,0.15500000000000025,0.375
0.9,0.09999999999999998,0.843,0.8755458515283843,0.8003992015968064,0.8362877997914494,0.6600000000000004,0.16000000000000036,0.4
0.125,0.875,0.808,0.7302533532041728,0.9780439121756487,0.8361774744027304,0.34500000000000003,0.15499999999999997,0.375
0.875,0.125,0.844,0.8824833702882483,0.7944111776447106,0.8361344537815126,0.6700000000000004,0.17000000000000037,0.375
0.6000000000000001,0.3999999999999999,0.851,0.9313725490196079,0.7584830339321357,0.8360836083608361,0.6750000000000003,0.17500000000000027,0.10000000000000009
0.0,1.0,0.809,0.733433734939759,0.9720558882235529,0.8360515021459227,0.37000000000000005,0.12999999999999995,0.5
0.15000000000000002,0.85,0.809,0.733433734939759,0.9720558882235529,0.8360515021459227,0.34500000000000003,0.15499999999999997,0.35
0.8,0.19999999999999996,0.845,0.8896396396396397,0.7884231536926147,0.8359788359788359,0.6650000000000003,0.16500000000000026,0.30000000000000004
0.8250000000000001,0.17499999999999993,0.845,0.8896396396396397,0.7884231536926147,0.8359788359788359,0.6700000000000004,0.17000000000000037,0.32500000000000007
0.9,0.09999999999999998,0.843,0.8771929824561403,0.7984031936127745,0.8359456635318704,0.6650000000000003,0.16500000000000026,0.4
0.925,0.07499999999999996,0.841,0.8653846153846154,0.8083832335329342,0.8359133126934984,0.6450000000000002,0.14500000000000024,0.42500000000000004
0.9500000000000001,0.04999999999999993,0.841,0.8653846153846154,0.8083832335329342,0.8359133126934984,0.6450000000000002,0.14500000000000024,0.45000000000000007
0.9750000000000001,0.02499999999999991,0.841,0.8653846153846154,0.8083832335329342,0.8359133126934984,0.6450000000000002,0.14500000000000024,0.4750000000000001
1.0,0.0,0.841,0.8653846153846154,0.8083832335329342,0.8359133126934984,0.6450000000000002,0.14500000000000024,0.5
0.1,0.9,0.808,0.7309417040358744,0.9760479041916168,0.8358974358974359,0.35000000000000003,0.14999999999999997,0.4
0.9,0.09999999999999998,0.842,0.8720173535791758,0.8023952095808383,0.8357588357588358,0.6550000000000002,0.15500000000000025,0.4
0.925,0.07499999999999996,0.842,0.8720173535791758,0.8023952095808383,0.8357588357588358,0.6550000000000002,0.15500000000000025,0.42500000000000004
0.925,0.07499999999999996,0.842,0.8720173535791758,0.8023952095808383,0.8357588357588358,0.6600000000000004,0.16000000000000036,0.42500000000000004
0.1,0.9,0.853,0.949238578680203,0.7465069860279441,0.8357541899441341,0.6050000000000002,0.1050000000000002,0.4
0.375,0.625,0.853,0.949238578680203,0.7465069860279441,0.8357541899441341,0.6550000000000002,0.15500000000000025,0.125
0.8,0.19999999999999996,0.845,0.8914027149321267,0.7864271457085829,0.8356309650053022,0.6700000000000004,0.17000000000000037,0.30000000000000004
0.05,0.95,0.808,0.7316341829085458,0.9740518962075848,0.8356164383561644,0.36000000000000004,0.13999999999999996,0.45
0.8500000000000001,0.1499999999999999,0.843,0.8788546255506607,0.7964071856287425,0.8356020942408376,0.6600000000000004,0.16000000000000036,0.3500000000000001
0.875,0.125,0.843,0.8788546255506607,0.7964071856287425,0.8356020942408376,0.6650000000000003,0.16500000000000026,0.375
0.675,0.32499999999999996,0.848,0.9125295508274232,0.7704590818363274,0.8354978354978355,0.6700000000000004,0.17000000000000037,0.17500000000000004
0.775,0.22499999999999998,0.846,0.8988505747126436,0.780439121756487,0.8354700854700855,0.6700000000000004,0.17000000000000037,0.275
0.2,0.8,0.807,0.7291666666666666,0.9780439121756487,0.835464620630861,0.33,0.16999999999999998,0.3
0.4,0.6,0.853,0.951530612244898,0.7445109780439122,0.8353863381858903,0.6600000000000004,0.16000000000000036,0.09999999999999998
0.7250000000000001,0.2749999999999999,0.847,0.9065420560747663,0.7744510978043913,0.8353067814854682,0.6700000000000004,0.17000000000000037,0.2250000000000001
0.125,0.875,0.852,0.9445843828715366,0.7485029940119761,0.8351893095768375,0.6050000000000002,0.1050000000000002,0.375
0.325,0.675,0.853,0.9538461538461539,0.7425149700598802,0.835016835016835,0.6450000000000002,0.14500000000000024,0.175
0.05,0.95,0.851,0.9378109452736318,0.7524950099800399,0.8349944629014396,0.5950000000000002,0.0950000000000002,0.45
0.5750000000000001,0.42499999999999993,0.851,0.9378109452736318,0.7524950099800399,0.8349944629014396,0.6750000000000003,0.17500000000000027,0.07500000000000007
0.675,0.32499999999999996,0.849,0.9227053140096618,0.7624750499001997,0.8349726775956284,0.6850000000000003,0.18500000000000028,0.17500000000000004
0.9,0.09999999999999998,0.841,0.8701298701298701,0.8023952095808383,0.8348909657320872,0.6500000000000004,0.15000000000000036,0.4
0.325,0.675,0.806,0.7280832095096582,0.9780439121756487,0.8347529812606473,0.3,0.2,0.175
0.9500000000000001,0.04999999999999993,0.84,0.8650963597430407,0.8063872255489022,0.8347107438016529,0.6500000000000004,0.15000000000000036,0.45000000000000007
0.9750000000000001,0.02499999999999991,0.84,0.8650963597430407,0.8063872255489022,0.8347107438016529,0.6500000000000004,0.15000000000000036,0.4750000000000001
0.65,0.35,0.849,0.9247572815533981,0.7604790419161677,0.8346111719605696,0.6800000000000004,0.18000000000000038,0.15000000000000002
0.7000000000000001,0.29999999999999993,0.847,0.910377358490566,0.7704590818363274,0.8345945945945946,0.6750000000000003,0.17500000000000027,0.20000000000000007
0.47500000000000003,0.5249999999999999,0.852,0.9491094147582697,0.7445109780439122,0.8344519015659956,0.6700000000000004,0.17000000000000037,0.024999999999999967
0.8500000000000001,0.1499999999999999,0.843,0.8856502242152466,0.7884231536926147,0.8342133051742344,0.6750000000000003,0.17500000000000027,0.3500000000000001
0.925,0.07499999999999996,0.841,0.8733624454148472,0.7984031936127745,0.8342022940563086,0.6650000000000003,0.16500000000000026,0.42500000000000004
0.7000000000000001,0.29999999999999993,0.846,0.9063231850117096,0.7724550898203593,0.834051724137931,0.6700000000000004,0.17000000000000037,0.20000000000000007
0.7250000000000001,0.2749999999999999,0.846,0.9063231850117096,0.7724550898203593,0.834051724137931,0.6750000000000003,0.17500000000000027,0.2250000000000001
0.1,0.9,0.805,0.7270029673590505,0.9780439121756487,0.8340425531914893,0.34500000000000003,0.15499999999999997,0.4
0.0,1.0,0.849,0.928921568627451,0.7564870259481038,0.8338833883388339,0.5900000000000003,0.0900000000000003,0.5
0.1,0.9,0.85,0.9376558603491272,0.7504990019960079,0.8337028824833703,0.6000000000000003,0.10000000000000031,0.4
1.0,0.0,0.839,0.8648068669527897,0.8043912175648703,0.8335056876938987,0.6500000000000004,0.15000000000000036,0.5
0.0,1.0,0.805,0.7283582089552239,0.9740518962075848,0.8334756618274979,0.36500000000000005,0.13499999999999995,0.5
0.55,0.44999999999999996,0.85,0.9398496240601504,0.7485029940119761,0.8333333333333334,0.6750000000000003,0.17500000000000027,0.050000000000000044
0.17500000000000002,0.825,0.803,0.7235294117647059,0.9820359281437125,0.8331922099915327,0.33,0.16999999999999998,0.32499999999999996
0.9500000000000001,0.04999999999999993,0.839,0.8663793103448276,0.8023952095808383,0.8331606217616581,0.6550000000000002,0.15500000000000025,0.45000000000000007
0.9750000000000001,0.02499999999999991,0.839,0.8663793103448276,0.8023952095808383,0.8331606217616581,0.6550000000000002,0.15500000000000025,0.4750000000000001
0.8250000000000001,0.17499999999999993,0.843,0.8909090909090909,0.782435129740519,0.8331562167906482,0.6750000000000003,0.17500000000000027,0.32500000000000007
0.75,0.25,0.845,0.9042056074766355,0.7724550898203593,0.8331539289558665,0.6750000000000003,0.17500000000000027,0.25
0.675,0.32499999999999996,0.847,0.9182692307692307,0.7624750499001997,0.8331515812431843,0.6800000000000004,0.18000000000000038,0.17500000000000004
0.6000000000000001,0.3999999999999999,0.849,0.9331683168316832,0.7524950099800399,0.8331491712707182,0.6800000000000004,0.18000000000000038,0.10000000000000009
0.625,0.375,0.849,0.9331683168316832,0.7524950099800399,0.8331491712707182,0.6850000000000003,0.18500000000000028,0.125
0.17500000000000002,0.825,0.851,0.9489795918367347,0.7425149700598802,0.8331466965285554,0.6150000000000002,0.11500000000000021,0.32499999999999996
0.5,0.5,0.851,0.9489795918367347,0.7425149700598802,0.8331466965285554,0.6750000000000003,0.17500000000000027,0.0
0.07500000000000001,0.925,0.804,0.7265973254086181,0.9760479041916168,0.8330494037478705,0.35000000000000003,0.14999999999999997,0.425
0.525,0.475,0.85,0.9420654911838791,0.7465069860279441,0.8329621380846325,0.6750000000000003,0.17500000000000027,0.025000000000000022
0.15000000000000002,0.85,0.803,0.724188790560472,0.9800399201596807,0.8329092451229856,0.335,0.16499999999999998,0.35
0.8,0.19999999999999996,0.843,0.8926940639269406,0.780439121756487,0.832800851970181,0.6750000000000003,0.17500000000000027,0.30000000000000004
0.42500000000000004,0.575,0.851,0.9512820512820512,0.7405189620758483,0.8327721661054994,0.6650000000000003,0.16500000000000026,0.07499999999999996
0.45,0.55,0.851,0.9512820512820512,0.7405189620758483,0.8327721661054994,0.6700000000000004,0.17000000000000037,0.04999999999999999
0.0,1.0,0.803,0.7248520710059172,0.9780439121756487,0.832625318606627,0.36000000000000004,0.13999999999999996,0.5
0.15000000000000002,0.85,0.803,0.7248520710059172,0.9780439121756487,0.832625318606627,0.34,0.15999999999999998,0.35
0.275,0.725,0.803,0.7248520710059172,0.9780439121756487,0.832625318606627,0.31,0.19,0.22499999999999998
0.775,0.22499999999999998,0.844,0.9002320185614849,0.7744510978043913,0.8326180257510729,0.6750000000000003,0.17500000000000027,0.275
0.65,0.35,0.848,0.9287469287469288,0.7544910179640718,0.8325991189427313,0.6850000000000003,0.18500000000000028,0.15000000000000002
0.65,0.35,0.848,0.9287469287469288,0.7544910179640718,0.8325991189427313,0.6900000000000004,0.1900000000000004,0.15000000000000002
0.2,0.8,0.802,0.7224669603524229,0.9820359281437125,0.8324873096446701,0.325,0.175,0.3
0.9500000000000001,0.04999999999999993,0.839,0.8695652173913043,0.7984031936127745,0.8324661810613944,0.6650000000000003,0.16500000000000026,0.45000000000000007
0.07500000000000001,0.925,0.849,0.9375,0.7485029940119761,0.832408435072142,0.6000000000000003,0.10000000000000031,0.425
0.6000000000000001,0.3999999999999999,0.849,0.9375,0.7485029940119761,0.832408435072142,0.6850000000000003,0.18500000000000028,0.10000000000000009
0.30000000000000004,0.7,0.851,0.9536082474226805,0.7385229540918163,0.8323959505061868,0.6400000000000003,0.14000000000000035,0.19999999999999996
0.05,0.95,0.803,0.7255192878338279,0.9760479041916168,0.8323404255319149,0.35500000000000004,0.14499999999999996,0.45
0.925,0.07499999999999996,0.838,0.864516129032258,0.8023952095808383,0.8322981366459627,0.6500000000000004,0.15000000000000036,0.42500000000000004
0.25,0.75,0.802,0.7231222385861561,0.9800399201596807,0.8322033898305085,0.315,0.185,0.25
0.30000000000000004,0.7,0.802,0.7231222385861561,0.9800399201596807,0.8322033898305085,0.3,0.2,0.19999999999999996
0.17500000000000002,0.825,0.803,0.7261904761904762,0.9740518962075848,0.8320545609548167,0.335,0.16499999999999998,0.32499999999999996
0.675,0.32499999999999996,0.847,0.9243902439024391,0.7564870259481038,0.8320526893523601,0.6900000000000004,0.1900000000000004,0.17500000000000004
0.35000000000000003,0.6499999999999999,0.851,0.9559585492227979,0.7365269461077845,0.8320180383314544,0.6550000000000002,0.15500000000000025,0.14999999999999997
1.0,0.0,0.838,0.8660907127429806,0.8003992015968064,0.8319502074688797,0.6550000000000002,0.15500000000000025,0.5
1.0,0.0,0.838,0.8660907127429806,0.8003992015968064,0.8319502074688797,0.6600000000000004,0.16000000000000036,0.5
0.025,0.975,0.848,0.9330024813895782,0.7504990019960079,0.831858407079646,0.5950000000000002,0.0950000000000002,0.475
0.2,0.8,0.85,0.948849104859335,0.7405189620758483,0.8318385650224215,0.6200000000000003,0.12000000000000033,0.3
0.875,0.125,0.841,0.8851351351351351,0.7844311377245509,0.8317460317460318,0.6750000000000003,0.17500000000000027,0.375
0.7000000000000001,0.29999999999999993,0.845,0.9119047619047619,0.7644710578842315,0.8317046688382194,0.6800000000000004,0.18000000000000038,0.20000000000000007
0.9500000000000001,0.04999999999999993,0.838,0.8676789587852495,0.7984031936127745,0.8316008316008316,0.6600000000000004,0.16000000000000036,0.45000000000000007
0.225,0.775,0.801,0.7220588235294118,0.9800399201596807,0.8314987298899238,0.32,0.18,0.275
0.025,0.975,0.802,0.725111441307578,0.9740518962075848,0.8313458262350937,0.36000000000000004,0.13999999999999996,0.475
0.125,0.875,0.801,0.7227138643067846,0.9780439121756487,0.8312128922815946,0.34,0.15999999999999998,0.375
0.0,1.0,0.848,0.9373433583959899,0.7465069860279441,0.8311111111111111,0.5950000000000002,0.0950000000000002,0.5
0.5750000000000001,0.42499999999999993,0.848,0.9373433583959899,0.7465069860279441,0.8311111111111111,0.6800000000000004,0.18000000000000038,0.07500000000000007
0.225,0.775,0.85,0.9534883720930233,0.7365269461077845,0.831081081081081,0.6250000000000002,0.12500000000000022,0.275
0.25,0.75,0.85,0.9534883720930233,0.7365269461077845,0.831081081081081,0.6300000000000003,0.13000000000000034,0.25
0.275,0.725,0.85,0.9534883720930233,0.7365269461077845,0.831081081081081,0.6350000000000002,0.13500000000000023,0.22499999999999998
0.9,0.09999999999999998,0.839,0.8761061946902655,0.7904191616766467,0.8310598111227702,0.6700000000000004,0.17000000000000037,0.4
0.7000000000000001,0.29999999999999993,0.845,0.9158653846153846,0.7604790419161677,0.8309705561613958,0.6900000000000004,0.1900000000000004,0.20000000000000007
0.025,0.975,0.801,0.7233727810650887,0.9760479041916168,0.8309260832625318,0.35500000000000004,0.14499999999999996,0.475
0.9,0.09999999999999998,0.84,0.8831460674157303,0.7844311377245509,0.8308668076109936,0.6800000000000004,0.18000000000000038,0.4
0.7250000000000001,0.2749999999999999,0.844,0.9097387173396675,0.7644710578842315,0.8308026030368764,0.6850000000000003,0.18500000000000028,0.2250000000000001
0.9750000000000001,0.02499999999999991,0.837,0.8658008658008658,0.7984031936127745,0.8307372793354102,0.6600000000000004,0.16000000000000036,0.4750000000000001
1.0,0.0,0.837,0.8658008658008658,0.7984031936127745,0.8307372793354102,0.6650000000000003,0.16500000000000026,0.5
0.375,0.625,0.85,0.9558441558441558,0.7345309381237525,0.8306997742663657,0.6600000000000004,0.16000000000000036,0.125
0.625,0.375,0.847,0.9328358208955224,0.7485029940119761,0.8305647840531561,0.6900000000000004,0.1900000000000004,0.125
0.8,0.19999999999999996,0.842,0.8979118329466357,0.7724550898203593,0.8304721030042919,0.6800000000000004,0.18000000000000038,0.30000000000000004
0.7000000000000001,0.29999999999999993,0.844,0.9116945107398569,0.7624750499001997,0.8304347826086956,0.6850000000000003,0.18500000000000028,0.20000000000000007
0.625,0.375,0.846,0.9262899262899262,0.7524950099800399,0.8303964757709251,0.6800000000000004,0.18000000000000038,0.125
0.9750000000000001,0.02499999999999991,0.837,0.8673913043478261,0.7964071856287425,0.8303850156087409,0.6650000000000003,0.16500000000000026,0.4750000000000001
0.17500000000000002,0.825,0.799,0.7192982456140351,0.9820359281437125,0.830379746835443,0.325,0.175,0.32499999999999996
0.55,0.44999999999999996,0.848,0.9417721518987342,0.7425149700598802,0.8303571428571429,0.6800000000000004,0.18000000000000038,0.050000000000000044
0.7250000000000001,0.2749999999999999,0.843,0.9056603773584906,0.7664670658682635,0.8302702702702702,0.6800000000000004,0.18000000000000038,0.2250000000000001
0.75,0.25,0.843,0.9056603773584906,0.7664670658682635,0.8302702702702702,0.6800000000000004,0.18000000000000038,0.25
0.47500000000000003,0.5249999999999999,0.849,0.9510309278350515,0.7365269461077845,0.8301462317210349,0.6750000000000003,0.17500000000000027,0.024999999999999967
0.45,0.55,0.849,0.9510309278350515,0.7365269461077845,0.8301462317210349,0.6750000000000003,0.17500000000000027,0.04999999999999999
0.1,0.9,0.799,0.7205882352941176,0.9780439121756487,0.8298052497883149,0.34,0.15999999999999998,0.4
0.15000000000000002,0.85,0.798,0.7182481751824817,0.9820359281437125,0.8296795952782462,0.33,0.16999999999999998,0.35
0.125,0.875,0.848,0.9462915601023018,0.7385229540918163,0.8295964125560538,0.6100000000000003,0.11000000000000032,0.375
0.2,0.8,0.797,0.7159420289855073,0.9860279441117764,0.8295549958018472,0.32,0.18,0.3
0.7000000000000001,0.29999999999999993,0.845,0.9240196078431373,0.7524950099800399,0.8294829482948295,0.6950000000000003,0.19500000000000028,0.20000000000000007
0.7000000000000001,0.29999999999999993,0.845,0.9240196078431373,0.7524950099800399,0.8294829482948295,0.7000000000000004,0.2000000000000004,0.20000000000000007
0.05,0.95,0.847,0.9393939393939394,0.7425149700598802,0.8294314381270903,0.6000000000000003,0.10000000000000031,0.45
0.2,0.8,0.849,0.9557291666666666,0.7325349301397206,0.8293785310734463,0.6250000000000002,0.12500000000000022,0.3
0.7250000000000001,0.2749999999999999,0.843,0.9114832535885168,0.7604790419161677,0.8291621327529923,0.6900000000000004,0.1900000000000004,0.2250000000000001
0.9,0.09999999999999998,0.838,0.8791946308724832,0.7844311377245509,0.8291139240506329,0.6750000000000003,0.17500000000000027,0.4
0.125,0.875,0.798,0.7195301027900147,0.9780439121756487,0.8291032148900169,0.335,0.16499999999999998,0.375
0.75,0.25,0.842,0.9054373522458629,0.7644710578842315,0.829004329004329,0.6850000000000003,0.18500000000000028,0.25
0.75,0.25,0.842,0.9054373522458629,0.7644710578842315,0.829004329004329,0.6900000000000004,0.1900000000000004,0.25
0.925,0.07499999999999996,0.837,0.8738938053097345,0.7884231536926147,0.8289611752360966,0.6700000000000004,0.17000000000000037,0.42500000000000004
0.9500000000000001,0.04999999999999993,0.837,0.8738938053097345,0.7884231536926147,0.8289611752360966,0.6750000000000003,0.17500000000000027,0.45000000000000007
0.775,0.22499999999999998,0.841,0.8995327102803738,0.7684630738522954,0.8288482238966631,0.6800000000000004,0.18000000000000038,0.275
0.42500000000000004,0.575,0.848,0.9509043927648578,0.7345309381237525,0.8288288288288288,0.6700000000000004,0.17000000000000037,0.07499999999999996
0.9750000000000001,0.02499999999999991,0.836,0.8687089715536105,0.7924151696606786,0.8288100208768268,0.6700000000000004,0.17000000000000037,0.4750000000000001
0.275,0.725,0.797,0.7178362573099415,0.9800399201596807,0.8286919831223629,0.305,0.195,0.22499999999999998
0.9500000000000001,0.04999999999999993,0.836,0.8703296703296703,0.7904191616766467,0.8284518828451883,0.6700000000000004,0.17000000000000037,0.45000000000000007
0.325,0.675,0.848,0.9532467532467532,0.7325349301397206,0.8284424379232506,0.6500000000000004,0.15000000000000036,0.175
0.525,0.475,0.847,0.9461538461538461,0.7365269461077845,0.8282828282828283,0.6800000000000004,0.18000000000000038,0.025000000000000022
0.925,0.07499999999999996,0.837,0.8772321428571429,0.7844311377245509,0.8282402528977871,0.6750000000000003,0.17500000000000027,0.42500000000000004
0.925,0.07499999999999996,0.837,0.8772321428571429,0.7844311377245509,0.8282402528977871,0.6800000000000004,0.18000000000000038,0.42500000000000004
0.8500000000000001,0.1499999999999999,0.839,0.8899082568807339,0.7744510978043913,0.8281750266808965,0.6800000000000004,0.18000000000000038,0.3500000000000001
0.775,0.22499999999999998,0.841,0.9033018867924528,0.7644710578842315,0.8281081081081081,0.6850000000000003,0.18500000000000028,0.275
0.875,0.125,0.838,0.8843537414965986,0.7784431137724551,0.8280254777070064,0.6800000000000004,0.18000000000000038,0.375
1.0,0.0,0.835,0.8668122270742358,0.7924151696606786,0.8279457768508863,0.6700000000000004,0.17000000000000037,0.5
0.15000000000000002,0.85,0.847,0.9484536082474226,0.7345309381237525,0.8278965129358831,0.6150000000000002,0.11500000000000021,0.35
0.7250000000000001,0.2749999999999999,0.842,0.9112709832134293,0.7584830339321357,0.8278867102396514,0.6950000000000003,0.19500000000000028,0.2250000000000001
0.675,0.32499999999999996,0.844,0.9259259259259259,0.7485029940119761,0.8278145695364238,0.6950000000000003,0.19500000000000028,0.17500000000000004
0.775,0.22499999999999998,0.841,0.9052132701421801,0.7624750499001997,0.8277356446370531,0.6900000000000004,0.1900000000000004,0.275
0.0,1.0,0.796,0.7174231332357247,0.9780439121756487,0.8277027027027027,0.35500000000000004,0.14499999999999996,0.5
0.35000000000000003,0.6499999999999999,0.848,0.958005249343832,0.7285429141716567,0.8276643990929705,0.6600000000000004,0.16000000000000036,0.14999999999999997
0.375,0.625,0.848,0.958005249343832,0.7285429141716567,0.8276643990929705,0.6650000000000003,0.16500000000000026,0.125
0.7250000000000001,0.2749999999999999,0.843,0.9195121951219513,0.7524950099800399,0.827661909989023,0.7000000000000004,0.2000000000000004,0.2250000000000001
0.9750000000000001,0.02499999999999991,0.835,0.868421052631579,0.7904191616766467,0.8275862068965517,0.6750000000000003,0.17500000000000027,0.4750000000000001
1.0,0.0,0.835,0.868421052631579,0.7904191616766467,0.8275862068965517,0.6750000000000003,0.17500000000000027,0.5
0.15000000000000002,0.85,0.795,0.7151162790697675,0.9820359281437125,0.8275862068965517,0.325,0.175,0.35
0.125,0.875,0.847,0.9507772020725389,0.7325349301397206,0.8275084554678692,0.6150000000000002,0.11500000000000021,0.375
0.17500000000000002,0.825,0.847,0.9507772020725389,0.7325349301397206,0.8275084554678692,0.6200000000000003,0.12000000000000033,0.32499999999999996
0.4,0.6,0.847,0.9507772020725389,0.7325349301397206,0.8275084554678692,0.6650000000000003,0.16500000000000026,0.09999999999999998
0.47500000000000003,0.5249999999999999,0.847,0.9507772020725389,0.7325349301397206,0.8275084554678692,0.6800000000000004,0.18000000000000038,0.024999999999999967
0.65,0.35,0.844,0.9280397022332506,0.7465069860279441,0.827433628318584,0.6950000000000003,0.19500000000000028,0.15000000000000002
0.675,0.32499999999999996,0.844,0.9280397022332506,0.7465069860279441,0.827433628318584,0.7000000000000004,0.2000000000000004,0.17500000000000004
0.05,0.95,0.796,0.7180616740088106,0.9760479041916168,0.8274111675126904,0.35000000000000003,0.14999999999999997,0.45
0.9500000000000001,0.04999999999999993,0.836,0.8752783964365256,0.7844311377245509,0.8273684210526315,0.6800000000000004,0.18000000000000038,0.45000000000000007
0.225,0.775,0.847,0.953125,0.7305389221556886,0.8271186440677966,0.6300000000000003,0.13000000000000034,0.275
0.07500000000000001,0.925,0.846,0.9460154241645244,0.7345309381237525,0.8269662921348314,0.6050000000000002,0.1050000000000002,0.425
0.8250000000000001,0.17499999999999993,0.838,0.8896551724137931,0.7724550898203593,0.8269230769230769,0.6800000000000004,0.18000000000000038,0.32500000000000007
0.125,0.875,0.794,0.714078374455733,0.9820359281437125,0.826890756302521,0.33,0.16999999999999998,0.375
0.9750000000000001,0.02499999999999991,0.835,0.8716814159292036,0.7864271457085829,0.8268625393494229,0.6800000000000004,0.18000000000000038,0.4750000000000001
0.2,0.8,0.793,0.7118155619596542,0.9860279441117764,0.8267782426778243,0.315,0.185,0.3
0.07500000000000001,0.925,0.795,0.717008797653959,0.9760479041916168,0.8267117497886729,0.34500000000000003,0.15499999999999997,0.425
0.25,0.75,0.794,0.7147016011644832,0.9800399201596807,0.8265993265993266,0.31,0.19,0.25
0.5750000000000001,0.42499999999999993,0.845,0.9413265306122449,0.7365269461077845,0.826427771556551,0.6900000000000004,0.1900000000000004,0.07500000000000007
1.0,0.0,0.834,0.8681318681318682,0.7884231536926147,0.8263598326359832,0.6800000000000004,0.18000000000000038,0.5
0.8,0.19999999999999996,0.839,0.8990610328638498,0.7644710578842315,0.8263214670981661,0.6850000000000003,0.18500000000000028,0.30000000000000004
0.225,0.775,0.793,0.7130434782608696,0.9820359281437125,0.8261964735516373,0.315,0.185,0.275
0.15000000000000002,0.85,0.846,0.9506493506493506,0.7305389221556886,0.8261851015801355,0.6200000000000003,0.12000000000000033,0.35
0.225,0.775,0.792,0.7107913669064748,0.9860279441117764,0.8260869565217391,0.31,0.19,0.275
0.5750000000000001,0.42499999999999993,0.844,0.9367088607594937,0.7385229540918163,0.8258928571428571,0.6850000000000003,0.18500000000000028,0.07500000000000007
0.6000000000000001,0.3999999999999999,0.844,0.9367088607594937,0.7385229540918163,0.8258928571428571,0.6900000000000004,0.1900000000000004,0.10000000000000009
0.75,0.25,0.84,0.9088729016786571,0.7564870259481038,0.8257080610021786,0.6950000000000003,0.19500000000000028,0.25
0.25,0.75,0.791,0.7091690544412608,0.9880239520958084,0.8256880733944955,0.3,0.2,0.25
0.025,0.975,0.793,0.7142857142857143,0.9780439121756487,0.8256107834877844,0.35000000000000003,0.14999999999999997,0.475
0.17500000000000002,0.825,0.792,0.7120115774240231,0.9820359281437125,0.825503355704698,0.32,0.18,0.32499999999999996
0.275,0.725,0.792,0.7120115774240231,0.9820359281437125,0.825503355704698,0.3,0.2,0.22499999999999998
0.325,0.675,0.846,0.9553805774278216,0.7265469061876247,0.8253968253968254,0.6550000000000002,0.15500000000000025,0.175
0.4,0.6,0.846,0.9553805774278216,0.7265469061876247,0.8253968253968254,0.6700000000000004,0.17000000000000037,0.09999999999999998
0.5,0.5,0.845,0.9481865284974094,0.7305389221556886,0.8252536640360767,0.6800000000000004,0.18000000000000038,0.0
0.525,0.475,0.845,0.9481865284974094,0.7305389221556886,0.8252536640360767,0.6850000000000003,0.18500000000000028,0.025000000000000022
0.775,0.22499999999999998,0.839,0.9047619047619048,0.7584830339321357,0.8251900108577633,0.6950000000000003,0.19500000000000028,0.275
0.55,0.44999999999999996,0.844,0.9411764705882353,0.7345309381237525,0.8251121076233184,0.6850000000000003,0.18500000000000028,0.050000000000000044
0.8250000000000001,0.17499999999999993,0.838,0.8988235294117647,0.7624750499001997,0.8250539956803455,0.6900000000000004,0.1900000000000004,0.32500000000000007
0.375,0.625,0.846,0.9577836411609498,0.7245508982035929,0.825,0.6700000000000004,0.17000000000000037,0.125
0.9750000000000001,0.02499999999999991,0.834,0.8747203579418344,0.780439121756487,0.8248945147679325,0.6850000000000003,0.18500000000000028,0.4750000000000001
0.875,0.125,0.836,0.8873563218390804,0.7704590818363274,0.8247863247863247,0.6850000000000003,0.18500000000000028,0.375
0.2,0.8,0.79,0.7087517934002869,0.9860279441117764,0.8247078464106845,0.31,0.19,0.3
0.275,0.725,0.845,0.9528795811518325,0.7265469061876247,0.8244620611551529,0.6400000000000003,0.14000000000000035,0.22499999999999998
0.30000000000000004,0.7,0.845,0.9528795811518325,0.7265469061876247,0.8244620611551529,0.6450000000000002,0.14500000000000024,0.19999999999999996
0.17500000000000002,0.825,0.79,0.7093525179856115,0.9840319361277445,0.8244147157190636,0.315,0.185,0.32499999999999996
0.8500000000000001,0.1499999999999999,0.836,0.8891454965357968,0.7684630738522954,0.8244111349036403,0.6850000000000003,0.18500000000000028,0.3500000000000001
0.875,0.125,0.836,0.8891454965357968,0.7684630738522954,0.8244111349036403,0.6900000000000004,0.1900000000000004,0.375
0.55,0.44999999999999996,0.844,0.9457364341085271,0.7305389221556886,0.8243243243243243,0.6900000000000004,0.1900000000000004,0.050000000000000044
0.8,0.19999999999999996,0.838,0.9026128266033254,0.7584830339321357,0.824295010845987,0.6950000000000003,0.19500000000000028,0.30000000000000004
0.05,0.95,0.791,0.7122093023255814,0.9780439121756487,0.8242220353238016,0.34500000000000003,0.15499999999999997,0.45
0.6000000000000001,0.3999999999999999,0.843,0.9387755102040817,0.7345309381237525,0.8241881298992161,0.6950000000000003,0.19500000000000028,0.10000000000000009
0.42500000000000004,0.575,0.845,0.9552631578947368,0.7245508982035929,0.8240635641316686,0.6750000000000003,0.17500000000000027,0.07499999999999996
0.625,0.375,0.842,0.9319899244332494,0.7385229540918163,0.8240534521158129,0.6950000000000003,0.19500000000000028,0.125
0.225,0.775,0.789,0.7077363896848138,0.9860279441117764,0.8240200166805671,0.305,0.195,0.275
0.1,0.9,0.844,0.948051948051948,0.7285429141716567,0.8239277652370203,0.6100000000000003,0.11000000000000032,0.4
0.0,1.0,0.79,0.7105643994211288,0.9800399201596807,0.8238255033557047,0.35000000000000003,0.14999999999999997,0.5
0.0,1.0,0.843,0.941025641025641,0.7325349301397206,0.8237934904601572,0.6000000000000003,0.10000000000000031,0.5
0.8250000000000001,0.17499999999999993,0.837,0.8985849056603774,0.7604790419161677,0.8237837837837838,0.6950000000000003,0.19500000000000028,0.32500000000000007
0.2,0.8,0.845,0.9576719576719577,0.7225548902195609,0.8236632536973834,0.6300000000000003,0.13000000000000034,0.3
1.0,0.0,0.832,0.8691796008869179,0.782435129740519,0.8235294117647058,0.6850000000000003,0.18500000000000028,0.5
0.25,0.75,0.789,0.7089337175792507,0.9820359281437125,0.8234309623430962,0.305,0.195,0.25
0.8,0.19999999999999996,0.837,0.9004739336492891,0.7584830339321357,0.8234019501625135,0.6900000000000004,0.1900000000000004,0.30000000000000004
0.9500000000000001,0.04999999999999993,0.833,0.8761261261261262,0.7764471057884231,0.8232804232804233,0.6850000000000003,0.18500000000000028,0.45000000000000007
0.75,0.25,0.838,0.908433734939759,0.7524950099800399,0.8231441048034934,0.7000000000000004,0.2000000000000004,0.25
0.125,0.875,0.844,0.952755905511811,0.7245508982035929,0.8231292517006803,0.6200000000000003,0.12000000000000033,0.375
0.9,0.09999999999999998,0.834,0.8832951945080092,0.7704590818363274,0.8230277185501066,0.6850000000000003,0.18500000000000028,0.4
0.55,0.44999999999999996,0.843,0.9455958549222798,0.7285429141716567,0.8229988726042841,0.6950000000000003,0.19500000000000028,0.050000000000000044
0.925,0.07499999999999996,0.833,0.8778280542986425,0.7744510978043913,0.8229056203605515,0.6850000000000003,0.18500000000000028,0.42500000000000004
0.8250000000000001,0.17499999999999993,0.835,0.8906976744186047,0.7644710578842315,0.8227712137486574,0.6850000000000003,0.18500000000000028,0.32500000000000007
0.8500000000000001,0.1499999999999999,0.835,0.8906976744186047,0.7644710578842315,0.8227712137486574,0.6900000000000004,0.1900000000000004,0.3500000000000001
0.5,0.5,0.843,0.9479166666666666,0.7265469061876247,0.8225988700564971,0.6850000000000003,0.18500000000000028,0.0
0.07500000000000001,0.925,0.789,0.7107558139534884,0.9760479041916168,0.8225399495374264,0.34,0.15999999999999998,0.425
0.5750000000000001,0.42499999999999993,0.842,0.9408740359897172,0.7305389221556886,0.8224719101123595,0.6950000000000003,0.19500000000000028,0.07500000000000007
0.025,0.975,0.841,0.934010152284264,0.7345309381237525,0.8223463687150838,0.6000000000000003,0.10000000000000031,0.475
0.4,0.6,0.844,0.9575596816976127,0.720558882235529,0.8223234624145785,0.6750000000000003,0.17500000000000027,0.09999999999999998
0.925,0.07499999999999996,0.833,0.8812785388127854,0.7704590818363274,0.8221512247071352,0.6900000000000004,0.1900000000000004,0.42500000000000004
0.05,0.95,0.842,0.9431524547803618,0.7285429141716567,0.8220720720720721,0.6050000000000002,0.1050000000000002,0.45
0.625,0.375,0.841,0.9362244897959183,0.7325349301397206,0.8219484882418813,0.7000000000000004,0.2000000000000004,0.125
0.9,0.09999999999999998,0.834,0.888631090487239,0.7644710578842315,0.8218884120171673,0.6950000000000003,0.19500000000000028,0.4
0.17500000000000002,0.825,0.843,0.9526315789473684,0.7225548902195609,0.8217934165720772,0.6250000000000002,0.12500000000000022,0.32499999999999996
0.15000000000000002,0.85,0.843,0.9526315789473684,0.7225548902195609,0.8217934165720772,0.6250000000000002,0.12500000000000022,0.35
0.25,0.75,0.843,0.9526315789473684,0.7225548902195609,0.8217934165720772,0.6350000000000002,0.13500000000000023,0.25
0.225,0.775,0.785,0.703125,0.9880239520958084,0.8215767634854771,0.3,0.2,0.275
0.65,0.35,0.84,0.9316455696202531,0.7345309381237525,0.8214285714285714,0.7000000000000004,0.2000000000000004,0.15000000000000002
0.225,0.775,0.843,0.955026455026455,0.720558882235529,0.8213879408418657,0.6350000000000002,0.13500000000000023,0.275
0.42500000000000004,0.575,0.843,0.955026455026455,0.720558882235529,0.8213879408418657,0.6800000000000004,0.18000000000000038,0.07499999999999996
0.775,0.22499999999999998,0.836,0.9040767386091128,0.7524950099800399,0.8213507625272332,0.7000000000000004,0.2000000000000004,0.275
0.525,0.475,0.842,0.9477806788511749,0.7245508982035929,0.8212669683257918,0.6900000000000004,0.1900000000000004,0.025000000000000022
0.925,0.07499999999999996,0.833,0.8865740740740741,0.7644710578842315,0.8210075026795284,0.7000000000000004,0.2000000000000004,0.42500000000000004
0.35000000000000003,0.6499999999999999,0.843,0.9574468085106383,0.718562874251497,0.8209806157354618,0.6650000000000003,0.16500000000000026,0.14999999999999997
0.05,0.95,0.842,0.9501312335958005,0.7225548902195609,0.8208616780045351,0.6100000000000003,0.11000000000000032,0.45
0.1,0.9,0.842,0.9501312335958005,0.7225548902195609,0.8208616780045351,0.6150000000000002,0.11500000000000021,0.4
0.45,0.55,0.842,0.9501312335958005,0.7225548902195609,0.8208616780045351,0.6800000000000004,0.18000000000000038,0.04999999999999999
0.1,0.9,0.786,0.7070707070707071,0.9780439121756487,0.8207705192629816,0.335,0.16499999999999998,0.4
0.9,0.09999999999999998,0.833,0.8883720930232558,0.7624750499001997,0.8206229860365198,0.7000000000000004,0.2000000000000004,0.4
0.9,0.09999999999999998,0.832,0.8827586206896552,0.7664670658682635,0.8205128205128205,0.6900000000000004,0.1900000000000004,0.4
0.8,0.19999999999999996,0.835,0.9019138755980861,0.7524950099800399,0.8204570184983678,0.7000000000000004,0.2000000000000004,0.30000000000000004
0.8500000000000001,0.1499999999999999,0.834,0.8959810874704491,0.7564870259481038,0.8203463203463204,0.7000000000000004,0.2000000000000004,0.3500000000000001
0.8500000000000001,0.1499999999999999,0.833,0.8901869158878505,0.7604790419161677,0.8202368137782562,0.6950000000000003,0.19500000000000028,0.3500000000000001
0.15000000000000002,0.85,0.784,0.703862660944206,0.9820359281437125,0.82,0.32,0.18,0.35
0.07500000000000001,0.925,0.841,0.9476439790575916,0.7225548902195609,0.8199320498301246,0.6100000000000003,0.11000000000000032,0.425
0.525,0.475,0.841,0.9476439790575916,0.7225548902195609,0.8199320498301246,0.6950000000000003,0.19500000000000028,0.025000000000000022
0.55,0.44999999999999996,0.841,0.9476439790575916,0.7225548902195609,0.8199320498301246,0.7000000000000004,0.2000000000000004,0.050000000000000044
0.4,0.6,0.842,0.9573333333333334,0.716566866267465,0.819634703196347,0.6800000000000004,0.18000000000000038,0.09999999999999998
0.42500000000000004,0.575,0.842,0.9573333333333334,0.716566866267465,0.819634703196347,0.6850000000000003,0.18500000000000028,0.07499999999999996
0.8250000000000001,0.17499999999999993,0.834,0.8997613365155132,0.7524950099800399,0.8195652173913044,0.7000000000000004,0.2000000000000004,0.32500000000000007
0.47500000000000003,0.5249999999999999,0.841,0.95,0.720558882235529,0.8195232690124858,0.6850000000000003,0.18500000000000028,0.024999999999999967
0.5,0.5,0.841,0.95,0.720558882235529,0.8195232690124858,0.6900000000000004,0.1900000000000004,0.0
1.0,0.0,0.829,0.8699551569506726,0.7744510978043913,0.8194297782470961,0.6900000000000004,0.1900000000000004,0.5
0.5750000000000001,0.42499999999999993,0.84,0.9428571428571428,0.7245508982035929,0.8194130925507901,0.7000000000000004,0.2000000000000004,0.07500000000000007
0.025,0.975,0.784,0.7050359712230215,0.9780439121756487,0.8193979933110368,0.34500000000000003,0.15499999999999997,0.475
0.05,0.95,0.784,0.7050359712230215,0.9780439121756487,0.8193979933110368,0.34,0.15999999999999998,0.45
0.875,0.125,0.832,0.8881118881118881,0.7604790419161677,0.8193548387096774,0.6950000000000003,0.19500000000000028,0.375
0.2,0.8,0.782,0.700709219858156,0.9860279441117764,0.8192371475953566,0.305,0.195,0.3
0.9500000000000001,0.04999999999999993,0.83,0.876993166287016,0.7684630738522954,0.8191489361702128,0.6950000000000003,0.19500000000000028,0.45000000000000007
0.9750000000000001,0.02499999999999991,0.83,0.876993166287016,0.7684630738522954,0.8191489361702128,0.7000000000000004,0.2000000000000004,0.4750000000000001
0.025,0.975,0.783,0.7034383954154728,0.9800399201596807,0.8190158465387823,0.34,0.15999999999999998,0.475
0.875,0.125,0.832,0.8899297423887588,0.7584830339321357,0.8189655172413793,0.7000000000000004,0.2000000000000004,0.375
0.6000000000000001,0.3999999999999999,0.839,0.9381443298969072,0.7265469061876247,0.8188976377952756,0.7000000000000004,0.2000000000000004,0.10000000000000009
0.9500000000000001,0.04999999999999993,0.83,0.8787185354691075,0.7664670658682635,0.8187633262260128,0.7000000000000004,0.2000000000000004,0.45000000000000007
0.07500000000000001,0.925,0.783,0.7040229885057471,0.9780439121756487,0.8187134502923976,0.335,0.16499999999999998,0.425
0.45,0.55,0.841,0.9547872340425532,0.716566866267465,0.8187001140250855,0.6850000000000003,0.18500000000000028,0.04999999999999999
0.025,0.975,0.84,0.94750656167979,0.720558882235529,0.81859410430839,0.6050000000000002,0.1050000000000002,0.475
0.925,0.07499999999999996,0.83,0.8804597701149425,0.7644710578842315,0.8183760683760684,0.6950000000000003,0.19500000000000028,0.42500000000000004
0.0,1.0,0.782,0.7024320457796852,0.9800399201596807,0.8183333333333334,0.34500000000000003,0.15499999999999997,0.5
0.9500000000000001,0.04999999999999993,0.829,0.875,0.7684630738522954,0.8182784272051009,0.6900000000000004,0.1900000000000004,0.45000000000000007
0.9750000000000001,0.02499999999999991,0.829,0.875,0.7684630738522954,0.8182784272051009,0.6950000000000003,0.19500000000000028,0.4750000000000001
0.1,0.9,0.781,0.7008547008547008,0.9820359281437125,0.8179551122194514,0.33,0.16999999999999998,0.4
0.17500000000000002,0.825,0.78,0.6987270155586988,0.9860279441117764,0.8178807947019867,0.31,0.19,0.32499999999999996
0.275,0.725,0.84,0.9522546419098143,0.716566866267465,0.8177676537585421,0.6450000000000002,0.14500000000000024,0.22499999999999998
0.30000000000000004,0.7,0.84,0.9522546419098143,0.716566866267465,0.8177676537585421,0.6500000000000004,0.15000000000000036,0.19999999999999996
0.9750000000000001,0.02499999999999991,0.828,0.873015873015873,0.7684630738522954,0.8174097664543525,0.6900000000000004,0.1900000000000004,0.4750000000000001
1.0,0.0,0.828,0.873015873015873,0.7684630738522954,0.8174097664543525,0.6950000000000003,0.19500000000000028,0.5
1.0,0.0,0.828,0.873015873015873,0.7684630738522954,0.8174097664543525,0.7000000000000004,0.2000000000000004,0.5
0.125,0.875,0.84,0.9546666666666667,0.7145708582834331,0.817351598173516,0.6250000000000002,0.12500000000000022,0.375
0.17500000000000002,0.825,0.84,0.9546666666666667,0.7145708582834331,0.817351598173516,0.6300000000000003,0.13000000000000034,0.32499999999999996
0.25,0.75,0.84,0.9546666666666667,0.7145708582834331,0.817351598173516,0.6400000000000003,0.14000000000000035,0.25
0.25,0.75,0.84,0.9571045576407506,0.7125748502994012,0.816933638443936,0.6450000000000002,0.14500000000000024,0.25
0.275,0.725,0.84,0.9571045576407506,0.7125748502994012,0.816933638443936,0.6500000000000004,0.15000000000000036,0.22499999999999998
0.5,0.5,0.839,0.9497354497354498,0.716566866267465,0.8168373151308305,0.6950000000000003,0.19500000000000028,0.0
0.125,0.875,0.779,0.6988636363636364,0.9820359281437125,0.816597510373444,0.325,0.175,0.375
0.05,0.95,0.779,0.6994301994301995,0.9800399201596807,0.8162926018287614,0.335,0.16499999999999998,0.45
0.05,0.95,0.839,0.9545454545454546,0.7125748502994012,0.816,0.6150000000000002,0.11500000000000021,0.45
0.30000000000000004,0.7,0.839,0.9545454545454546,0.7125748502994012,0.816,0.6550000000000002,0.15500000000000025,0.19999999999999996
0.1,0.9,0.778,0.6978723404255319,0.9820359281437125,0.8159203980099502,0.325,0.175,0.4
0.325,0.675,0.839,0.956989247311828,0.7105788423153693,0.8155784650630011,0.6600000000000004,0.16000000000000036,0.175
0.375,0.625,0.839,0.956989247311828,0.7105788423153693,0.8155784650630011,0.6750000000000003,0.17500000000000027,0.125
0.15000000000000002,0.85,0.777,0.6963276836158192,0.9840319361277445,0.815550041356493,0.315,0.185,0.35
0.47500000000000003,0.5249999999999999,0.838,0.9496021220159151,0.7145708582834331,0.8154897494305239,0.6900000000000004,0.1900000000000004,0.024999999999999967
0.07500000000000001,0.925,0.838,0.952,0.7125748502994012,0.815068493150685,0.6150000000000002,0.11500000000000021,0.425
0.125,0.875,0.776,0.6953455571227081,0.9840319361277445,0.8148760330578513,0.32,0.18,0.375
0.45,0.55,0.838,0.9544235924932976,0.7105788423153693,0.8146453089244852,0.6900000000000004,0.1900000000000004,0.04999999999999999
0.025,0.975,0.837,0.9470899470899471,0.7145708582834331,0.8145620022753128,0.6100000000000003,0.11000000000000032,0.475
0.07500000000000001,0.925,0.838,0.9568733153638814,0.7085828343313373,0.8142201834862385,0.6200000000000003,0.12000000000000033,0.425
0.225,0.775,0.838,0.9568733153638814,0.7085828343313373,0.8142201834862385,0.6400000000000003,0.14000000000000035,0.275
0.15000000000000002,0.85,0.775,0.6943661971830986,0.9840319361277445,0.8142031379025598,0.31,0.19,0.35
0.2,0.8,0.774,0.6923076923076923,0.9880239520958084,0.8141447368421053,0.3,0.2,0.3
0.1,0.9,0.837,0.949468085106383,0.7125748502994012,0.814139110604333,0.6200000000000003,0.12000000000000033,0.4
0.0,1.0,0.836,0.9422572178477691,0.716566866267465,0.8140589569160998,0.6050000000000002,0.1050000000000002,0.5
0.05,0.95,0.775,0.6949152542372882,0.9820359281437125,0.8138957816377171,0.33,0.16999999999999998,0.45
0.17500000000000002,0.825,0.773,0.6913407821229051,0.9880239520958084,0.8134757600657354,0.305,0.195,0.32499999999999996
0.35000000000000003,0.6499999999999999,0.838,0.9618528610354223,0.7045908183632734,0.8133640552995391,0.6700000000000004,0.17000000000000037,0.14999999999999997
0.1,0.9,0.837,0.9543010752688172,0.7085828343313373,0.8132875143184422,0.6250000000000002,0.12500000000000022,0.4
0.1,0.9,0.773,0.6918767507002801,0.9860279441117764,0.8131687242798354,0.32,0.18,0.4
0.0,1.0,0.774,0.6944837340876945,0.9800399201596807,0.8129139072847682,0.34,0.15999999999999998,0.5
0.07500000000000001,0.925,0.774,0.6944837340876945,0.9800399201596807,0.8129139072847682,0.33,0.16999999999999998,0.425
0.07500000000000001,0.925,0.773,0.6924157303370787,0.9840319361277445,0.8128606760098929,0.325,0.175,0.425
0.125,0.875,0.773,0.6924157303370787,0.9840319361277445,0.8128606760098929,0.315,0.185,0.375
0.2,0.8,0.837,0.9567567567567568,0.7065868263473054,0.8128587830080367,0.6350000000000002,0.13500000000000023,0.3
0.25,0.75,0.837,0.9567567567567568,0.7065868263473054,0.8128587830080367,0.6500000000000004,0.15000000000000036,0.25
0.17500000000000002,0.825,0.771,0.6894150417827298,0.9880239520958084,0.8121410992616899,0.3,0.2,0.32499999999999996
0.1,0.9,0.837,0.9617486338797814,0.7025948103792415,0.81199538638985,0.6300000000000003,0.13000000000000034,0.4
0.30000000000000004,0.7,0.837,0.9617486338797814,0.7025948103792415,0.81199538638985,0.6600000000000004,0.16000000000000036,0.19999999999999996
0.325,0.675,0.837,0.9617486338797814,0.7025948103792415,0.81199538638985,0.6650000000000003,0.16500000000000026,0.175
0.4,0.6,0.837,0.9617486338797814,0.7025948103792415,0.81199538638985,0.6850000000000003,0.18500000000000028,0.09999999999999998
0.15000000000000002,0.85,0.836,0.954177897574124,0.7065868263473054,0.8119266055045872,0.6300000000000003,0.13000000000000034,0.35
0.47500000000000003,0.5249999999999999,0.836,0.954177897574124,0.7065868263473054,0.8119266055045872,0.6950000000000003,0.19500000000000028,0.024999999999999967
0.525,0.475,0.835,0.9468085106382979,0.7105788423153693,0.8118586088939567,0.7000000000000004,0.2000000000000004,0.025000000000000022
0.025,0.975,0.772,0.692524682651622,0.9800399201596807,0.8115702479338843,0.335,0.16499999999999998,0.475
0.275,0.725,0.836,0.9566395663956639,0.7045908183632734,0.8114942528735632,0.6550000000000002,0.15500000000000025,0.22499999999999998
0.025,0.975,0.835,0.9491978609625669,0.7085828343313373,0.8114285714285714,0.6150000000000002,0.11500000000000021,0.475
0.1,0.9,0.77,0.6889818688981869,0.9860279441117764,0.8111658456486043,0.315,0.185,0.4
0.17500000000000002,0.825,0.836,0.9591280653950953,0.7025948103792415,0.8110599078341014,0.6350000000000002,0.13500000000000023,0.32499999999999996
0.5,0.5,0.835,0.9516129032258065,0.7065868263473054,0.8109965635738832,0.7000000000000004,0.2000000000000004,0.0
0.05,0.95,0.835,0.9565217391304348,0.7025948103792415,0.810126582278481,0.6200000000000003,0.12000000000000033,0.45
0.125,0.875,0.835,0.9565217391304348,0.7025948103792415,0.810126582278481,0.6300000000000003,0.13000000000000034,0.375
0.125,0.875,0.768,0.6870653685674548,0.9860279441117764,0.8098360655737705,0.31,0.19,0.375
0.275,0.725,0.835,0.9590163934426229,0.7005988023952096,0.8096885813148789,0.6600000000000004,0.16000000000000036,0.22499999999999998
0.42500000000000004,0.575,0.835,0.9590163934426229,0.7005988023952096,0.8096885813148789,0.6900000000000004,0.1900000000000004,0.07499999999999996
0.375,0.625,0.835,0.9615384615384616,0.6986027944111777,0.8092485549132948,0.6800000000000004,0.18000000000000038,0.125
0.45,0.55,0.834,0.9539295392953929,0.7025948103792415,0.8091954022988506,0.6950000000000003,0.19500000000000028,0.04999999999999999
0.0,1.0,0.768,0.6886395511921458,0.9800399201596807,0.8088962108731467,0.335,0.16499999999999998,0.5
0.07500000000000001,0.925,0.834,0.9564032697547684,0.7005988023952096,0.8087557603686636,0.6250000000000002,0.12500000000000022,0.425
0.2,0.8,0.834,0.9564032697547684,0.7005988023952096,0.8087557603686636,0.6400000000000003,0.14000000000000035,0.3
0.025,0.975,0.767,0.6871508379888268,0.9820359281437125,0.8085456039441249,0.33,0.16999999999999998,0.475
0.125,0.875,0.766,0.6851595006934813,0.9860279441117764,0.8085106382978723,0.305,0.195,0.375
0.125,0.875,0.834,0.9614325068870524,0.6966067864271457,0.8078703703703703,0.6350000000000002,0.13500000000000023,0.375
0.30000000000000004,0.7,0.834,0.9614325068870524,0.6966067864271457,0.8078703703703703,0.6650000000000003,0.16500000000000026,0.19999999999999996
0.47500000000000003,0.5249999999999999,0.833,0.9538043478260869,0.7005988023952096,0.807825086306099,0.7000000000000004,0.2000000000000004,0.024999999999999967
0.15000000000000002,0.85,0.765,0.6847222222222222,0.9840319361277445,0.8075348075348076,0.305,0.195,0.35
0.225,0.775,0.833,0.9562841530054644,0.6986027944111777,0.8073817762399077,0.6450000000000002,0.14500000000000024,0.275
0.15000000000000002,0.85,0.764,0.6832641770401107,0.9860279441117764,0.8071895424836601,0.3,0.2,0.35
0.07500000000000001,0.925,0.764,0.6837725381414702,0.9840319361277445,0.806873977086743,0.32,0.18,0.425
0.0,1.0,0.831,0.9438502673796791,0.7045908183632734,0.8068571428571428,0.6100000000000003,0.11000000000000032,0.5
0.0,1.0,0.764,0.6842837273991655,0.9820359281437125,0.8065573770491803,0.33,0.16999999999999998,0.5
0.325,0.675,0.833,0.9613259668508287,0.6946107784431138,0.8064889918887601,0.6700000000000004,0.17000000000000037,0.175
0.35000000000000003,0.6499999999999999,0.833,0.9613259668508287,0.6946107784431138,0.8064889918887601,0.6750000000000003,0.17500000000000027,0.14999999999999997
0.25,0.75,0.832,0.9561643835616438,0.6966067864271457,0.8060046189376443,0.6550000000000002,0.15500000000000025,0.25
0.05,0.95,0.763,0.6833333333333333,0.9820359281437125,0.8058968058968059,0.325,0.175,0.45
0.025,0.975,0.763,0.6833333333333333,0.9820359281437125,0.8058968058968059,0.325,0.175,0.475
0.07500000000000001,0.925,0.832,0.9586776859504132,0.6946107784431138,0.8055555555555556,0.6300000000000003,0.13000000000000034,0.425
0.15000000000000002,0.85,0.832,0.9586776859504132,0.6946107784431138,0.8055555555555556,0.6350000000000002,0.13500000000000023,0.35
0.07500000000000001,0.925,0.761,0.6804407713498623,0.9860279441117764,0.8052159739201304,0.315,0.185,0.425
0.1,0.9,0.832,0.961218836565097,0.6926147704590818,0.8051044083526682,0.6350000000000002,0.13500000000000023,0.4
0.42500000000000004,0.575,0.832,0.961218836565097,0.6926147704590818,0.8051044083526682,0.6950000000000003,0.19500000000000028,0.07499999999999996
0.45,0.55,0.832,0.961218836565097,0.6926147704590818,0.8051044083526682,0.7000000000000004,0.2000000000000004,0.04999999999999999
0.025,0.975,0.831,0.953551912568306,0.6966067864271457,0.8050749711649365,0.6200000000000003,0.12000000000000033,0.475
0.225,0.775,0.831,0.9560439560439561,0.6946107784431138,0.8046242774566474,0.6500000000000004,0.15000000000000036,0.275
0.1,0.9,0.76,0.6795048143053645,0.9860279441117764,0.8045602605863192,0.31,0.19,0.4
0.025,0.975,0.759,0.6790633608815427,0.9840319361277445,0.8035859820700897,0.32,0.18,0.475
0.07500000000000001,0.925,0.757,0.6762295081967213,0.9880239520958084,0.8029197080291971,0.31,0.19,0.425
0.17500000000000002,0.825,0.83,0.9584487534626038,0.6906187624750499,0.802784222737819,0.6400000000000003,0.14000000000000035,0.32499999999999996
0.2,0.8,0.83,0.9584487534626038,0.6906187624750499,0.802784222737819,0.6450000000000002,0.14500000000000024,0.3
0.05,0.95,0.758,0.6786206896551724,0.9820359281437125,0.802610114192496,0.32,0.18,0.45
0.15000000000000002,0.85,0.83,0.9610027855153204,0.688622754491018,0.8023255813953488,0.6400000000000003,0.14000000000000035,0.35
0.30000000000000004,0.7,0.83,0.9610027855153204,0.688622754491018,0.8023255813953488,0.6700000000000004,0.17000000000000037,0.19999999999999996
0.05,0.95,0.829,0.9558011049723757,0.6906187624750499,0.8018539976825029,0.6250000000000002,0.12500000000000022,0.45
0.0,1.0,0.756,0.6762688614540466,0.9840319361277445,0.8016260162601626,0.325,0.175,0.5
0.05,0.95,0.756,0.6762688614540466,0.9840319361277445,0.8016260162601626,0.315,0.185,0.45
0.125,0.875,0.83,0.9661971830985916,0.6846307385229541,0.8014018691588785,0.6400000000000003,0.14000000000000035,0.375
0.275,0.725,0.829,0.9608938547486033,0.6866267465069861,0.8009313154831199,0.6650000000000003,0.16500000000000026,0.22499999999999998
0.325,0.675,0.829,0.9608938547486033,0.6866267465069861,0.8009313154831199,0.6750000000000003,0.17500000000000027,0.175
0.35000000000000003,0.6499999999999999,0.829,0.9608938547486033,0.6866267465069861,0.8009313154831199,0.6800000000000004,0.18000000000000038,0.14999999999999997
0.1,0.9,0.754,0.6739427012278308,0.9860279441117764,0.8006482982171799,0.305,0.195,0.4
0.125,0.875,0.754,0.6739427012278308,0.9860279441117764,0.8006482982171799,0.3,0.2,0.375
0.225,0.775,0.828,0.958217270194986,0.6866267465069861,0.8,0.6550000000000002,0.15500000000000025,0.275
0.05,0.95,0.752,0.6716417910447762,0.9880239520958084,0.7996768982229402,0.31,0.19,0.45
0.07500000000000001,0.925,0.752,0.6716417910447762,0.9880239520958084,0.7996768982229402,0.305,0.195,0.425
0.1,0.9,0.752,0.6716417910447762,0.9880239520958084,0.7996768982229402,0.3,0.2,0.4
0.1,0.9,0.828,0.9607843137254902,0.6846307385229541,0.7995337995337995,0.6400000000000003,0.14000000000000035,0.4
0.375,0.625,0.828,0.9607843137254902,0.6846307385229541,0.7995337995337995,0.6850000000000003,0.18500000000000028,0.125
0.17500000000000002,0.825,0.828,0.9633802816901409,0.6826347305389222,0.7990654205607477,0.6450000000000002,0.14500000000000024,0.32499999999999996
0.0,1.0,0.752,0.6725784447476125,0.9840319361277445,0.7990275526742301,0.32,0.18,0.5
0.2,0.8,0.827,0.9581005586592178,0.6846307385229541,0.7986030267753201,0.6500000000000004,0.15000000000000036,0.3
0.25,0.75,0.827,0.9581005586592178,0.6846307385229541,0.7986030267753201,0.6600000000000004,0.16000000000000036,0.25
0.15000000000000002,0.85,0.828,0.9660056657223796,0.6806387225548902,0.7985948477751756,0.6450000000000002,0.14500000000000024,0.35
0.025,0.975,0.751,0.6716621253405994,0.9840319361277445,0.7983805668016194,0.315,0.185,0.475
0.0,1.0,0.825,0.9478021978021978,0.688622754491018,0.7976878612716763,0.6150000000000002,0.11500000000000021,0.5
0.325,0.675,0.826,0.9605633802816902,0.6806387225548902,0.7967289719626168,0.6800000000000004,0.18000000000000038,0.175
0.4,0.6,0.826,0.9605633802816902,0.6806387225548902,0.7967289719626168,0.6900000000000004,0.1900000000000004,0.09999999999999998
0.05,0.95,0.825,0.9578651685393258,0.6806387225548902,0.7957992998833139,0.6300000000000003,0.13000000000000034,0.45
0.07500000000000001,0.925,0.825,0.9578651685393258,0.6806387225548902,0.7957992998833139,0.6350000000000002,0.13500000000000023,0.425
0.125,0.875,0.826,0.9658119658119658,0.6766467065868264,0.795774647887324,0.6450000000000002,0.14500000000000024,0.375
0.17500000000000002,0.825,0.826,0.9658119658119658,0.6766467065868264,0.795774647887324,0.6500000000000004,0.15000000000000036,0.32499999999999996
0.30000000000000004,0.7,0.825,0.96045197740113,0.6786427145708582,0.7953216374269005,0.6750000000000003,0.17500000000000027,0.19999999999999996
0.05,0.95,0.745,0.6653225806451613,0.9880239520958084,0.7951807228915663,0.305,0.195,0.45
0.07500000000000001,0.925,0.745,0.6653225806451613,0.9880239520958084,0.7951807228915663,0.3,0.2,0.425
0.0,1.0,0.746,0.6671177266576455,0.9840319361277445,0.7951612903225806,0.315,0.185,0.5
0.07500000000000001,0.925,0.825,0.9630681818181818,0.6766467065868264,0.794841735052755,0.6400000000000003,0.14000000000000035,0.425
0.2,0.8,0.825,0.9630681818181818,0.6766467065868264,0.794841735052755,0.6550000000000002,0.15500000000000025,0.3
0.225,0.775,0.825,0.9630681818181818,0.6766467065868264,0.794841735052755,0.6600000000000004,0.16000000000000036,0.275
0.42500000000000004,0.575,0.824,0.9603399433427762,0.6766467065868264,0.7939110070257611,0.7000000000000004,0.2000000000000004,0.07499999999999996
0.025,0.975,0.742,0.6635262449528937,0.9840319361277445,0.792604501607717,0.31,0.19,0.475
0.25,0.75,0.823,0.9602272727272727,0.6746506986027944,0.7924970691676436,0.6650000000000003,0.16500000000000026,0.25
0.35000000000000003,0.6499999999999999,0.823,0.9602272727272727,0.6746506986027944,0.7924970691676436,0.6850000000000003,0.18500000000000028,0.14999999999999997
0.1,0.9,0.823,0.9628571428571429,0.6726546906187625,0.7920094007050529,0.6450000000000002,0.14500000000000024,0.4
0.0,1.0,0.74,0.661744966442953,0.9840319361277445,0.7913322632423756,0.31,0.19,0.5
0.375,0.625,0.822,0.9601139601139601,0.6726546906187625,0.7910798122065728,0.6900000000000004,0.1900000000000004,0.125
0.15000000000000002,0.85,0.823,0.9682080924855492,0.6686626746506986,0.7910271546635183,0.6500000000000004,0.15000000000000036,0.35
0.2,0.8,0.823,0.9682080924855492,0.6686626746506986,0.7910271546635183,0.6600000000000004,0.16000000000000036,0.3
0.0,1.0,0.82,0.947075208913649,0.6786427145708582,0.7906976744186046,0.6200000000000003,0.12000000000000033,0.5
0.05,0.95,0.737,0.6582446808510638,0.9880239520958084,0.7901037509976058,0.3,0.2,0.45
0.025,0.975,0.82,0.952112676056338,0.6746506986027944,0.7897196261682243,0.6250000000000002,0.12500000000000022,0.475
0.275,0.725,0.821,0.96,0.6706586826347305,0.7896592244418331,0.6700000000000004,0.17000000000000037,0.22499999999999998
0.17500000000000002,0.825,0.822,0.9681159420289855,0.6666666666666666,0.789598108747045,0.6550000000000002,0.15500000000000025,0.32499999999999996
0.0,1.0,0.819,0.9519774011299436,0.6726546906187625,0.7883040935672515,0.6300000000000003,0.13000000000000034,0.5
0.025,0.975,0.735,0.6573333333333333,0.9840319361277445,0.7881694644284573,0.305,0.195,0.475
0.0,1.0,0.735,0.6573333333333333,0.9840319361277445,0.7881694644284573,0.305,0.195,0.5
0.15000000000000002,0.85,0.821,0.9680232558139535,0.6646706586826348,0.7881656804733728,0.6550000000000002,0.15500000000000025,0.35
0.17500000000000002,0.825,0.821,0.9707602339181286,0.6626746506986028,0.7876631079478055,0.6600000000000004,0.16000000000000036,0.32499999999999996
0.0,1.0,0.818,0.9492957746478873,0.6726546906187625,0.7873831775700935,0.6250000000000002,0.12500000000000022,0.5
0.025,0.975,0.733,0.6551724137931034,0.9860279441117764,0.7872509960159363,0.3,0.2,0.475
0.125,0.875,0.82,0.9652173913043478,0.6646706586826348,0.7872340425531915,0.6500000000000004,0.15000000000000036,0.375
0.05,0.95,0.819,0.9597701149425287,0.6666666666666666,0.7868080094228505,0.6350000000000002,0.13500000000000023,0.45
0.4,0.6,0.819,0.9597701149425287,0.6666666666666666,0.7868080094228505,0.6950000000000003,0.19500000000000028,0.09999999999999998
0.025,0.975,0.818,0.9570200573065902,0.6666666666666666,0.7858823529411765,0.6300000000000003,0.13000000000000034,0.475
0.35000000000000003,0.6499999999999999,0.818,0.9596541786743515,0.6646706586826348,0.785377358490566,0.6900000000000004,0.1900000000000004,0.14999999999999997
0.0,1.0,0.729,0.6517150395778364,0.9860279441117764,0.7847498014297061,0.3,0.2,0.5
0.025,0.975,0.817,0.9568965517241379,0.6646706586826348,0.784452296819788,0.6350000000000002,0.13500000000000023,0.475
0.225,0.775,0.818,0.9650145772594753,0.6606786427145709,0.7843601895734598,0.6650000000000003,0.16500000000000026,0.275
0.25,0.75,0.818,0.9650145772594753,0.6606786427145709,0.7843601895734598,0.6700000000000004,0.17000000000000037,0.25
0.275,0.725,0.818,0.9650145772594753,0.6606786427145709,0.7843601895734598,0.6750000000000003,0.17500000000000027,0.22499999999999998
0.325,0.675,0.817,0.9595375722543352,0.6626746506986028,0.7839433293978748,0.6850000000000003,0.18500000000000028,0.175
0.30000000000000004,0.7,0.817,0.9622093023255814,0.6606786427145709,0.7834319526627219,0.6800000000000004,0.18000000000000038,0.19999999999999996
0.07500000000000001,0.925,0.817,0.9649122807017544,0.6586826347305389,0.7829181494661922,0.6450000000000002,0.14500000000000024,0.425
0.05,0.95,0.816,0.9594202898550724,0.6606786427145709,0.7825059101654847,0.6400000000000003,0.14000000000000035,0.45
0.0,1.0,0.815,0.9540229885057471,0.6626746506986028,0.7820965842167256,0.6350000000000002,0.13500000000000023,0.5
0.2,0.8,0.817,0.9704142011834319,0.654690618762475,0.7818831942789034,0.6650000000000003,0.16500000000000026,0.3
0.1,0.9,0.815,0.9647058823529412,0.654690618762475,0.7800237812128419,0.6500000000000004,0.15000000000000036,0.4
0.375,0.625,0.814,0.9591836734693877,0.656686626746507,0.7796208530805687,0.6950000000000003,0.19500000000000028,0.125
0.4,0.6,0.814,0.9591836734693877,0.656686626746507,0.7796208530805687,0.7000000000000004,0.2000000000000004,0.09999999999999998
0.17500000000000002,0.825,0.815,0.9702380952380952,0.6506986027944112,0.7789725209080047,0.6650000000000003,0.16500000000000026,0.32499999999999996
0.07500000000000001,0.925,0.814,0.9646017699115044,0.6526946107784432,0.7785714285714286,0.6500000000000004,0.15000000000000036,0.425
0.125,0.875,0.814,0.9646017699115044,0.6526946107784432,0.7785714285714286,0.6550000000000002,0.15500000000000025,0.375
0.05,0.95,0.813,0.9590643274853801,0.654690618762475,0.7781731909845789,0.6450000000000002,0.14500000000000024,0.45
0.275,0.725,0.813,0.9644970414201184,0.6506986027944112,0.7771156138259833,0.6800000000000004,0.18000000000000038,0.22499999999999998
0.025,0.975,0.812,0.9589442815249267,0.6526946107784432,0.7767220902612827,0.6400000000000003,0.14000000000000035,0.475
0.15000000000000002,0.85,0.813,0.9700598802395209,0.6467065868263473,0.7760479041916167,0.6600000000000004,0.16000000000000036,0.35
0.375,0.625,0.811,0.9588235294117647,0.6506986027944112,0.7752675386444708,0.7000000000000004,0.2000000000000004,0.125
0.25,0.75,0.812,0.96996996996997,0.6447105788423154,0.7745803357314148,0.6750000000000003,0.17500000000000027,0.25
0.05,0.95,0.811,0.9642857142857143,0.6467065868263473,0.7741935483870968,0.6500000000000004,0.15000000000000036,0.45
0.35000000000000003,0.6499999999999999,0.81,0.9587020648967551,0.6487025948103793,0.7738095238095238,0.6950000000000003,0.19500000000000028,0.14999999999999997
0.225,0.775,0.811,0.9698795180722891,0.6427145708582834,0.773109243697479,0.6700000000000004,0.17000000000000037,0.275
0.0,1.0,0.809,0.9558823529411765,0.6487025948103793,0.7728894173602854,0.6400000000000003,0.14000000000000035,0.5
0.30000000000000004,0.7,0.81,0.9641791044776119,0.6447105788423154,0.7727272727272727,0.6850000000000003,0.18500000000000028,0.19999999999999996
0.325,0.675,0.81,0.9641791044776119,0.6447105788423154,0.7727272727272727,0.6900000000000004,0.1900000000000004,0.175
0.025,0.975,0.809,0.9585798816568047,0.6467065868263473,0.7723480333730631,0.6450000000000002,0.14500000000000024,0.475
0.125,0.875,0.809,0.9696969696969697,0.6387225548902196,0.7701564380264742,0.6600000000000004,0.16000000000000036,0.375
0.0,1.0,0.807,0.9583333333333334,0.6427145708582834,0.7694145758661888,0.6450000000000002,0.14500000000000024,0.5
0.2,0.8,0.808,0.9696048632218845,0.6367265469061876,0.7686746987951807,0.6700000000000004,0.17000000000000037,0.3
0.07500000000000001,0.925,0.807,0.963855421686747,0.6387225548902196,0.7683073229291717,0.6550000000000002,0.15500000000000025,0.425
0.30000000000000004,0.7,0.807,0.963855421686747,0.6387225548902196,0.7683073229291717,0.6900000000000004,0.1900000000000004,0.19999999999999996
0.15000000000000002,0.85,0.808,0.9724770642201835,0.6347305389221557,0.7681159420289855,0.6650000000000003,0.16500000000000026,0.35
0.025,0.975,0.806,0.9582089552238806,0.6407185628742516,0.7679425837320574,0.6500000000000004,0.15000000000000036,0.475
0.1,0.9,0.807,0.9666666666666667,0.6367265469061876,0.7677496991576414,0.6550000000000002,0.15500000000000025,0.4
0.225,0.775,0.807,0.9723926380368099,0.6327345309381237,0.7666263603385731,0.6750000000000003,0.17500000000000027,0.275
0.05,0.95,0.805,0.9636363636363636,0.6347305389221557,0.7653429602888087,0.6550000000000002,0.15500000000000025,0.45
0.25,0.75,0.805,0.9722222222222222,0.6287425149700598,0.7636363636363637,0.6800000000000004,0.18000000000000038,0.25
0.225,0.775,0.805,0.9722222222222222,0.6287425149700598,0.7636363636363637,0.6800000000000004,0.18000000000000038,0.275
0.0,1.0,0.803,0.9606060606060606,0.6327345309381237,0.762936221419976,0.6500000000000004,0.15000000000000036,0.5
0.325,0.675,0.803,0.9634146341463414,0.6307385229540918,0.7623642943305187,0.6950000000000003,0.19500000000000028,0.175
0.35000000000000003,0.6499999999999999,0.803,0.9634146341463414,0.6307385229540918,0.7623642943305187,0.7000000000000004,0.2000000000000004,0.14999999999999997
0.17500000000000002,0.825,0.803,0.9691358024691358,0.626746506986028,0.7612121212121212,0.6700000000000004,0.17000000000000037,0.32499999999999996
0.275,0.725,0.803,0.9691358024691358,0.626746506986028,0.7612121212121212,0.6850000000000003,0.18500000000000028,0.22499999999999998
0.025,0.975,0.802,0.963302752293578,0.6287425149700598,0.7608695652173914,0.6550000000000002,0.15500000000000025,0.475
0.25,0.75,0.803,0.9720496894409938,0.624750499001996,0.7606318347509113,0.6850000000000003,0.18500000000000028,0.25
0.07500000000000001,0.925,0.802,0.9661538461538461,0.626746506986028,0.7602905569007264,0.6600000000000004,0.16000000000000036,0.425
0.1,0.9,0.802,0.9690402476780186,0.624750499001996,0.7597087378640777,0.6600000000000004,0.16000000000000036,0.4
0.2,0.8,0.802,0.9690402476780186,0.624750499001996,0.7597087378640777,0.6750000000000003,0.17500000000000027,0.3
0.05,0.95,0.801,0.968944099378882,0.6227544910179641,0.7582017010935601,0.6600000000000004,0.16000000000000036,0.45
0.0,1.0,0.799,0.9601226993865031,0.624750499001996,0.7569528415961306,0.6550000000000002,0.15500000000000025,0.5
0.025,0.975,0.8,0.9688473520249221,0.6207584830339321,0.7566909975669099,0.6600000000000004,0.16000000000000036,0.475
0.275,0.725,0.799,0.9716981132075472,0.6167664670658682,0.7545787545787546,0.6900000000000004,0.1900000000000004,0.22499999999999998
0.1,0.9,0.798,0.9686520376175548,0.6167664670658682,0.7536585365853659,0.6650000000000003,0.16500000000000026,0.4
0.225,0.775,0.798,0.9716088328075709,0.6147704590818364,0.7530562347188264,0.6850000000000003,0.18500000000000028,0.275
0.25,0.75,0.798,0.9716088328075709,0.6147704590818364,0.7530562347188264,0.6900000000000004,0.1900000000000004,0.25
0.30000000000000004,0.7,0.798,0.9716088328075709,0.6147704590818364,0.7530562347188264,0.6950000000000003,0.19500000000000028,0.19999999999999996
0.325,0.675,0.797,0.965625,0.6167664670658682,0.7527405602923264,0.7000000000000004,0.2000000000000004,0.175
0.125,0.875,0.797,0.9715189873417721,0.6127744510978044,0.7515299877600979,0.6650000000000003,0.16500000000000026,0.375
0.07500000000000001,0.925,0.796,0.9684542586750788,0.6127744510978044,0.7506112469437652,0.6650000000000003,0.16500000000000026,0.425
0.05,0.95,0.796,0.9684542586750788,0.6127744510978044,0.7506112469437652,0.6650000000000003,0.16500000000000026,0.45
0.025,0.975,0.796,0.9684542586750788,0.6127744510978044,0.7506112469437652,0.6650000000000003,0.16500000000000026,0.475
0.15000000000000002,0.85,0.796,0.9714285714285714,0.6107784431137725,0.75,0.6700000000000004,0.17000000000000037,0.35
0.17500000000000002,0.825,0.796,0.9714285714285714,0.6107784431137725,0.75,0.6750000000000003,0.17500000000000027,0.32499999999999996
0.275,0.725,0.796,0.9714285714285714,0.6107784431137725,0.75,0.6950000000000003,0.19500000000000028,0.22499999999999998
0.0,1.0,0.795,0.9654088050314465,0.6127744510978044,0.7496947496947497,0.6600000000000004,0.16000000000000036,0.5
0.2,0.8,0.794,0.9682539682539683,0.6087824351297405,0.7475490196078431,0.6800000000000004,0.18000000000000038,0.3
0.30000000000000004,0.7,0.794,0.9712460063897763,0.6067864271457086,0.7469287469287469,0.7000000000000004,0.2000000000000004,0.19999999999999996
0.275,0.725,0.793,0.9711538461538461,0.6047904191616766,0.7453874538745388,0.7000000000000004,0.2000000000000004,0.22499999999999998
0.1,0.9,0.792,0.9710610932475884,0.6027944111776448,0.7438423645320197,0.6700000000000004,0.17000000000000037,0.4
0.125,0.875,0.791,0.9709677419354839,0.6007984031936128,0.7422934648581998,0.6700000000000004,0.17000000000000037,0.375
0.25,0.75,0.791,0.9709677419354839,0.6007984031936128,0.7422934648581998,0.6950000000000003,0.19500000000000028,0.25
0.2,0.8,0.791,0.974025974025974,0.5988023952095808,0.7416563658838071,0.6850000000000003,0.18500000000000028,0.3
0.225,0.775,0.79,0.970873786407767,0.5988023952095808,0.7407407407407407,0.6900000000000004,0.1900000000000004,0.275
0.05,0.95,0.788,0.9676375404530745,0.5968063872255489,0.7382716049382716,0.6700000000000004,0.17000000000000037,0.45
0.15000000000000002,0.85,0.788,0.9706840390879479,0.5948103792415169,0.7376237623762376,0.6750000000000003,0.17500000000000027,0.35
0.125,0.875,0.788,0.9737704918032787,0.592814371257485,0.7369727047146402,0.6750000000000003,0.17500000000000027,0.375
0.225,0.775,0.788,0.976897689768977,0.590818363273453,0.736318407960199,0.6950000000000003,0.19500000000000028,0.275
0.07500000000000001,0.925,0.787,0.9705882352941176,0.592814371257485,0.7360594795539034,0.6700000000000004,0.17000000000000037,0.425
0.17500000000000002,0.825,0.787,0.9705882352941176,0.592814371257485,0.7360594795539034,0.6800000000000004,0.18000000000000038,0.32499999999999996
0.0,1.0,0.786,0.9644012944983819,0.5948103792415169,0.7358024691358025,0.6650000000000003,0.16500000000000026,0.5
0.15000000000000002,0.85,0.786,0.9735973597359736,0.5888223552894212,0.7338308457711443,0.6800000000000004,0.18000000000000038,0.35
0.025,0.975,0.785,0.9673202614379085,0.590818363273453,0.7335811648079306,0.6700000000000004,0.17000000000000037,0.475
0.25,0.75,0.785,0.9735099337748344,0.5868263473053892,0.7322540473225405,0.7000000000000004,0.2000000000000004,0.25
0.2,0.8,0.785,0.9766666666666667,0.5848303393213573,0.731585518102372,0.6900000000000004,0.1900000000000004,0.3
0.17500000000000002,0.825,0.783,0.9733333333333334,0.5828343313373253,0.7290886392009988,0.6850000000000003,0.18500000000000028,0.32499999999999996
0.17500000000000002,0.825,0.782,0.9764309764309764,0.5788423153692615,0.7268170426065163,0.6900000000000004,0.1900000000000004,0.32499999999999996
0.07500000000000001,0.925,0.781,0.97,0.5808383233532934,0.7265917602996255,0.6750000000000003,0.17500000000000027,0.425
0.1,0.9,0.781,0.9731543624161074,0.5788423153692615,0.7259073842302879,0.6750000000000003,0.17500000000000027,0.4
0.125,0.875,0.78,0.9730639730639731,0.5768463073852296,0.7243107769423559,0.6800000000000004,0.18000000000000038,0.375
0.15000000000000002,0.85,0.78,0.9730639730639731,0.5768463073852296,0.7243107769423559,0.6850000000000003,0.18500000000000028,0.35
0.2,0.8,0.78,0.976271186440678,0.5748502994011976,0.7236180904522613,0.6950000000000003,0.19500000000000028,0.3
0.0,1.0,0.778,0.9665551839464883,0.5768463073852296,0.7225,0.6700000000000004,0.17000000000000037,0.5
0.1,0.9,0.777,0.9727891156462585,0.5708582834331337,0.7194968553459119,0.6800000000000004,0.18000000000000038,0.4
0.225,0.775,0.777,0.976027397260274,0.5688622754491018,0.7187894073139974,0.7000000000000004,0.2000000000000004,0.275
0.15000000000000002,0.85,0.776,0.9726962457337884,0.5688622754491018,0.7178841309823678,0.6900000000000004,0.1900000000000004,0.35
0.05,0.95,0.775,0.9662162162162162,0.5708582834331337,0.7176913425345044,0.6750000000000003,0.17500000000000027,0.45
0.17500000000000002,0.825,0.776,0.9759450171821306,0.5668662674650699,0.7171717171717171,0.6950000000000003,0.19500000000000028,0.32499999999999996
0.2,0.8,0.776,0.9759450171821306,0.5668662674650699,0.7171717171717171,0.7000000000000004,0.2000000000000004,0.3
0.125,0.875,0.775,0.9726027397260274,0.5668662674650699,0.7162673392181589,0.6850000000000003,0.18500000000000028,0.375
0.07500000000000001,0.925,0.773,0.9691780821917808,0.564870259481038,0.7137452711223203,0.6800000000000004,0.18000000000000038,0.425
0.125,0.875,0.772,0.972318339100346,0.5608782435129741,0.7113924050632912,0.6900000000000004,0.1900000000000004,0.375
0.1,0.9,0.771,0.9722222222222222,0.5588822355289421,0.7097591888466414,0.6850000000000003,0.18500000000000028,0.4
0.17500000000000002,0.825,0.771,0.9755244755244755,0.5568862275449101,0.7090216010165185,0.7000000000000004,0.2000000000000004,0.32499999999999996
0.025,0.975,0.77,0.9688581314878892,0.5588822355289421,0.7088607594936709,0.6750000000000003,0.17500000000000027,0.475
0.15000000000000002,0.85,0.77,0.9754385964912281,0.5548902195608783,0.7073791348600509,0.6950000000000003,0.19500000000000028,0.35
0.1,0.9,0.769,0.9753521126760564,0.5528942115768463,0.7057324840764331,0.6900000000000004,0.1900000000000004,0.4
0.125,0.875,0.768,0.9719298245614035,0.5528942115768463,0.7048346055979644,0.6950000000000003,0.19500000000000028,0.375
0.0,1.0,0.767,0.9685314685314685,0.5528942115768463,0.7039390088945362,0.6750000000000003,0.17500000000000027,0.5
0.15000000000000002,0.85,0.767,0.975177304964539,0.5489021956087824,0.70242656449553,0.7000000000000004,0.2000000000000004,0.35
0.07500000000000001,0.925,0.766,0.9717314487632509,0.5489021956087824,0.701530612244898,0.6850000000000003,0.18500000000000028,0.425
0.05,0.95,0.764,0.9681978798586572,0.5469061876247505,0.6989795918367347,0.6800000000000004,0.18000000000000038,0.45
0.025,0.975,0.759,0.9676258992805755,0.5369261477045908,0.6906290115532734,0.6800000000000004,0.18000000000000038,0.475
0.0,1.0,0.759,0.9676258992805755,0.5369261477045908,0.6906290115532734,0.6800000000000004,0.18000000000000038,0.5
0.125,0.875,0.76,0.978021978021978,0.5329341317365269,0.689922480620155,0.7000000000000004,0.2000000000000004,0.375
0.05,0.95,0.759,0.9710144927536232,0.5349301397205589,0.6898326898326899,0.6850000000000003,0.18500000000000028,0.45
0.1,0.9,0.759,0.9744525547445255,0.5329341317365269,0.6890322580645162,0.6950000000000003,0.19500000000000028,0.4
0.07500000000000001,0.925,0.758,0.9743589743589743,0.530938123752495,0.6873385012919897,0.6900000000000004,0.1900000000000004,0.425
0.025,0.975,0.751,0.9666666666666667,0.5209580838323353,0.6770428015564203,0.6850000000000003,0.18500000000000028,0.475
0.05,0.95,0.75,0.9700374531835206,0.5169660678642715,0.6744791666666666,0.6900000000000004,0.1900000000000004,0.45
0.1,0.9,0.75,0.9735849056603774,0.5149700598802395,0.6736292428198434,0.7000000000000004,0.2000000000000004,0.4
0.0,1.0,0.749,0.9664179104477612,0.5169660678642715,0.6736020806241872,0.6850000000000003,0.18500000000000028,0.5
0.07500000000000001,0.925,0.749,0.9734848484848485,0.5129740518962076,0.6718954248366014,0.6950000000000003,0.19500000000000028,0.425
0.05,0.95,0.747,0.9696969696969697,0.5109780439121756,0.6692810457516339,0.6950000000000003,0.19500000000000028,0.45
0.025,0.975,0.746,0.9660377358490566,0.5109780439121756,0.6684073107049608,0.6900000000000004,0.1900000000000004,0.475
0.07500000000000001,0.925,0.742,0.9727626459143969,0.499001996007984,0.6596306068601583,0.7000000000000004,0.2000000000000004,0.425
0.025,0.975,0.738,0.9649805447470817,0.49500998003992014,0.6543535620052771,0.6950000000000003,0.19500000000000028,0.475
0.0,1.0,0.737,0.96484375,0.4930139720558882,0.6525759577278731,0.6900000000000004,0.1900000000000004,0.5
0.05,0.95,0.736,0.9683794466403162,0.48902195608782434,0.649867374005305,0.7000000000000004,0.2000000000000004,0.45
0.0,1.0,0.729,0.9637096774193549,0.47704590818363274,0.6381842456608812,0.6950000000000003,0.19500000000000028,0.5
0.025,0.975,0.727,0.9672131147540983,0.47105788423153694,0.6335570469798658,0.7000000000000004,0.2000000000000004,0.475
0.0,1.0,0.723,0.9666666666666667,0.4630738522954092,0.6261808367071525,0.7000000000000004,0.2000000000000004,0.5
